

Microchip MPLAB XC8 Assembler V3.00 build 20241204225717 
                                                                                               Fri Oct 17 14:46:08 2025

Microchip MPLAB XC8 C Compiler v3.00 (Free license) build 20241204225717 Og1 
     1                           	processor	18F4550
     2                           	fnconf	rparam,??,?,0
     3                           	pagewidth 120
     4                           	opt	flic
     5                           	psect	smallconst,global,reloc=2,class=SMALLCONST,space=0,delta=1,noexec
     6                           	psect	cinit,global,reloc=2,class=CODE,space=0,delta=1
     7                           	psect	bssCOMRAM,global,class=COMRAM,space=1,delta=1,lowdata,noexec
     8                           	psect	bssBANK0,global,class=BANK0,space=1,delta=1,lowdata,noexec
     9                           	psect	cstackCOMRAM,global,class=COMRAM,space=1,delta=1,lowdata,noexec
    10                           	psect	text0,global,reloc=2,class=CODE,space=0,delta=1
    11                           	psect	text1,global,reloc=2,class=CODE,space=0,delta=1,group=3
    12                           	psect	text2,global,reloc=2,class=CODE,space=0,delta=1,group=1
    13                           	psect	text3,global,reloc=2,class=CODE,space=0,delta=1,group=1
    14                           	psect	text4,global,reloc=2,class=CODE,space=0,delta=1,group=1
    15                           	psect	text5,global,reloc=2,class=CODE,space=0,delta=1,group=1
    16                           	psect	text6,global,reloc=2,class=CODE,space=0,delta=1,group=3
    17                           	psect	text7,global,reloc=2,class=CODE,space=0,delta=1,group=3
    18                           	psect	text8,global,reloc=2,class=CODE,space=0,delta=1,group=3
    19                           	psect	text9,global,reloc=2,class=CODE,space=0,delta=1,group=2
    20                           	psect	text10,global,reloc=2,class=CODE,space=0,delta=1,group=2
    21                           	psect	text11,global,reloc=2,class=CODE,space=0,delta=1,group=1
    22                           	psect	text12,global,reloc=2,class=CODE,space=0,delta=1
    23                           	psect	text13,global,reloc=2,class=CODE,space=0,delta=1
    24                           	psect	text14,global,reloc=2,class=CODE,space=0,delta=1
    25                           	psect	text15,global,reloc=2,class=CODE,space=0,delta=1
    26                           	psect	text16,global,reloc=2,class=CODE,space=0,delta=1
    27                           	psect	text17,global,reloc=2,class=CODE,space=0,delta=1
    28                           	psect	text18,global,reloc=2,class=CODE,space=0,delta=1
    29                           	psect	text19,global,reloc=2,class=CODE,space=0,delta=1
    30                           	psect	text20,global,reloc=2,class=CODE,space=0,delta=1
    31                           	psect	text21,global,reloc=2,class=CODE,space=0,delta=1
    32                           	psect	text22,global,reloc=2,class=CODE,space=0,delta=1
    33                           	psect	text23,global,reloc=2,class=CODE,space=0,delta=1
    34                           	psect	text24,global,reloc=2,class=CODE,space=0,delta=1
    35                           	psect	text25,global,reloc=2,class=CODE,space=0,delta=1
    36                           	psect	text26,global,reloc=2,class=CODE,space=0,delta=1
    37                           	psect	intsave_regs,global,class=BIGRAM,space=1,delta=1,noexec
    38                           	psect	rparam,global,class=COMRAM,space=1,delta=1,noexec
    39                           	psect	config,global,abs,ovrld,class=CONFIG,space=4,delta=1,noexec
    40   000000                     
    41                           ; Generated 17/01/2025 GMT
    42                           ; 
    43                           ; Copyright © 2025, Microchip Technology Inc. and its subsidiaries ("Microchip")
    44                           ; All rights reserved.
    45                           ; 
    46                           ; This software is developed by Microchip Technology Inc. and its subsidiaries ("Microch
      +                          ip").
    47                           ; 
    48                           ; Redistribution and use in source and binary forms, with or without modification, are
    49                           ; permitted provided that the following conditions are met:
    50                           ; 
    51                           ;     1. Redistributions of source code must retain the above copyright notice, this lis
      +                          t of
    52                           ;        conditions and the following disclaimer.
    53                           ; 
    54                           ;     2. Redistributions in binary form must reproduce the above copyright notice, this 
      +                          list
    55                           ;        of conditions and the following disclaimer in the documentation and/or other
    56                           ;        materials provided with the distribution. Publication is not required when
    57                           ;        this file is used in an embedded application.
    58                           ; 
    59                           ;     3. Microchip's name may not be used to endorse or promote products derived from th
      +                          is
    60                           ;        software without specific prior written permission.
    61                           ; 
    62                           ; THIS SOFTWARE IS PROVIDED BY MICROCHIP "AS IS" AND ANY EXPRESS OR IMPLIED WARRANTIES,
    63                           ; INCLUDING, BUT NOT LIMITED TO, THE IMPLIED WARRANTIES OF MERCHANTABILITY AND FITNESS F
      +                          OR
    64                           ; PURPOSE ARE DISCLAIMED.  IN NO EVENT SHALL MICROCHIP BE LIABLE FOR ANY DIRECT, INDIREC
      +                          T,
    65                           ; INCIDENTAL, SPECIAL, EXEMPLARY, OR CONSEQUENTIAL DAMAGES (INCLUDING BUT NOT LIMITED TO
    66                           ; PROCUREMENT OF SUBSTITUTE GOODS OR SERVICES; LOSS OF USE, DATA OR PROFITS; OR BUSINESS
    67                           ; INTERRUPTION) HOWSOEVER CAUSED AND ON ANY THEORY OF LIABILITY, WHETHER IN CONTRACT, ST
      +                          RICT
    68                           ; LIABILITY, OR TORT (INCLUDING NEGLIGENCE OR OTHERWISE) ARISING IN ANY WAY OUT OF THE U
      +                          SE OF
    69                           ; THIS SOFTWARE, EVEN IF ADVISED OF THE POSSIBILITY OF SUCH DAMAGE.
    70                           ; 
    71                           ; 
    72                           ; Code-generator required, PIC18F4550 Definitions
    73                           ; 
    74                           ; SFR Addresses
    75   000FE0                     bsr             equ	4064
    76   000FE9                     fsr0            equ	4073
    77   000FEA                     fsr0h           equ	4074
    78   000FE9                     fsr0l           equ	4073
    79   000FE1                     fsr1            equ	4065
    80   000FE2                     fsr1h           equ	4066
    81   000FE1                     fsr1l           equ	4065
    82   000FD9                     fsr2            equ	4057
    83   000FDA                     fsr2h           equ	4058
    84   000FD9                     fsr2l           equ	4057
    85   000FEF                     indf0           equ	4079
    86   000FE7                     indf1           equ	4071
    87   000FDF                     indf2           equ	4063
    88   000FF2                     intcon          equ	4082
    89   000000                     nvmcon          equ	0
    90   000FF9                     pcl             equ	4089
    91   000FFA                     pclath          equ	4090
    92   000FFB                     pclatu          equ	4091
    93   000FEB                     plusw0          equ	4075
    94   000FE3                     plusw1          equ	4067
    95   000FDB                     plusw2          equ	4059
    96   000FED                     postdec0        equ	4077
    97   000FE5                     postdec1        equ	4069
    98   000FDD                     postdec2        equ	4061
    99   000FEE                     postinc0        equ	4078
   100   000FE6                     postinc1        equ	4070
   101   000FDE                     postinc2        equ	4062
   102   000FEC                     preinc0         equ	4076
   103   000FE4                     preinc1         equ	4068
   104   000FDC                     preinc2         equ	4060
   105   000FF3                     prod            equ	4083
   106   000FF4                     prodh           equ	4084
   107   000FF3                     prodl           equ	4083
   108   000FD8                     status          equ	4056
   109   000FF5                     tablat          equ	4085
   110   000FF6                     tblptr          equ	4086
   111   000FF7                     tblptrh         equ	4087
   112   000FF6                     tblptrl         equ	4086
   113   000FF8                     tblptru         equ	4088
   114   000FFD                     tosl            equ	4093
   115   000FE8                     wreg            equ	4072
   116   000F62                     SPPDATA         equ	3938	;# 
   117   000F63                     SPPCFG          equ	3939	;# 
   118   000F64                     SPPEPS          equ	3940	;# 
   119   000F65                     SPPCON          equ	3941	;# 
   120   000F66                     UFRM            equ	3942	;# 
   121   000F66                     UFRML           equ	3942	;# 
   122   000F67                     UFRMH           equ	3943	;# 
   123   000F68                     UIR             equ	3944	;# 
   124   000F69                     UIE             equ	3945	;# 
   125   000F6A                     UEIR            equ	3946	;# 
   126   000F6B                     UEIE            equ	3947	;# 
   127   000F6C                     USTAT           equ	3948	;# 
   128   000F6D                     UCON            equ	3949	;# 
   129   000F6E                     UADDR           equ	3950	;# 
   130   000F6F                     UCFG            equ	3951	;# 
   131   000F70                     UEP0            equ	3952	;# 
   132   000F71                     UEP1            equ	3953	;# 
   133   000F72                     UEP2            equ	3954	;# 
   134   000F73                     UEP3            equ	3955	;# 
   135   000F74                     UEP4            equ	3956	;# 
   136   000F75                     UEP5            equ	3957	;# 
   137   000F76                     UEP6            equ	3958	;# 
   138   000F77                     UEP7            equ	3959	;# 
   139   000F78                     UEP8            equ	3960	;# 
   140   000F79                     UEP9            equ	3961	;# 
   141   000F7A                     UEP10           equ	3962	;# 
   142   000F7B                     UEP11           equ	3963	;# 
   143   000F7C                     UEP12           equ	3964	;# 
   144   000F7D                     UEP13           equ	3965	;# 
   145   000F7E                     UEP14           equ	3966	;# 
   146   000F7F                     UEP15           equ	3967	;# 
   147   000F80                     PORTA           equ	3968	;# 
   148   000F81                     PORTB           equ	3969	;# 
   149   000F82                     PORTC           equ	3970	;# 
   150   000F83                     PORTD           equ	3971	;# 
   151   000F84                     PORTE           equ	3972	;# 
   152   000F89                     LATA            equ	3977	;# 
   153   000F8A                     LATB            equ	3978	;# 
   154   000F8B                     LATC            equ	3979	;# 
   155   000F8C                     LATD            equ	3980	;# 
   156   000F8D                     LATE            equ	3981	;# 
   157   000F92                     TRISA           equ	3986	;# 
   158   000F92                     DDRA            equ	3986	;# 
   159   000F93                     TRISB           equ	3987	;# 
   160   000F93                     DDRB            equ	3987	;# 
   161   000F94                     TRISC           equ	3988	;# 
   162   000F94                     DDRC            equ	3988	;# 
   163   000F95                     TRISD           equ	3989	;# 
   164   000F95                     DDRD            equ	3989	;# 
   165   000F96                     TRISE           equ	3990	;# 
   166   000F96                     DDRE            equ	3990	;# 
   167   000F9B                     OSCTUNE         equ	3995	;# 
   168   000F9D                     PIE1            equ	3997	;# 
   169   000F9E                     PIR1            equ	3998	;# 
   170   000F9F                     IPR1            equ	3999	;# 
   171   000FA0                     PIE2            equ	4000	;# 
   172   000FA1                     PIR2            equ	4001	;# 
   173   000FA2                     IPR2            equ	4002	;# 
   174   000FA6                     EECON1          equ	4006	;# 
   175   000FA7                     EECON2          equ	4007	;# 
   176   000FA8                     EEDATA          equ	4008	;# 
   177   000FA9                     EEADR           equ	4009	;# 
   178   000FAB                     RCSTA           equ	4011	;# 
   179   000FAB                     RCSTA1          equ	4011	;# 
   180   000FAC                     TXSTA           equ	4012	;# 
   181   000FAC                     TXSTA1          equ	4012	;# 
   182   000FAD                     TXREG           equ	4013	;# 
   183   000FAD                     TXREG1          equ	4013	;# 
   184   000FAE                     RCREG           equ	4014	;# 
   185   000FAE                     RCREG1          equ	4014	;# 
   186   000FAF                     SPBRG           equ	4015	;# 
   187   000FAF                     SPBRG1          equ	4015	;# 
   188   000FB0                     SPBRGH          equ	4016	;# 
   189   000FB1                     T3CON           equ	4017	;# 
   190   000FB2                     TMR3            equ	4018	;# 
   191   000FB2                     TMR3L           equ	4018	;# 
   192   000FB3                     TMR3H           equ	4019	;# 
   193   000FB4                     CMCON           equ	4020	;# 
   194   000FB5                     CVRCON          equ	4021	;# 
   195   000FB6                     ECCP1AS         equ	4022	;# 
   196   000FB6                     CCP1AS          equ	4022	;# 
   197   000FB7                     ECCP1DEL        equ	4023	;# 
   198   000FB7                     CCP1DEL         equ	4023	;# 
   199   000FB8                     BAUDCON         equ	4024	;# 
   200   000FB8                     BAUDCTL         equ	4024	;# 
   201   000FBA                     CCP2CON         equ	4026	;# 
   202   000FBB                     CCPR2           equ	4027	;# 
   203   000FBB                     CCPR2L          equ	4027	;# 
   204   000FBC                     CCPR2H          equ	4028	;# 
   205   000FBD                     CCP1CON         equ	4029	;# 
   206   000FBD                     ECCP1CON        equ	4029	;# 
   207   000FBE                     CCPR1           equ	4030	;# 
   208   000FBE                     CCPR1L          equ	4030	;# 
   209   000FBF                     CCPR1H          equ	4031	;# 
   210   000FC0                     ADCON2          equ	4032	;# 
   211   000FC1                     ADCON1          equ	4033	;# 
   212   000FC2                     ADCON0          equ	4034	;# 
   213   000FC3                     ADRES           equ	4035	;# 
   214   000FC3                     ADRESL          equ	4035	;# 
   215   000FC4                     ADRESH          equ	4036	;# 
   216   000FC5                     SSPCON2         equ	4037	;# 
   217   000FC6                     SSPCON1         equ	4038	;# 
   218   000FC7                     SSPSTAT         equ	4039	;# 
   219   000FC8                     SSPADD          equ	4040	;# 
   220   000FC9                     SSPBUF          equ	4041	;# 
   221   000FCA                     T2CON           equ	4042	;# 
   222   000FCB                     PR2             equ	4043	;# 
   223   000FCB                     MEMCON          equ	4043	;# 
   224   000FCC                     TMR2            equ	4044	;# 
   225   000FCD                     T1CON           equ	4045	;# 
   226   000FCE                     TMR1            equ	4046	;# 
   227   000FCE                     TMR1L           equ	4046	;# 
   228   000FCF                     TMR1H           equ	4047	;# 
   229   000FD0                     RCON            equ	4048	;# 
   230   000FD1                     WDTCON          equ	4049	;# 
   231   000FD2                     HLVDCON         equ	4050	;# 
   232   000FD2                     LVDCON          equ	4050	;# 
   233   000FD3                     OSCCON          equ	4051	;# 
   234   000FD5                     T0CON           equ	4053	;# 
   235   000FD6                     TMR0            equ	4054	;# 
   236   000FD6                     TMR0L           equ	4054	;# 
   237   000FD7                     TMR0H           equ	4055	;# 
   238   000FD8                     STATUS          equ	4056	;# 
   239   000FD9                     FSR2            equ	4057	;# 
   240   000FD9                     FSR2L           equ	4057	;# 
   241   000FDA                     FSR2H           equ	4058	;# 
   242   000FDB                     PLUSW2          equ	4059	;# 
   243   000FDC                     PREINC2         equ	4060	;# 
   244   000FDD                     POSTDEC2        equ	4061	;# 
   245   000FDE                     POSTINC2        equ	4062	;# 
   246   000FDF                     INDF2           equ	4063	;# 
   247   000FE0                     BSR             equ	4064	;# 
   248   000FE1                     FSR1            equ	4065	;# 
   249   000FE1                     FSR1L           equ	4065	;# 
   250   000FE2                     FSR1H           equ	4066	;# 
   251   000FE3                     PLUSW1          equ	4067	;# 
   252   000FE4                     PREINC1         equ	4068	;# 
   253   000FE5                     POSTDEC1        equ	4069	;# 
   254   000FE6                     POSTINC1        equ	4070	;# 
   255   000FE7                     INDF1           equ	4071	;# 
   256   000FE8                     WREG            equ	4072	;# 
   257   000FE9                     FSR0            equ	4073	;# 
   258   000FE9                     FSR0L           equ	4073	;# 
   259   000FEA                     FSR0H           equ	4074	;# 
   260   000FEB                     PLUSW0          equ	4075	;# 
   261   000FEC                     PREINC0         equ	4076	;# 
   262   000FED                     POSTDEC0        equ	4077	;# 
   263   000FEE                     POSTINC0        equ	4078	;# 
   264   000FEF                     INDF0           equ	4079	;# 
   265   000FF0                     INTCON3         equ	4080	;# 
   266   000FF1                     INTCON2         equ	4081	;# 
   267   000FF2                     INTCON          equ	4082	;# 
   268   000FF3                     PROD            equ	4083	;# 
   269   000FF3                     PRODL           equ	4083	;# 
   270   000FF4                     PRODH           equ	4084	;# 
   271   000FF5                     TABLAT          equ	4085	;# 
   272   000FF6                     TBLPTR          equ	4086	;# 
   273   000FF6                     TBLPTRL         equ	4086	;# 
   274   000FF7                     TBLPTRH         equ	4087	;# 
   275   000FF8                     TBLPTRU         equ	4088	;# 
   276   000FF9                     PCLAT           equ	4089	;# 
   277   000FF9                     PC              equ	4089	;# 
   278   000FF9                     PCL             equ	4089	;# 
   279   000FFA                     PCLATH          equ	4090	;# 
   280   000FFB                     PCLATU          equ	4091	;# 
   281   000FFC                     STKPTR          equ	4092	;# 
   282   000FFD                     TOS             equ	4093	;# 
   283   000FFD                     TOSL            equ	4093	;# 
   284   000FFE                     TOSH            equ	4094	;# 
   285   000FFF                     TOSU            equ	4095	;# 
   286   000F8A                     _LATB           set	3978
   287   000F89                     _LATA           set	3977
   288   000F93                     _TRISB          set	3987
   289   000FB4                     _CMCON          set	4020
   290   000FC1                     _ADCON1         set	4033
   291   000FD3                     _OSCCON         set	4051
   292   000F92                     _TRISA          set	3986
   293   000F89                     _LATAbits       set	3977
   294   000F81                     _PORTBbits      set	3969
   295   000F8A                     _LATBbits       set	3978
   296   000F93                     _TRISBbits      set	3987
   297                           
   298                           	psect	smallconst
   299   000800                     __psmallconst:
   300                           	callstack 0
   301   000800  00                 	db	0
   302   000801                     STR_1:
   303   000801  53                 	db	83	;'S'
   304   000802  65                 	db	101	;'e'
   305   000803  6E                 	db	110	;'n'
   306   000804  73                 	db	115	;'s'
   307   000805  6F                 	db	111	;'o'
   308   000806  72                 	db	114	;'r'
   309   000807  20                 	db	32
   310   000808  50                 	db	80	;'P'
   311   000809  72                 	db	114	;'r'
   312   00080A  6F                 	db	111	;'o'
   313   00080B  78                 	db	120	;'x'
   314   00080C  69                 	db	105	;'i'
   315   00080D  6D                 	db	109	;'m'
   316   00080E  69                 	db	105	;'i'
   317   00080F  64                 	db	100	;'d'
   318   000810  61                 	db	97	;'a'
   319   000811  64                 	db	100	;'d'
   320   000812  00                 	db	0
   321   000813                     STR_3:
   322   000813  20                 	db	32
   323   000814  20                 	db	32
   324   000815  20                 	db	32
   325   000816  20                 	db	32
   326   000817  20                 	db	32
   327   000818  20                 	db	32
   328   000819  20                 	db	32
   329   00081A  20                 	db	32
   330   00081B  20                 	db	32
   331   00081C  20                 	db	32
   332   00081D  20                 	db	32
   333   00081E  20                 	db	32
   334   00081F  20                 	db	32
   335   000820  20                 	db	32
   336   000821  20                 	db	32
   337   000822  20                 	db	32
   338   000823  00                 	db	0
   339   000824                     STR_2:
   340   000824  44                 	db	68	;'D'
   341   000825  69                 	db	105	;'i'
   342   000826  73                 	db	115	;'s'
   343   000827  74                 	db	116	;'t'
   344   000828  3A                 	db	58	;':'
   345   000829  25                 	db	37
   346   00082A  33                 	db	51	;'3'
   347   00082B  75                 	db	117	;'u'
   348   00082C  00                 	db	0
   349   00082D  00                 	db	0	; dummy byte at the end
   350   000800                     __smallconst    set	__psmallconst
   351   000800                     __mediumconst   set	__psmallconst
   352   000002                     __activetblptr  equ	2
   353                           
   354                           ; #config settings
   355                           
   356                           	psect	cinit
   357   0011A4                     __pcinit:
   358                           	callstack 0
   359   0011A4                     start_initialization:
   360                           	callstack 0
   361   0011A4                     __initialization:
   362                           	callstack 0
   363                           
   364                           ; Clear objects allocated to BANK0 (32 bytes)
   365   0011A4  EE00  F060         	lfsr	0,__pbssBANK0
   366   0011A8  0E20               	movlw	32
   367   0011AA                     clear_0:
   368   0011AA  6AEE               	clrf	postinc0,c
   369   0011AC  06E8               	decf	wreg,f,c
   370   0011AE  E1FD               	bnz	clear_0
   371                           
   372                           ; Clear objects allocated to COMRAM (5 bytes)
   373   0011B0  6A50               	clrf	(__pbssCOMRAM+4)& (0+255),c
   374   0011B2  6A4F               	clrf	(__pbssCOMRAM+3)& (0+255),c
   375   0011B4  6A4E               	clrf	(__pbssCOMRAM+2)& (0+255),c
   376   0011B6  6A4D               	clrf	(__pbssCOMRAM+1)& (0+255),c
   377   0011B8  6A4C               	clrf	__pbssCOMRAM& (0+255),c
   378   0011BA                     end_of_initialization:
   379                           	callstack 0
   380   0011BA                     __end_of__initialization:
   381                           	callstack 0
   382   0011BA  0E00               	movlw	low (__Lmediumconst shr (0+16))
   383   0011BC  6EF8               	movwf	tblptru,c
   384   0011BE  0100               	movlb	0
   385   0011C0  EFA7  F006         	goto	_main	;jump to C main() function
   386                           
   387                           	psect	bssCOMRAM
   388   00004C                     __pbssCOMRAM:
   389                           	callstack 0
   390   00004C                     _width:
   391                           	callstack 0
   392   00004C                     	ds	2
   393   00004E                     _prec:
   394                           	callstack 0
   395   00004E                     	ds	2
   396   000050                     _flags:
   397                           	callstack 0
   398   000050                     	ds	1
   399                           
   400                           	psect	bssBANK0
   401   000060                     __pbssBANK0:
   402                           	callstack 0
   403   000060                     _dbuf:
   404                           	callstack 0
   405   000060                     	ds	32
   406                           
   407                           	psect	cstackCOMRAM
   408   000001                     __pcstackCOMRAM:
   409                           	callstack 0
   410   000001                     ?___lwdiv:
   411                           	callstack 0
   412   000001                     ?___lwmod:
   413                           	callstack 0
   414   000001                     ?_read_prec_or_width:
   415                           	callstack 0
   416   000001                     I2C_WriteBit@bit:
   417                           	callstack 0
   418   000001                     I2C_ReadBit@bit:
   419                           	callstack 0
   420   000001                     read_prec_or_width@fmt:
   421                           	callstack 0
   422   000001                     ___lwdiv@dividend:
   423                           	callstack 0
   424   000001                     ___lwmod@dividend:
   425                           	callstack 0
   426   000001                     fputc@c:
   427                           	callstack 0
   428   000001                     ??_LCD_Cmd:
   429   000001                     ??_LCD_WriteChar:
   430                           
   431                           ; 1 bytes @ 0x0
   432   000001                     	ds	1
   433   000002                     I2C_Write@data:
   434                           	callstack 0
   435   000002                     I2C_Read@ack:
   436                           	callstack 0
   437   000002                     read_prec_or_width@ap:
   438                           	callstack 0
   439   000002                     
   440                           ; 1 bytes @ 0x1
   441   000002                     	ds	1
   442   000003                     I2C_Read@data:
   443                           	callstack 0
   444   000003                     LCD_Cmd@cmd:
   445                           	callstack 0
   446   000003                     LCD_WriteChar@c:
   447                           	callstack 0
   448   000003                     fputc@fp:
   449                           	callstack 0
   450   000003                     I2C_Write@i:
   451                           	callstack 0
   452   000003                     ___lwdiv@divisor:
   453                           	callstack 0
   454   000003                     ___lwmod@divisor:
   455                           	callstack 0
   456   000003                     ??_read_prec_or_width:
   457                           
   458                           ; 1 bytes @ 0x2
   459   000003                     	ds	1
   460   000004                     LCD_SetCursor@col:
   461                           	callstack 0
   462   000004                     I2C_Read@i:
   463                           	callstack 0
   464   000004                     LCD_WriteString@str:
   465                           	callstack 0
   466   000004                     ??_fputc:
   467   000004                     ??_LCD_Init:
   468                           
   469                           ; 1 bytes @ 0x3
   470   000004                     	ds	1
   471   000005                     LCD_SetCursor@row:
   472                           	callstack 0
   473   000005                     ___lwmod@counter:
   474                           	callstack 0
   475   000005                     read_prec_or_width@c:
   476                           	callstack 0
   477   000005                     ___lwdiv@quotient:
   478                           	callstack 0
   479   000005                     
   480                           ; 1 bytes @ 0x4
   481   000005                     	ds	1
   482   000006                     Proximity_ReadValue@value:
   483                           	callstack 0
   484   000006                     _LCD_SetCursor$263:
   485                           	callstack 0
   486   000006                     read_prec_or_width@n:
   487                           	callstack 0
   488   000006                     
   489                           ; 1 bytes @ 0x5
   490   000006                     	ds	1
   491   000007                     ___lwdiv@counter:
   492                           	callstack 0
   493                           
   494                           ; 1 bytes @ 0x6
   495   000007                     	ds	1
   496   000008                     LCD_SetCursor@address:
   497                           	callstack 0
   498                           
   499                           ; 1 bytes @ 0x7
   500   000008                     	ds	1
   501   000009                     fputs@s:
   502                           	callstack 0
   503                           
   504                           ; 1 bytes @ 0x8
   505   000009                     	ds	1
   506   00000A                     fputs@fp:
   507                           	callstack 0
   508                           
   509                           ; 1 bytes @ 0x9
   510   00000A                     	ds	1
   511   00000B                     fputs@c:
   512                           	callstack 0
   513   00000B                     
   514                           ; 1 bytes @ 0xA
   515   00000B                     	ds	1
   516   00000C                     fputs@i:
   517                           	callstack 0
   518                           
   519                           ; 2 bytes @ 0xB
   520   00000C                     	ds	2
   521   00000E                     pad@fp:
   522                           	callstack 0
   523                           
   524                           ; 1 bytes @ 0xD
   525   00000E                     	ds	1
   526   00000F                     pad@buf:
   527                           	callstack 0
   528                           
   529                           ; 1 bytes @ 0xE
   530   00000F                     	ds	1
   531   000010                     pad@p:
   532                           	callstack 0
   533                           
   534                           ; 2 bytes @ 0xF
   535   000010                     	ds	2
   536   000012                     ??_pad:
   537                           
   538                           ; 1 bytes @ 0x11
   539   000012                     	ds	1
   540   000013                     pad@i:
   541                           	callstack 0
   542                           
   543                           ; 2 bytes @ 0x12
   544   000013                     	ds	2
   545   000015                     utoa@fp:
   546                           	callstack 0
   547                           
   548                           ; 1 bytes @ 0x14
   549   000015                     	ds	1
   550   000016                     utoa@d:
   551                           	callstack 0
   552                           
   553                           ; 2 bytes @ 0x15
   554   000016                     	ds	2
   555   000018                     utoa@w:
   556                           	callstack 0
   557   000018                     
   558                           ; 1 bytes @ 0x17
   559   000018                     	ds	2
   560   00001A                     utoa@p:
   561                           	callstack 0
   562                           
   563                           ; 1 bytes @ 0x19
   564   00001A                     	ds	1
   565   00001B                     utoa@i:
   566                           	callstack 0
   567                           
   568                           ; 2 bytes @ 0x1A
   569   00001B                     	ds	2
   570   00001D                     vfpfcnvrt@fp:
   571                           	callstack 0
   572                           
   573                           ; 1 bytes @ 0x1C
   574   00001D                     	ds	1
   575   00001E                     vfpfcnvrt@fmt:
   576                           	callstack 0
   577                           
   578                           ; 1 bytes @ 0x1D
   579   00001E                     	ds	1
   580   00001F                     vfpfcnvrt@ap:
   581                           	callstack 0
   582                           
   583                           ; 1 bytes @ 0x1E
   584   00001F                     	ds	1
   585   000020                     vfpfcnvrt@convarg:
   586                           	callstack 0
   587   000020                     
   588                           ; 1 bytes @ 0x1F
   589   000020                     	ds	4
   590   000024                     vfpfcnvrt@cp:
   591                           	callstack 0
   592                           
   593                           ; 1 bytes @ 0x23
   594   000024                     	ds	1
   595   000025                     ?_vfprintf:
   596                           	callstack 0
   597   000025                     vfprintf@fp:
   598                           	callstack 0
   599                           
   600                           ; 1 bytes @ 0x24
   601   000025                     	ds	1
   602   000026                     vfprintf@fmt:
   603                           	callstack 0
   604                           
   605                           ; 1 bytes @ 0x25
   606   000026                     	ds	1
   607   000027                     vfprintf@ap:
   608                           	callstack 0
   609                           
   610                           ; 1 bytes @ 0x26
   611   000027                     	ds	1
   612   000028                     vfprintf@cfmt:
   613                           	callstack 0
   614   000028                     
   615                           ; 1 bytes @ 0x27
   616   000028                     	ds	1
   617   000029                     ?_sprintf:
   618                           	callstack 0
   619   000029                     sprintf@s:
   620                           	callstack 0
   621                           
   622                           ; 1 bytes @ 0x28
   623   000029                     	ds	1
   624   00002A                     sprintf@fmt:
   625                           	callstack 0
   626                           
   627                           ; 1 bytes @ 0x29
   628   00002A                     	ds	3
   629   00002D                     sprintf@ap:
   630                           	callstack 0
   631   00002D                     
   632                           ; 1 bytes @ 0x2C
   633   00002D                     	ds	1
   634   00002E                     sprintf@f:
   635                           	callstack 0
   636                           
   637                           ; 11 bytes @ 0x2D
   638   00002E                     	ds	11
   639   000039                     ??_main:
   640                           
   641                           ; 1 bytes @ 0x38
   642   000039                     	ds	2
   643   00003B                     main@buffer:
   644                           	callstack 0
   645                           
   646                           ; 16 bytes @ 0x3A
   647   00003B                     	ds	16
   648   00004B                     main@valor:
   649                           	callstack 0
   650                           
   651                           ; 1 bytes @ 0x4A
   652   00004B                     	ds	1
   653                           
   654 ;;
   655 ;;Main: autosize = 0, tempsize = 2, incstack = 0, save=0
   656 ;;
   657 ;; *************** function _main *****************
   658 ;; Defined at:
   659 ;;		line 171 in file "SENSOR_IC2.c"
   660 ;; Parameters:    Size  Location     Type
   661 ;;		None
   662 ;; Auto vars:     Size  Location     Type
   663 ;;  buffer         16   58[COMRAM] unsigned char [16]
   664 ;;  valor           1   74[COMRAM] unsigned char 
   665 ;; Return value:  Size  Location     Type
   666 ;;                  1    wreg      void 
   667 ;; Registers used:
   668 ;;		wreg, fsr1l, fsr1h, fsr2l, fsr2h, status,2, status,0, tblptrl, tblptrh, tblptru, prodl, prodh, cstack
   669 ;; Tracked objects:
   670 ;;		On entry : 0/0
   671 ;;		On exit  : 0/0
   672 ;;		Unchanged: 0/0
   673 ;; Data sizes:     COMRAM   BANK0   BANK1   BANK2   BANK3   BANK4   BANK5   BANK6   BANK7
   674 ;;      Params:         0       0       0       0       0       0       0       0       0
   675 ;;      Locals:        17       0       0       0       0       0       0       0       0
   676 ;;      Temps:          2       0       0       0       0       0       0       0       0
   677 ;;      Totals:        19       0       0       0       0       0       0       0       0
   678 ;;Total ram usage:       19 bytes
   679 ;; Hardware stack levels required when called: 8
   680 ;; This function calls:
   681 ;;		_I2C_Init
   682 ;;		_LCD_Init
   683 ;;		_LCD_SetCursor
   684 ;;		_LCD_WriteString
   685 ;;		_Proximity_ReadValue
   686 ;;		_sprintf
   687 ;; This function is called by:
   688 ;;		Startup code after reset
   689 ;; This function uses a non-reentrant model
   690 ;;
   691                           
   692                           	psect	text0
   693   000D4E                     __ptext0:
   694                           	callstack 0
   695   000D4E                     _main:
   696                           	callstack 23
   697   000D4E                     
   698                           ;SENSOR_IC2.c: 172:     OSCCON = 0b01110000;
   699   000D4E  0E70               	movlw	112
   700   000D50  6ED3               	movwf	211,c	;volatile
   701                           
   702                           ;SENSOR_IC2.c: 173:     ADCON1 = 0x0F;
   703   000D52  0E0F               	movlw	15
   704   000D54  6EC1               	movwf	193,c	;volatile
   705                           
   706                           ;SENSOR_IC2.c: 174:     CMCON = 0x0F;
   707   000D56  0E0F               	movlw	15
   708   000D58  6EB4               	movwf	180,c	;volatile
   709   000D5A                     
   710                           ;SENSOR_IC2.c: 176:     TRISA = 0x00;
   711   000D5A  6A92               	clrf	146,c	;volatile
   712   000D5C                     
   713                           ;SENSOR_IC2.c: 177:     TRISB = 0X00;
   714   000D5C  6A93               	clrf	147,c	;volatile
   715   000D5E                     
   716                           ;SENSOR_IC2.c: 178:     LATA = 0x00;
   717   000D5E  6A89               	clrf	137,c	;volatile
   718   000D60                     
   719                           ;SENSOR_IC2.c: 179:     LATB = 0x00;
   720   000D60  6A8A               	clrf	138,c	;volatile
   721   000D62                     
   722                           ;SENSOR_IC2.c: 181:     LCD_Init();
   723   000D62  EC2B  F008         	call	_LCD_Init	;wreg free
   724   000D66                     
   725                           ;SENSOR_IC2.c: 182:     I2C_Init();
   726   000D66  EC23  F009         	call	_I2C_Init	;wreg free
   727   000D6A                     
   728                           ;SENSOR_IC2.c: 184:     LCD_SetCursor(1,1);
   729   000D6A  0E01               	movlw	1
   730   000D6C  6E04               	movwf	LCD_SetCursor@col^0,c
   731   000D6E  0E01               	movlw	1
   732   000D70  EC88  F008         	call	_LCD_SetCursor
   733   000D74                     
   734                           ;SENSOR_IC2.c: 185:     LCD_WriteString("Sensor Proximidad");
   735   000D74  0E01               	movlw	low STR_1
   736   000D76  6E04               	movwf	LCD_WriteString@str^0,c
   737   000D78  5004               	movf	LCD_WriteString@str^0,w,c
   738   000D7A  A4D8               	btfss	status,2,c
   739   000D7C  0E08               	movlw	high __smallconst
   740   000D7E  6E05               	movwf	(LCD_WriteString@str+1)^0,c
   741   000D80  ECD7  F007         	call	_LCD_WriteString	;wreg free
   742   000D84                     l1517:
   743                           
   744                           ;SENSOR_IC2.c: 188:         uint8_t valor = Proximity_ReadValue();
   745   000D84  ECBD  F008         	call	_Proximity_ReadValue	;wreg free
   746   000D88  6E4B               	movwf	main@valor^0,c
   747   000D8A                     
   748                           ;SENSOR_IC2.c: 189:         char buffer[16];;SENSOR_IC2.c: 190:         sprintf(buffer, 
      +                          "Dist:%3u", valor);
   749   000D8A  0E3B               	movlw	low main@buffer
   750   000D8C  6E29               	movwf	sprintf@s^0,c
   751   000D8E  0E24               	movlw	low STR_2
   752   000D90  6E2A               	movwf	sprintf@fmt^0,c
   753   000D92  C04B  F02B         	movff	main@valor,?_sprintf+2
   754   000D96  6A2C               	clrf	(?_sprintf+3)^0,c
   755   000D98  ECA3  F008         	call	_sprintf	;wreg free
   756   000D9C                     
   757                           ;SENSOR_IC2.c: 192:         LCD_SetCursor(2,1);
   758   000D9C  0E01               	movlw	1
   759   000D9E  6E04               	movwf	LCD_SetCursor@col^0,c
   760   000DA0  0E02               	movlw	2
   761   000DA2  EC88  F008         	call	_LCD_SetCursor
   762   000DA6                     
   763                           ;SENSOR_IC2.c: 193:         LCD_WriteString("                ");
   764   000DA6  0E13               	movlw	low STR_3
   765   000DA8  6E04               	movwf	LCD_WriteString@str^0,c
   766   000DAA  5004               	movf	LCD_WriteString@str^0,w,c
   767   000DAC  A4D8               	btfss	status,2,c
   768   000DAE  0E08               	movlw	high __smallconst
   769   000DB0  6E05               	movwf	(LCD_WriteString@str+1)^0,c
   770   000DB2  ECD7  F007         	call	_LCD_WriteString	;wreg free
   771   000DB6                     
   772                           ;SENSOR_IC2.c: 194:         LCD_SetCursor(2,1);
   773   000DB6  0E01               	movlw	1
   774   000DB8  6E04               	movwf	LCD_SetCursor@col^0,c
   775   000DBA  0E02               	movlw	2
   776   000DBC  EC88  F008         	call	_LCD_SetCursor
   777   000DC0                     
   778                           ;SENSOR_IC2.c: 195:         LCD_WriteString(buffer);
   779   000DC0  0E3B               	movlw	low main@buffer
   780   000DC2  6E04               	movwf	LCD_WriteString@str^0,c
   781   000DC4  6A05               	clrf	(LCD_WriteString@str+1)^0,c
   782   000DC6  ECD7  F007         	call	_LCD_WriteString	;wreg free
   783   000DCA                     
   784                           ;SENSOR_IC2.c: 197:         _delay((unsigned long)((500)*(8000000/4000.0)));
   785   000DCA  0E06               	movlw	6
   786   000DCC  6E3A               	movwf	(??_main+1)^0,c
   787   000DCE  0E13               	movlw	19
   788   000DD0  6E39               	movwf	??_main^0,c
   789   000DD2  0EAE               	movlw	174
   790   000DD4                     u777:
   791   000DD4  2EE8               	decfsz	wreg,f,c
   792   000DD6  D7FE               	bra	u777
   793   000DD8  2E39               	decfsz	??_main^0,f,c
   794   000DDA  D7FC               	bra	u777
   795   000DDC  2E3A               	decfsz	(??_main+1)^0,f,c
   796   000DDE  D7FA               	bra	u777
   797   000DE0  EFC2  F006         	goto	l1517
   798   000DE4  EFFE  F03F         	goto	start
   799   000DE8                     __end_of_main:
   800                           	callstack 0
   801                           
   802 ;; *************** function _sprintf *****************
   803 ;; Defined at:
   804 ;;		line 9 in file "C:\Program Files\Microchip\xc8\v3.00\pic\sources\c99\common\nf_sprintf.c"
   805 ;; Parameters:    Size  Location     Type
   806 ;;  s               1   40[COMRAM] PTR unsigned char 
   807 ;;		 -> main@buffer(16), 
   808 ;;  fmt             1   41[COMRAM] PTR const unsigned char 
   809 ;;		 -> STR_2(9), 
   810 ;; Auto vars:     Size  Location     Type
   811 ;;  f              11   45[COMRAM] struct _IO_FILE
   812 ;;  ret             2    0        int 
   813 ;;  ap              1   44[COMRAM] PTR void [1]
   814 ;;		 -> ?_sprintf(2), 
   815 ;; Return value:  Size  Location     Type
   816 ;;                  2   40[COMRAM] int 
   817 ;; Registers used:
   818 ;;		wreg, fsr1l, fsr1h, fsr2l, fsr2h, status,2, status,0, tblptrl, tblptrh, tblptru, prodl, prodh, cstack
   819 ;; Tracked objects:
   820 ;;		On entry : 0/0
   821 ;;		On exit  : 0/0
   822 ;;		Unchanged: 0/0
   823 ;; Data sizes:     COMRAM   BANK0   BANK1   BANK2   BANK3   BANK4   BANK5   BANK6   BANK7
   824 ;;      Params:         4       0       0       0       0       0       0       0       0
   825 ;;      Locals:        12       0       0       0       0       0       0       0       0
   826 ;;      Temps:          0       0       0       0       0       0       0       0       0
   827 ;;      Totals:        16       0       0       0       0       0       0       0       0
   828 ;;Total ram usage:       16 bytes
   829 ;; Hardware stack levels used: 1
   830 ;; Hardware stack levels required when called: 7
   831 ;; This function calls:
   832 ;;		_vfprintf
   833 ;; This function is called by:
   834 ;;		_main
   835 ;; This function uses a non-reentrant model
   836 ;;
   837                           
   838                           	psect	text1
   839   001146                     __ptext1:
   840                           	callstack 0
   841   001146                     _sprintf:
   842                           	callstack 23
   843   001146  0E2B               	movlw	low (?_sprintf+2)
   844   001148  6E2D               	movwf	sprintf@ap^0,c
   845   00114A  C029  F02E         	movff	sprintf@s,sprintf@f
   846   00114E  0E00               	movlw	0
   847   001150  6E31               	movwf	(sprintf@f+3)^0,c
   848   001152  0E00               	movlw	0
   849   001154  6E30               	movwf	(sprintf@f+2)^0,c
   850   001156  0E00               	movlw	0
   851   001158  6E38               	movwf	(sprintf@f+10)^0,c
   852   00115A  0E00               	movlw	0
   853   00115C  6E37               	movwf	(sprintf@f+9)^0,c
   854   00115E  0E2E               	movlw	low sprintf@f
   855   001160  6E25               	movwf	vfprintf@fp^0,c
   856   001162  C02A  F026         	movff	sprintf@fmt,vfprintf@fmt
   857   001166  0E2D               	movlw	low sprintf@ap
   858   001168  6E27               	movwf	vfprintf@ap^0,c
   859   00116A  EC4B  F008         	call	_vfprintf	;wreg free
   860   00116E  5029               	movf	sprintf@s^0,w,c
   861   001170  2430               	addwf	(sprintf@f+2)^0,w,c
   862   001172  6ED9               	movwf	fsr2l,c
   863   001174  6ADA               	clrf	fsr2h,c
   864   001176  6ADF               	clrf	indf2,c
   865   001178  0012               	return		;funcret
   866   00117A                     __end_of_sprintf:
   867                           	callstack 0
   868                           
   869 ;; *************** function _vfprintf *****************
   870 ;; Defined at:
   871 ;;		line 1817 in file "C:\Program Files\Microchip\xc8\v3.00\pic\sources\c99\common\doprnt.c"
   872 ;; Parameters:    Size  Location     Type
   873 ;;  fp              1   36[COMRAM] PTR struct _IO_FILE
   874 ;;		 -> sprintf@f(11), 
   875 ;;  fmt             1   37[COMRAM] PTR const unsigned char 
   876 ;;		 -> STR_2(9), 
   877 ;;  ap              1   38[COMRAM] PTR PTR void 
   878 ;;		 -> sprintf@ap(1), 
   879 ;; Auto vars:     Size  Location     Type
   880 ;;  cfmt            1   39[COMRAM] PTR unsigned char 
   881 ;;		 -> STR_2(9), 
   882 ;; Return value:  Size  Location     Type
   883 ;;                  2   36[COMRAM] int 
   884 ;; Registers used:
   885 ;;		wreg, fsr1l, fsr1h, fsr2l, fsr2h, status,2, status,0, tblptrl, tblptrh, tblptru, prodl, prodh, cstack
   886 ;; Tracked objects:
   887 ;;		On entry : 0/0
   888 ;;		On exit  : 0/0
   889 ;;		Unchanged: 0/0
   890 ;; Data sizes:     COMRAM   BANK0   BANK1   BANK2   BANK3   BANK4   BANK5   BANK6   BANK7
   891 ;;      Params:         3       0       0       0       0       0       0       0       0
   892 ;;      Locals:         1       0       0       0       0       0       0       0       0
   893 ;;      Temps:          0       0       0       0       0       0       0       0       0
   894 ;;      Totals:         4       0       0       0       0       0       0       0       0
   895 ;;Total ram usage:        4 bytes
   896 ;; Hardware stack levels used: 1
   897 ;; Hardware stack levels required when called: 6
   898 ;; This function calls:
   899 ;;		_vfpfcnvrt
   900 ;; This function is called by:
   901 ;;		_sprintf
   902 ;; This function uses a non-reentrant model
   903 ;;
   904                           
   905                           	psect	text2
   906   001096                     __ptext2:
   907                           	callstack 0
   908   001096                     _vfprintf:
   909                           	callstack 23
   910   001096                     
   911                           ;C:\Program Files\Microchip\xc8\v3.00\pic\sources\c99\common\doprnt.c: 1817: int vfprint
      +                          f(FILE *fp, const char *fmt, va_list ap);C:\Program Files\Microchip\xc8\v3.00\pic\source
      +                          s\c99\common\doprnt.c: 1818: {;C:\Program Files\Microchip\xc8\v3.00\pic\sources\c99\comm
      +                          on\doprnt.c: 1820:     char *cfmt;;C:\Program Files\Microchip\xc8\v3.00\pic\sources\c99\
      +                          common\doprnt.c: 1822:     cfmt = (char *)fmt;
   912   001096  C026  F028         	movff	vfprintf@fmt,vfprintf@cfmt
   913                           
   914                           ;C:\Program Files\Microchip\xc8\v3.00\pic\sources\c99\common\doprnt.c: 1826:     while (
      +                          *cfmt) {
   915   00109A  EF57  F008         	goto	l1445
   916   00109E                     l1443:
   917                           
   918                           ;C:\Program Files\Microchip\xc8\v3.00\pic\sources\c99\common\doprnt.c: 1830:    vfpfcnvr
      +                          t(fp, &cfmt, ap);
   919   00109E  C025  F01D         	movff	vfprintf@fp,vfpfcnvrt@fp
   920   0010A2  0E28               	movlw	low vfprintf@cfmt
   921   0010A4  6E1E               	movwf	vfpfcnvrt@fmt^0,c
   922   0010A6  C027  F01F         	movff	vfprintf@ap,vfpfcnvrt@ap
   923   0010AA  EC17  F004         	call	_vfpfcnvrt	;wreg free
   924   0010AE                     l1445:
   925                           
   926                           ;C:\Program Files\Microchip\xc8\v3.00\pic\sources\c99\common\doprnt.c: 1826:     while (
      +                          *cfmt) {
   927   0010AE  C028  FFF6         	movff	vfprintf@cfmt,tblptrl
   928   0010B2                     	if	1	;There is more than 1 active tblptr byte
   929   0010B2  0E08               	movlw	high __smallconst
   930   0010B4  6EF7               	movwf	tblptrh,c
   931   0010B6                     	endif
   932   0010B6                     	if	0	;tblptru may be non-zero
   933   0010B6                     	endif
   934   0010B6                     	if	0	;tblptru may be non-zero
   935   0010B6                     	endif
   936   0010B6  0008               	tblrd		*
   937   0010B8  50F5               	movf	tablat,w,c
   938   0010BA  0900               	iorlw	0
   939   0010BC  A4D8               	btfss	status,2,c
   940   0010BE  EF63  F008         	goto	u721
   941   0010C2  EF65  F008         	goto	u720
   942   0010C6                     u721:
   943   0010C6  EF4F  F008         	goto	l1443
   944   0010CA                     u720:
   945   0010CA                     
   946                           ;C:\Program Files\Microchip\xc8\v3.00\pic\sources\c99\common\doprnt.c: 1835:  return 0;
   947   0010CA  0E00               	movlw	0
   948   0010CC  6E26               	movwf	(?_vfprintf+1)^0,c
   949   0010CE  0E00               	movlw	0
   950   0010D0  6E25               	movwf	?_vfprintf^0,c
   951   0010D2  0012               	return		;funcret
   952   0010D4                     __end_of_vfprintf:
   953                           	callstack 0
   954                           
   955 ;; *************** function _vfpfcnvrt *****************
   956 ;; Defined at:
   957 ;;		line 1177 in file "C:\Program Files\Microchip\xc8\v3.00\pic\sources\c99\common\doprnt.c"
   958 ;; Parameters:    Size  Location     Type
   959 ;;  fp              1   28[COMRAM] PTR struct _IO_FILE
   960 ;;		 -> sprintf@f(11), 
   961 ;;  fmt             1   29[COMRAM] PTR PTR unsigned char 
   962 ;;		 -> vfprintf@cfmt(1), 
   963 ;;  ap              1   30[COMRAM] PTR PTR void 
   964 ;;		 -> sprintf@ap(1), 
   965 ;; Auto vars:     Size  Location     Type
   966 ;;  convarg         4   31[COMRAM] struct .
   967 ;;  cp              1   35[COMRAM] PTR unsigned char 
   968 ;;		 -> STR_2(9), 
   969 ;;  done            1    0        _Bool 
   970 ;;  c               1    0        unsigned char 
   971 ;; Return value:  Size  Location     Type
   972 ;;                  1    wreg      void 
   973 ;; Registers used:
   974 ;;		wreg, fsr1l, fsr1h, fsr2l, fsr2h, status,2, status,0, tblptrl, tblptrh, tblptru, prodl, prodh, cstack
   975 ;; Tracked objects:
   976 ;;		On entry : 0/0
   977 ;;		On exit  : 0/0
   978 ;;		Unchanged: 0/0
   979 ;; Data sizes:     COMRAM   BANK0   BANK1   BANK2   BANK3   BANK4   BANK5   BANK6   BANK7
   980 ;;      Params:         3       0       0       0       0       0       0       0       0
   981 ;;      Locals:         5       0       0       0       0       0       0       0       0
   982 ;;      Temps:          0       0       0       0       0       0       0       0       0
   983 ;;      Totals:         8       0       0       0       0       0       0       0       0
   984 ;;Total ram usage:        8 bytes
   985 ;; Hardware stack levels used: 1
   986 ;; Hardware stack levels required when called: 5
   987 ;; This function calls:
   988 ;;		_fputc
   989 ;;		_read_prec_or_width
   990 ;;		_utoa
   991 ;; This function is called by:
   992 ;;		_vfprintf
   993 ;; This function uses a non-reentrant model
   994 ;;
   995                           
   996                           	psect	text3
   997   00082E                     __ptext3:
   998                           	callstack 0
   999   00082E                     _vfpfcnvrt:
  1000                           	callstack 23
  1001   00082E                     
  1002                           ;C:\Program Files\Microchip\xc8\v3.00\pic\sources\c99\common\doprnt.c: 1177: vfpfcnvrt(F
      +                          ILE *fp, char *fmt[], va_list ap);C:\Program Files\Microchip\xc8\v3.00\pic\sources\c99\c
      +                          ommon\doprnt.c: 1178: {;C:\Program Files\Microchip\xc8\v3.00\pic\sources\c99\common\dopr
      +                          nt.c: 1179:     char c, *cp;;C:\Program Files\Microchip\xc8\v3.00\pic\sources\c99\common
      +                          \doprnt.c: 1180:     _Bool done;;C:\Program Files\Microchip\xc8\v3.00\pic\sources\c99\co
      +                          mmon\doprnt.c: 1188:  } convarg;;C:\Program Files\Microchip\xc8\v3.00\pic\sources\c99\co
      +                          mmon\doprnt.c: 1201:     if ((*fmt)[0] == '%') {
  1003   00082E  501E               	movf	vfpfcnvrt@fmt^0,w,c
  1004   000830  6ED9               	movwf	fsr2l,c
  1005   000832  6ADA               	clrf	fsr2h,c
  1006   000834  CFDF FFF6          	movff	indf2,tblptrl
  1007   000838                     	if	1	;There is more than 1 active tblptr byte
  1008   000838  0E08               	movlw	high __smallconst
  1009   00083A  6EF7               	movwf	tblptrh,c
  1010   00083C                     	endif
  1011   00083C                     	if	0	;tblptru may be non-zero
  1012   00083C                     	endif
  1013   00083C                     	if	0	;tblptru may be non-zero
  1014   00083C                     	endif
  1015   00083C  0008               	tblrd		*
  1016   00083E  50F5               	movf	tablat,w,c
  1017   000840  0A25               	xorlw	37
  1018   000842  A4D8               	btfss	status,2,c
  1019   000844  EF26  F004         	goto	u631
  1020   000848  EF28  F004         	goto	u630
  1021   00084C                     u631:
  1022   00084C  EF8C  F004         	goto	l1399
  1023   000850                     u630:
  1024   000850                     
  1025                           ;C:\Program Files\Microchip\xc8\v3.00\pic\sources\c99\common\doprnt.c: 1202:         ++*
      +                          fmt;
  1026   000850  501E               	movf	vfpfcnvrt@fmt^0,w,c
  1027   000852  6ED9               	movwf	fsr2l,c
  1028   000854  6ADA               	clrf	fsr2h,c
  1029   000856  2ADF               	incf	indf2,f,c
  1030   000858                     
  1031                           ;C:\Program Files\Microchip\xc8\v3.00\pic\sources\c99\common\doprnt.c: 1204:         fla
      +                          gs = width = 0;
  1032   000858  0E00               	movlw	0
  1033   00085A  6E4D               	movwf	(_width+1)^0,c
  1034   00085C  0E00               	movlw	0
  1035   00085E  6E4C               	movwf	_width^0,c
  1036   000860  C04C  F050         	movff	_width,_flags
  1037   000864                     
  1038                           ;C:\Program Files\Microchip\xc8\v3.00\pic\sources\c99\common\doprnt.c: 1205:         pre
      +                          c = -1;
  1039   000864  684E               	setf	_prec^0,c
  1040   000866  684F               	setf	(_prec+1)^0,c
  1041   000868                     
  1042                           ;C:\Program Files\Microchip\xc8\v3.00\pic\sources\c99\common\doprnt.c: 1256:   width = r
      +                          ead_prec_or_width(fmt, ap);
  1043   000868  C01E  F001         	movff	vfpfcnvrt@fmt,read_prec_or_width@fmt
  1044   00086C  C01F  F002         	movff	vfpfcnvrt@ap,read_prec_or_width@ap
  1045   000870  EC55  F006         	call	_read_prec_or_width	;wreg free
  1046   000874  C001  F04C         	movff	?_read_prec_or_width,_width
  1047   000878  C002  F04D         	movff	?_read_prec_or_width+1,_width+1
  1048   00087C                     
  1049                           ;C:\Program Files\Microchip\xc8\v3.00\pic\sources\c99\common\doprnt.c: 1257:   if (width
      +                           < 0) {
  1050   00087C  BE4D               	btfsc	(_width+1)^0,7,c
  1051   00087E  EF45  F004         	goto	u640
  1052   000882  EF43  F004         	goto	u641
  1053   000886                     u641:
  1054   000886  EF4A  F004         	goto	l1379
  1055   00088A                     u640:
  1056   00088A                     
  1057                           ;C:\Program Files\Microchip\xc8\v3.00\pic\sources\c99\common\doprnt.c: 1258:    flags |=
      +                           (1 << 0);
  1058   00088A  8050               	bsf	_flags^0,0,c
  1059                           
  1060                           ;C:\Program Files\Microchip\xc8\v3.00\pic\sources\c99\common\doprnt.c: 1259:    width = 
      +                          -width;
  1061   00088C  6C4C               	negf	_width^0,c
  1062   00088E  1E4D               	comf	(_width+1)^0,f,c
  1063   000890  B0D8               	btfsc	status,0,c
  1064   000892  2A4D               	incf	(_width+1)^0,f,c
  1065   000894                     l1379:
  1066                           
  1067                           ;C:\Program Files\Microchip\xc8\v3.00\pic\sources\c99\common\doprnt.c: 1439:   if (0
  1068   000894  501E               	movf	vfpfcnvrt@fmt^0,w,c
  1069   000896  6ED9               	movwf	fsr2l,c
  1070   000898  6ADA               	clrf	fsr2h,c
  1071   00089A  50DF               	movf	indf2,w,c
  1072   00089C  6E24               	movwf	vfpfcnvrt@cp^0,c
  1073   00089E  C024  FFF6         	movff	vfpfcnvrt@cp,tblptrl
  1074   0008A2                     	if	1	;There is more than 1 active tblptr byte
  1075   0008A2  0E08               	movlw	high __smallconst
  1076   0008A4  6EF7               	movwf	tblptrh,c
  1077   0008A6                     	endif
  1078   0008A6                     	if	0	;tblptru may be non-zero
  1079   0008A6                     	endif
  1080   0008A6                     	if	0	;tblptru may be non-zero
  1081   0008A6                     	endif
  1082   0008A6  0008               	tblrd		*
  1083   0008A8  50F5               	movf	tablat,w,c
  1084   0008AA  0A75               	xorlw	117
  1085   0008AC  A4D8               	btfss	status,2,c
  1086   0008AE  EF5B  F004         	goto	u651
  1087   0008B2  EF5D  F004         	goto	u650
  1088   0008B6                     u651:
  1089   0008B6  EF86  F004         	goto	l1395
  1090   0008BA                     u650:
  1091   0008BA                     
  1092                           ;C:\Program Files\Microchip\xc8\v3.00\pic\sources\c99\common\doprnt.c: 1452:     ) {;C:\
      +                          Program Files\Microchip\xc8\v3.00\pic\sources\c99\common\doprnt.c: 1495:    convarg.uint
      +                           = (vfpf_uint_t)(unsigned int)(*(unsigned int *)__va_arg(*(unsigned int **)ap, (unsigned
      +                           int)0));
  1093   0008BA  501F               	movf	vfpfcnvrt@ap^0,w,c
  1094   0008BC  6ED9               	movwf	fsr2l,c
  1095   0008BE  6ADA               	clrf	fsr2h,c
  1096   0008C0  0E02               	movlw	2
  1097   0008C2  26DF               	addwf	indf2,f,c
  1098   0008C4  5CDF               	subwf	indf2,w,c
  1099   0008C6  6ED9               	movwf	fsr2l,c
  1100   0008C8  6ADA               	clrf	fsr2h,c
  1101   0008CA  CFDE F020          	movff	postinc2,vfpfcnvrt@convarg
  1102   0008CE  CFDE F021          	movff	postinc2,vfpfcnvrt@convarg+1
  1103   0008D2                     
  1104                           ;C:\Program Files\Microchip\xc8\v3.00\pic\sources\c99\common\doprnt.c: 1497:    *fmt = c
      +                          p+1;
  1105   0008D2  501E               	movf	vfpfcnvrt@fmt^0,w,c
  1106   0008D4  6ED9               	movwf	fsr2l,c
  1107   0008D6  6ADA               	clrf	fsr2h,c
  1108   0008D8  2824               	incf	vfpfcnvrt@cp^0,w,c
  1109   0008DA  6EDF               	movwf	indf2,c
  1110                           
  1111                           ;C:\Program Files\Microchip\xc8\v3.00\pic\sources\c99\common\doprnt.c: 1498:    switch (
      +                          *cp) {
  1112   0008DC  EF7A  F004         	goto	l1393
  1113   0008E0                     l1387:
  1114                           
  1115                           ;C:\Program Files\Microchip\xc8\v3.00\pic\sources\c99\common\doprnt.c: 1542:      return
      +                           (void) utoa(fp, convarg.uint);;	Return value of _vfpfcnvrt is never used
  1116   0008E0  C01D  F015         	movff	vfpfcnvrt@fp,utoa@fp
  1117   0008E4  C020  F016         	movff	vfpfcnvrt@convarg,utoa@d
  1118   0008E8  C021  F017         	movff	vfpfcnvrt@convarg+1,utoa@d+1
  1119   0008EC  ECA6  F005         	call	_utoa	;wreg free
  1120   0008F0  EF9D  F004         	goto	l821
  1121   0008F4                     l1393:
  1122   0008F4  C024  FFF6         	movff	vfpfcnvrt@cp,tblptrl
  1123   0008F8                     	if	1	;There is more than 1 active tblptr byte
  1124   0008F8  0E08               	movlw	high __smallconst
  1125   0008FA  6EF7               	movwf	tblptrh,c
  1126   0008FC                     	endif
  1127   0008FC                     	if	0	;tblptru may be non-zero
  1128   0008FC                     	endif
  1129   0008FC                     	if	0	;tblptru may be non-zero
  1130   0008FC                     	endif
  1131   0008FC  0008               	tblrd		*
  1132   0008FE  50F5               	movf	tablat,w,c
  1133                           
  1134                           ; Switch size 1, requested type "simple"
  1135                           ; Number of cases is 1, Range of values is 117 to 117
  1136                           ; switch strategies available:
  1137                           ; Name         Instructions Cycles
  1138                           ; simple_byte            4     3 (average)
  1139                           ;	Chosen strategy is simple_byte
  1140   000900  0A75               	xorlw	117	; case 117
  1141   000902  B4D8               	btfsc	status,2,c
  1142   000904  EF70  F004         	goto	l1387
  1143   000908  EF86  F004         	goto	l1395
  1144   00090C                     l1395:
  1145                           
  1146                           ;C:\Program Files\Microchip\xc8\v3.00\pic\sources\c99\common\doprnt.c: 1806:         ++*
      +                          fmt;
  1147   00090C  501E               	movf	vfpfcnvrt@fmt^0,w,c
  1148   00090E  6ED9               	movwf	fsr2l,c
  1149   000910  6ADA               	clrf	fsr2h,c
  1150   000912  2ADF               	incf	indf2,f,c
  1151   000914  EF9D  F004         	goto	l821
  1152   000918                     l1399:
  1153                           
  1154                           ;C:\Program Files\Microchip\xc8\v3.00\pic\sources\c99\common\doprnt.c: 1811:     fputc((
      +                          int)(*fmt)[0], fp);
  1155   000918  501E               	movf	vfpfcnvrt@fmt^0,w,c
  1156   00091A  6ED9               	movwf	fsr2l,c
  1157   00091C  6ADA               	clrf	fsr2h,c
  1158   00091E  CFDF FFF6          	movff	indf2,tblptrl
  1159   000922                     	if	1	;There is more than 1 active tblptr byte
  1160   000922  0E08               	movlw	high __smallconst
  1161   000924  6EF7               	movwf	tblptrh,c
  1162   000926                     	endif
  1163   000926                     	if	0	;tblptru may be non-zero
  1164   000926                     	endif
  1165   000926                     	if	0	;tblptru may be non-zero
  1166   000926                     	endif
  1167   000926  0008               	tblrd		*
  1168   000928  50F5               	movf	tablat,w,c
  1169   00092A  6E01               	movwf	fputc@c^0,c
  1170   00092C  6A02               	clrf	(fputc@c+1)^0,c
  1171   00092E  C01D  F003         	movff	vfpfcnvrt@fp,fputc@fp
  1172   000932  EC00  F006         	call	_fputc	;wreg free
  1173   000936  EF86  F004         	goto	l1395
  1174   00093A                     l821:
  1175   00093A  0012               	return		;funcret
  1176   00093C                     __end_of_vfpfcnvrt:
  1177                           	callstack 0
  1178                           
  1179 ;; *************** function _utoa *****************
  1180 ;; Defined at:
  1181 ;;		line 1001 in file "C:\Program Files\Microchip\xc8\v3.00\pic\sources\c99\common\doprnt.c"
  1182 ;; Parameters:    Size  Location     Type
  1183 ;;  fp              1   20[COMRAM] PTR struct _IO_FILE
  1184 ;;		 -> sprintf@f(11), 
  1185 ;;  d               2   21[COMRAM] unsigned int 
  1186 ;; Auto vars:     Size  Location     Type
  1187 ;;  i               2   26[COMRAM] int 
  1188 ;;  w               2   23[COMRAM] int 
  1189 ;;  p               1   25[COMRAM] _Bool 
  1190 ;; Return value:  Size  Location     Type
  1191 ;;                  1    wreg      void 
  1192 ;; Registers used:
  1193 ;;		wreg, fsr1l, fsr1h, fsr2l, fsr2h, status,2, status,0, cstack
  1194 ;; Tracked objects:
  1195 ;;		On entry : 0/0
  1196 ;;		On exit  : 0/0
  1197 ;;		Unchanged: 0/0
  1198 ;; Data sizes:     COMRAM   BANK0   BANK1   BANK2   BANK3   BANK4   BANK5   BANK6   BANK7
  1199 ;;      Params:         3       0       0       0       0       0       0       0       0
  1200 ;;      Locals:         5       0       0       0       0       0       0       0       0
  1201 ;;      Temps:          0       0       0       0       0       0       0       0       0
  1202 ;;      Totals:         8       0       0       0       0       0       0       0       0
  1203 ;;Total ram usage:        8 bytes
  1204 ;; Hardware stack levels used: 1
  1205 ;; Hardware stack levels required when called: 4
  1206 ;; This function calls:
  1207 ;;		___lwdiv
  1208 ;;		___lwmod
  1209 ;;		_pad
  1210 ;; This function is called by:
  1211 ;;		_vfpfcnvrt
  1212 ;; This function uses a non-reentrant model
  1213 ;;
  1214                           
  1215                           	psect	text4
  1216   000B4C                     __ptext4:
  1217                           	callstack 0
  1218   000B4C                     _utoa:
  1219                           	callstack 23
  1220   000B4C                     
  1221                           ;C:\Program Files\Microchip\xc8\v3.00\pic\sources\c99\common\doprnt.c: 1001: static void
      +                           utoa(FILE *fp, vfpf_uint_t d);C:\Program Files\Microchip\xc8\v3.00\pic\sources\c99\comm
      +                          on\doprnt.c: 1002: {;C:\Program Files\Microchip\xc8\v3.00\pic\sources\c99\common\doprnt.
      +                          c: 1003:     int i, w;;C:\Program Files\Microchip\xc8\v3.00\pic\sources\c99\common\doprn
      +                          t.c: 1007:  _Bool p = 1;
  1222   000B4C  0E01               	movlw	1
  1223   000B4E  6E1A               	movwf	utoa@p^0,c
  1224   000B50                     
  1225                           ;C:\Program Files\Microchip\xc8\v3.00\pic\sources\c99\common\doprnt.c: 1019:     w = wid
      +                          th;
  1226   000B50  C04C  F018         	movff	_width,utoa@w
  1227   000B54  C04D  F019         	movff	_width+1,utoa@w+1
  1228                           
  1229                           ;C:\Program Files\Microchip\xc8\v3.00\pic\sources\c99\common\doprnt.c: 1022:     i = siz
      +                          eof(dbuf) - 1;
  1230   000B58  0E00               	movlw	0
  1231   000B5A  6E1C               	movwf	(utoa@i+1)^0,c
  1232   000B5C  0E1F               	movlw	31
  1233   000B5E  6E1B               	movwf	utoa@i^0,c
  1234   000B60                     
  1235                           ;C:\Program Files\Microchip\xc8\v3.00\pic\sources\c99\common\doprnt.c: 1023:     dbuf[i]
      +                           = '\0';
  1236   000B60  0100               	movlb	0	; () banked
  1237   000B62  6B7F               	clrf	(_dbuf+31)& (0+255),b
  1238                           
  1239                           ;C:\Program Files\Microchip\xc8\v3.00\pic\sources\c99\common\doprnt.c: 1024:     while (
      +                          i && (d != 0
  1240   000B64  EFDA  F005         	goto	l1335
  1241   000B68                     l1325:
  1242                           
  1243                           ;C:\Program Files\Microchip\xc8\v3.00\pic\sources\c99\common\doprnt.c: 1033:     )) {;C:
      +                          \Program Files\Microchip\xc8\v3.00\pic\sources\c99\common\doprnt.c: 1034:         --i;
  1244   000B68  061B               	decf	utoa@i^0,f,c
  1245   000B6A  A0D8               	btfss	status,0,c
  1246   000B6C  061C               	decf	(utoa@i+1)^0,f,c
  1247   000B6E                     
  1248                           ;C:\Program Files\Microchip\xc8\v3.00\pic\sources\c99\common\doprnt.c: 1035:         dbu
      +                          f[i] = '0' + (d % 10);
  1249   000B6E  501B               	movf	utoa@i^0,w,c
  1250   000B70  0F60               	addlw	low _dbuf
  1251   000B72  6ED9               	movwf	fsr2l,c
  1252   000B74  6ADA               	clrf	fsr2h,c
  1253   000B76  C016  F001         	movff	utoa@d,___lwmod@dividend
  1254   000B7A  C017  F002         	movff	utoa@d+1,___lwmod@dividend+1
  1255   000B7E  0E00               	movlw	0
  1256   000B80  6E04               	movwf	(___lwmod@divisor+1)^0,c
  1257   000B82  0E0A               	movlw	10
  1258   000B84  6E03               	movwf	___lwmod@divisor^0,c
  1259   000B86  EC73  F007         	call	___lwmod	;wreg free
  1260   000B8A  5001               	movf	?___lwmod^0,w,c
  1261   000B8C  0F30               	addlw	48
  1262   000B8E  6EDF               	movwf	indf2,c
  1263   000B90                     
  1264                           ;C:\Program Files\Microchip\xc8\v3.00\pic\sources\c99\common\doprnt.c: 1039:   p = 0;
  1265   000B90  6A1A               	clrf	utoa@p^0,c
  1266   000B92                     
  1267                           ;C:\Program Files\Microchip\xc8\v3.00\pic\sources\c99\common\doprnt.c: 1041:         --w
      +                          ;
  1268   000B92  0618               	decf	utoa@w^0,f,c
  1269   000B94  A0D8               	btfss	status,0,c
  1270   000B96  0619               	decf	(utoa@w+1)^0,f,c
  1271   000B98                     
  1272                           ;C:\Program Files\Microchip\xc8\v3.00\pic\sources\c99\common\doprnt.c: 1042:         d =
      +                           d / 10;
  1273   000B98  C016  F001         	movff	utoa@d,___lwdiv@dividend
  1274   000B9C  C017  F002         	movff	utoa@d+1,___lwdiv@dividend+1
  1275   000BA0  0E00               	movlw	0
  1276   000BA2  6E04               	movwf	(___lwdiv@divisor+1)^0,c
  1277   000BA4  0E0A               	movlw	10
  1278   000BA6  6E03               	movwf	___lwdiv@divisor^0,c
  1279   000BA8  EC39  F007         	call	___lwdiv	;wreg free
  1280   000BAC  C001  F016         	movff	?___lwdiv,utoa@d
  1281   000BB0  C002  F017         	movff	?___lwdiv+1,utoa@d+1
  1282   000BB4                     l1335:
  1283                           
  1284                           ;C:\Program Files\Microchip\xc8\v3.00\pic\sources\c99\common\doprnt.c: 1024:     while (
      +                          i && (d != 0
  1285   000BB4  501B               	movf	utoa@i^0,w,c
  1286   000BB6  101C               	iorwf	(utoa@i+1)^0,w,c
  1287   000BB8  B4D8               	btfsc	status,2,c
  1288   000BBA  EFE1  F005         	goto	u581
  1289   000BBE  EFE3  F005         	goto	u580
  1290   000BC2                     u581:
  1291   000BC2  EFF4  F005         	goto	l1341
  1292   000BC6                     u580:
  1293   000BC6  5016               	movf	utoa@d^0,w,c
  1294   000BC8  1017               	iorwf	(utoa@d+1)^0,w,c
  1295   000BCA  A4D8               	btfss	status,2,c
  1296   000BCC  EFEA  F005         	goto	u591
  1297   000BD0  EFEC  F005         	goto	u590
  1298   000BD4                     u591:
  1299   000BD4  EFB4  F005         	goto	l1325
  1300   000BD8                     u590:
  1301   000BD8  501A               	movf	utoa@p^0,w,c
  1302   000BDA  A4D8               	btfss	status,2,c
  1303   000BDC  EFF2  F005         	goto	u601
  1304   000BE0  EFF4  F005         	goto	u600
  1305   000BE4                     u601:
  1306   000BE4  EFB4  F005         	goto	l1325
  1307   000BE8                     u600:
  1308   000BE8                     l1341:
  1309                           
  1310                           ;C:\Program Files\Microchip\xc8\v3.00\pic\sources\c99\common\doprnt.c: 1046:     return 
      +                          (void) pad(fp, &dbuf[i], w);
  1311   000BE8  C015  F00E         	movff	utoa@fp,pad@fp
  1312   000BEC  501B               	movf	utoa@i^0,w,c
  1313   000BEE  0F60               	addlw	low _dbuf
  1314   000BF0  6E0F               	movwf	pad@buf^0,c
  1315   000BF2  C018  F010         	movff	utoa@w,pad@p
  1316   000BF6  C019  F011         	movff	utoa@w+1,pad@p+1
  1317   000BFA  ECF4  F006         	call	_pad	;wreg free
  1318   000BFE  0012               	return		;funcret
  1319   000C00                     __end_of_utoa:
  1320                           	callstack 0
  1321                           
  1322 ;; *************** function _pad *****************
  1323 ;; Defined at:
  1324 ;;		line 193 in file "C:\Program Files\Microchip\xc8\v3.00\pic\sources\c99\common\doprnt.c"
  1325 ;; Parameters:    Size  Location     Type
  1326 ;;  fp              1   13[COMRAM] PTR struct _IO_FILE
  1327 ;;		 -> sprintf@f(11), 
  1328 ;;  buf             1   14[COMRAM] PTR unsigned char 
  1329 ;;		 -> dbuf(32), 
  1330 ;;  p               2   15[COMRAM] int 
  1331 ;; Auto vars:     Size  Location     Type
  1332 ;;  i               2   18[COMRAM] int 
  1333 ;; Return value:  Size  Location     Type
  1334 ;;                  1    wreg      void 
  1335 ;; Registers used:
  1336 ;;		wreg, fsr1l, fsr1h, fsr2l, fsr2h, status,2, status,0, cstack
  1337 ;; Tracked objects:
  1338 ;;		On entry : 0/0
  1339 ;;		On exit  : 0/0
  1340 ;;		Unchanged: 0/0
  1341 ;; Data sizes:     COMRAM   BANK0   BANK1   BANK2   BANK3   BANK4   BANK5   BANK6   BANK7
  1342 ;;      Params:         4       0       0       0       0       0       0       0       0
  1343 ;;      Locals:         2       0       0       0       0       0       0       0       0
  1344 ;;      Temps:          1       0       0       0       0       0       0       0       0
  1345 ;;      Totals:         7       0       0       0       0       0       0       0       0
  1346 ;;Total ram usage:        7 bytes
  1347 ;; Hardware stack levels used: 1
  1348 ;; Hardware stack levels required when called: 3
  1349 ;; This function calls:
  1350 ;;		_fputc
  1351 ;;		_fputs
  1352 ;; This function is called by:
  1353 ;;		_utoa
  1354 ;; This function uses a non-reentrant model
  1355 ;;
  1356                           
  1357                           	psect	text5
  1358   000DE8                     __ptext5:
  1359                           	callstack 0
  1360   000DE8                     _pad:
  1361                           	callstack 23
  1362   000DE8                     
  1363                           ;C:\Program Files\Microchip\xc8\v3.00\pic\sources\c99\common\doprnt.c: 193: static void 
      +                          pad(FILE *fp, char *buf, int p);C:\Program Files\Microchip\xc8\v3.00\pic\sources\c99\com
      +                          mon\doprnt.c: 194: {;C:\Program Files\Microchip\xc8\v3.00\pic\sources\c99\common\doprnt.
      +                          c: 195:     int i;;C:\Program Files\Microchip\xc8\v3.00\pic\sources\c99\common\doprnt.c:
      +                           199:     if (flags & (1 << 0)) {
  1364   000DE8  A050               	btfss	_flags^0,0,c
  1365   000DEA  EFF9  F006         	goto	u541
  1366   000DEE  EFFB  F006         	goto	u540
  1367   000DF2                     u541:
  1368   000DF2  EF01  F007         	goto	l1307
  1369   000DF6                     u540:
  1370   000DF6                     
  1371                           ;C:\Program Files\Microchip\xc8\v3.00\pic\sources\c99\common\doprnt.c: 200:         fput
      +                          s((const char *)buf, fp);
  1372   000DF6  C00F  F009         	movff	pad@buf,fputs@s
  1373   000DFA  C00E  F00A         	movff	pad@fp,fputs@fp
  1374   000DFE  EC6A  F008         	call	_fputs	;wreg free
  1375   000E02                     l1307:
  1376                           
  1377                           ;C:\Program Files\Microchip\xc8\v3.00\pic\sources\c99\common\doprnt.c: 205:  if (p < 0) 
      +                          {
  1378   000E02  BE11               	btfsc	(pad@p+1)^0,7,c
  1379   000E04  EF08  F007         	goto	u550
  1380   000E08  EF06  F007         	goto	u551
  1381   000E0C                     u551:
  1382   000E0C  EF0C  F007         	goto	l790
  1383   000E10                     u550:
  1384   000E10                     
  1385                           ;C:\Program Files\Microchip\xc8\v3.00\pic\sources\c99\common\doprnt.c: 206:   p = 0;
  1386   000E10  0E00               	movlw	0
  1387   000E12  6E11               	movwf	(pad@p+1)^0,c
  1388   000E14  0E00               	movlw	0
  1389   000E16  6E10               	movwf	pad@p^0,c
  1390   000E18                     l790:
  1391                           
  1392                           ;C:\Program Files\Microchip\xc8\v3.00\pic\sources\c99\common\doprnt.c: 208:     i = 0;
  1393   000E18  0E00               	movlw	0
  1394   000E1A  6E14               	movwf	(pad@i+1)^0,c
  1395   000E1C  0E00               	movlw	0
  1396   000E1E  6E13               	movwf	pad@i^0,c
  1397                           
  1398                           ;C:\Program Files\Microchip\xc8\v3.00\pic\sources\c99\common\doprnt.c: 209:     while (i
      +                           < p) {
  1399   000E20  EF1C  F007         	goto	l1315
  1400   000E24                     l1311:
  1401                           
  1402                           ;C:\Program Files\Microchip\xc8\v3.00\pic\sources\c99\common\doprnt.c: 210:         fput
      +                          c(' ', fp);
  1403   000E24  0E00               	movlw	0
  1404   000E26  6E02               	movwf	(fputc@c+1)^0,c
  1405   000E28  0E20               	movlw	32
  1406   000E2A  6E01               	movwf	fputc@c^0,c
  1407   000E2C  C00E  F003         	movff	pad@fp,fputc@fp
  1408   000E30  EC00  F006         	call	_fputc	;wreg free
  1409   000E34                     
  1410                           ;C:\Program Files\Microchip\xc8\v3.00\pic\sources\c99\common\doprnt.c: 211:         ++i;
  1411   000E34  4A13               	infsnz	pad@i^0,f,c
  1412   000E36  2A14               	incf	(pad@i+1)^0,f,c
  1413   000E38                     l1315:
  1414                           
  1415                           ;C:\Program Files\Microchip\xc8\v3.00\pic\sources\c99\common\doprnt.c: 209:     while (i
      +                           < p) {
  1416   000E38  5010               	movf	pad@p^0,w,c
  1417   000E3A  5C13               	subwf	pad@i^0,w,c
  1418   000E3C  5014               	movf	(pad@i+1)^0,w,c
  1419   000E3E  0A80               	xorlw	128
  1420   000E40  6E12               	movwf	??_pad^0,c
  1421   000E42  5011               	movf	(pad@p+1)^0,w,c
  1422   000E44  0A80               	xorlw	128
  1423   000E46  5812               	subwfb	??_pad^0,w,c
  1424   000E48  A0D8               	btfss	status,0,c
  1425   000E4A  EF29  F007         	goto	u561
  1426   000E4E  EF2B  F007         	goto	u560
  1427   000E52                     u561:
  1428   000E52  EF12  F007         	goto	l1311
  1429   000E56                     u560:
  1430   000E56                     
  1431                           ;C:\Program Files\Microchip\xc8\v3.00\pic\sources\c99\common\doprnt.c: 216:     if (!(fl
      +                          ags & (1 << 0))) {
  1432   000E56  B050               	btfsc	_flags^0,0,c
  1433   000E58  EF30  F007         	goto	u571
  1434   000E5C  EF32  F007         	goto	u570
  1435   000E60                     u571:
  1436   000E60  EF38  F007         	goto	l795
  1437   000E64                     u570:
  1438   000E64                     
  1439                           ;C:\Program Files\Microchip\xc8\v3.00\pic\sources\c99\common\doprnt.c: 218:         fput
      +                          s((const char *)buf, fp);
  1440   000E64  C00F  F009         	movff	pad@buf,fputs@s
  1441   000E68  C00E  F00A         	movff	pad@fp,fputs@fp
  1442   000E6C  EC6A  F008         	call	_fputs	;wreg free
  1443   000E70                     l795:
  1444   000E70  0012               	return		;funcret
  1445   000E72                     __end_of_pad:
  1446                           	callstack 0
  1447                           
  1448 ;; *************** function _fputs *****************
  1449 ;; Defined at:
  1450 ;;		line 8 in file "C:\Program Files\Microchip\xc8\v3.00\pic\sources\c99\common\nf_fputs.c"
  1451 ;; Parameters:    Size  Location     Type
  1452 ;;  s               1    8[COMRAM] PTR const unsigned char 
  1453 ;;		 -> dbuf(32), 
  1454 ;;  fp              1    9[COMRAM] PTR struct _IO_FILE
  1455 ;;		 -> sprintf@f(11), 
  1456 ;; Auto vars:     Size  Location     Type
  1457 ;;  i               2   11[COMRAM] int 
  1458 ;;  c               1   10[COMRAM] unsigned char 
  1459 ;; Return value:  Size  Location     Type
  1460 ;;                  2    8[COMRAM] int 
  1461 ;; Registers used:
  1462 ;;		wreg, fsr1l, fsr1h, fsr2l, fsr2h, status,2, status,0, cstack
  1463 ;; Tracked objects:
  1464 ;;		On entry : 0/0
  1465 ;;		On exit  : 0/0
  1466 ;;		Unchanged: 0/0
  1467 ;; Data sizes:     COMRAM   BANK0   BANK1   BANK2   BANK3   BANK4   BANK5   BANK6   BANK7
  1468 ;;      Params:         2       0       0       0       0       0       0       0       0
  1469 ;;      Locals:         3       0       0       0       0       0       0       0       0
  1470 ;;      Temps:          0       0       0       0       0       0       0       0       0
  1471 ;;      Totals:         5       0       0       0       0       0       0       0       0
  1472 ;;Total ram usage:        5 bytes
  1473 ;; Hardware stack levels used: 1
  1474 ;; Hardware stack levels required when called: 2
  1475 ;; This function calls:
  1476 ;;		_fputc
  1477 ;; This function is called by:
  1478 ;;		_pad
  1479 ;; This function uses a non-reentrant model
  1480 ;;
  1481                           
  1482                           	psect	text6
  1483   0010D4                     __ptext6:
  1484                           	callstack 0
  1485   0010D4                     _fputs:
  1486                           	callstack 23
  1487   0010D4  0E00               	movlw	0
  1488   0010D6  6E0D               	movwf	(fputs@i+1)^0,c
  1489   0010D8  0E00               	movlw	0
  1490   0010DA  6E0C               	movwf	fputs@i^0,c
  1491   0010DC  EF79  F008         	goto	l1263
  1492   0010E0                     l1259:
  1493   0010E0  C00B  F001         	movff	fputs@c,fputc@c
  1494   0010E4  6A02               	clrf	(fputc@c+1)^0,c
  1495   0010E6  C00A  F003         	movff	fputs@fp,fputc@fp
  1496   0010EA  EC00  F006         	call	_fputc	;wreg free
  1497   0010EE  4A0C               	infsnz	fputs@i^0,f,c
  1498   0010F0  2A0D               	incf	(fputs@i+1)^0,f,c
  1499   0010F2                     l1263:
  1500   0010F2  5009               	movf	fputs@s^0,w,c
  1501   0010F4  240C               	addwf	fputs@i^0,w,c
  1502   0010F6  6ED9               	movwf	fsr2l,c
  1503   0010F8  6ADA               	clrf	fsr2h,c
  1504   0010FA  50DF               	movf	indf2,w,c
  1505   0010FC  6E0B               	movwf	fputs@c^0,c
  1506   0010FE  500B               	movf	fputs@c^0,w,c
  1507   001100  A4D8               	btfss	status,2,c
  1508   001102  EF85  F008         	goto	u471
  1509   001106  EF87  F008         	goto	u470
  1510   00110A                     u471:
  1511   00110A  EF70  F008         	goto	l1259
  1512   00110E                     u470:
  1513   00110E  0012               	return		;funcret
  1514   001110                     __end_of_fputs:
  1515                           	callstack 0
  1516                           
  1517 ;; *************** function _fputc *****************
  1518 ;; Defined at:
  1519 ;;		line 8 in file "C:\Program Files\Microchip\xc8\v3.00\pic\sources\c99\common\nf_fputc.c"
  1520 ;; Parameters:    Size  Location     Type
  1521 ;;  c               2    0[COMRAM] int 
  1522 ;;  fp              1    2[COMRAM] PTR struct _IO_FILE
  1523 ;;		 -> sprintf@f(11), 
  1524 ;; Auto vars:     Size  Location     Type
  1525 ;;		None
  1526 ;; Return value:  Size  Location     Type
  1527 ;;                  2    0[COMRAM] int 
  1528 ;; Registers used:
  1529 ;;		wreg, fsr1l, fsr1h, fsr2l, fsr2h, status,2, status,0, cstack
  1530 ;; Tracked objects:
  1531 ;;		On entry : 0/0
  1532 ;;		On exit  : 0/0
  1533 ;;		Unchanged: 0/0
  1534 ;; Data sizes:     COMRAM   BANK0   BANK1   BANK2   BANK3   BANK4   BANK5   BANK6   BANK7
  1535 ;;      Params:         3       0       0       0       0       0       0       0       0
  1536 ;;      Locals:         0       0       0       0       0       0       0       0       0
  1537 ;;      Temps:          5       0       0       0       0       0       0       0       0
  1538 ;;      Totals:         8       0       0       0       0       0       0       0       0
  1539 ;;Total ram usage:        8 bytes
  1540 ;; Hardware stack levels used: 1
  1541 ;; Hardware stack levels required when called: 1
  1542 ;; This function calls:
  1543 ;;		_putch
  1544 ;; This function is called by:
  1545 ;;		_pad
  1546 ;;		_vfpfcnvrt
  1547 ;;		_fputs
  1548 ;; This function uses a non-reentrant model
  1549 ;;
  1550                           
  1551                           	psect	text7
  1552   000C00                     __ptext7:
  1553                           	callstack 0
  1554   000C00                     _fputc:
  1555                           	callstack 23
  1556   000C00  5003               	movf	fputc@fp^0,w,c
  1557   000C02  B4D8               	btfsc	status,2,c
  1558   000C04  EF06  F006         	goto	u431
  1559   000C08  EF08  F006         	goto	u430
  1560   000C0C                     u431:
  1561   000C0C  EF10  F006         	goto	l1247
  1562   000C10                     u430:
  1563   000C10  5003               	movf	fputc@fp^0,w,c
  1564   000C12  A4D8               	btfss	status,2,c
  1565   000C14  EF0E  F006         	goto	u441
  1566   000C18  EF10  F006         	goto	u440
  1567   000C1C                     u441:
  1568   000C1C  EF15  F006         	goto	l1249
  1569   000C20                     u440:
  1570   000C20                     l1247:
  1571   000C20  5001               	movf	fputc@c^0,w,c
  1572   000C22  EC28  F009         	call	_putch
  1573   000C26  EF54  F006         	goto	l840
  1574   000C2A                     l1249:
  1575   000C2A  5003               	movf	fputc@fp^0,w,c
  1576   000C2C  6ED9               	movwf	fsr2l,c
  1577   000C2E  6ADA               	clrf	fsr2h,c
  1578   000C30  0E09               	movlw	9
  1579   000C32  26D9               	addwf	fsr2l,f,c
  1580   000C34  50DE               	movf	postinc2,w,c
  1581   000C36  10DE               	iorwf	postinc2,w,c
  1582   000C38  B4D8               	btfsc	status,2,c
  1583   000C3A  EF21  F006         	goto	u451
  1584   000C3E  EF23  F006         	goto	u450
  1585   000C42                     u451:
  1586   000C42  EF3C  F006         	goto	l1253
  1587   000C46                     u450:
  1588   000C46  5003               	movf	fputc@fp^0,w,c
  1589   000C48  6ED9               	movwf	fsr2l,c
  1590   000C4A  6ADA               	clrf	fsr2h,c
  1591   000C4C  0E09               	movlw	9
  1592   000C4E  26D9               	addwf	fsr2l,f,c
  1593   000C50  5003               	movf	fputc@fp^0,w,c
  1594   000C52  6EE1               	movwf	fsr1l,c
  1595   000C54  6AE2               	clrf	fsr1h,c
  1596   000C56  0E02               	movlw	2
  1597   000C58  26E1               	addwf	fsr1l,f,c
  1598   000C5A  50DE               	movf	postinc2,w,c
  1599   000C5C  5CE6               	subwf	postinc1,w,c
  1600   000C5E  50E6               	movf	postinc1,w,c
  1601   000C60  0A80               	xorlw	128
  1602   000C62  6E08               	movwf	(??_fputc+4)^0,c
  1603   000C64  50DE               	movf	postinc2,w,c
  1604   000C66  0A80               	xorlw	128
  1605   000C68  5808               	subwfb	(??_fputc+4)^0,w,c
  1606   000C6A  B0D8               	btfsc	status,0,c
  1607   000C6C  EF3A  F006         	goto	u461
  1608   000C70  EF3C  F006         	goto	u460
  1609   000C74                     u461:
  1610   000C74  EF54  F006         	goto	l840
  1611   000C78                     u460:
  1612   000C78                     l1253:
  1613   000C78  5003               	movf	fputc@fp^0,w,c
  1614   000C7A  6ED9               	movwf	fsr2l,c
  1615   000C7C  6ADA               	clrf	fsr2h,c
  1616   000C7E  0E02               	movlw	2
  1617   000C80  26D9               	addwf	fsr2l,f,c
  1618   000C82  50DF               	movf	indf2,w,c
  1619   000C84  6E04               	movwf	??_fputc^0,c
  1620   000C86  5003               	movf	fputc@fp^0,w,c
  1621   000C88  6ED9               	movwf	fsr2l,c
  1622   000C8A  6ADA               	clrf	fsr2h,c
  1623   000C8C  50DF               	movf	indf2,w,c
  1624   000C8E  2404               	addwf	??_fputc^0,w,c
  1625   000C90  6ED9               	movwf	fsr2l,c
  1626   000C92  6ADA               	clrf	fsr2h,c
  1627   000C94  C001  FFDF         	movff	fputc@c,indf2
  1628   000C98  5003               	movf	fputc@fp^0,w,c
  1629   000C9A  6ED9               	movwf	fsr2l,c
  1630   000C9C  6ADA               	clrf	fsr2h,c
  1631   000C9E  0E02               	movlw	2
  1632   000CA0  26D9               	addwf	fsr2l,f,c
  1633   000CA2  2ADE               	incf	postinc2,f,c
  1634   000CA4  0E00               	movlw	0
  1635   000CA6  22DD               	addwfc	postdec2,f,c
  1636   000CA8                     l840:
  1637   000CA8  0012               	return		;funcret
  1638   000CAA                     __end_of_fputc:
  1639                           	callstack 0
  1640                           
  1641 ;; *************** function _putch *****************
  1642 ;; Defined at:
  1643 ;;		line 7 in file "C:\Program Files\Microchip\xc8\v3.00\pic\sources\c99\common\putch.c"
  1644 ;; Parameters:    Size  Location     Type
  1645 ;;  c               1    wreg     unsigned char 
  1646 ;; Auto vars:     Size  Location     Type
  1647 ;;  c               1    0[COMRAM] unsigned char 
  1648 ;; Return value:  Size  Location     Type
  1649 ;;                  1    wreg      void 
  1650 ;; Registers used:
  1651 ;;		wreg
  1652 ;; Tracked objects:
  1653 ;;		On entry : 0/0
  1654 ;;		On exit  : 0/0
  1655 ;;		Unchanged: 0/0
  1656 ;; Data sizes:     COMRAM   BANK0   BANK1   BANK2   BANK3   BANK4   BANK5   BANK6   BANK7
  1657 ;;      Params:         0       0       0       0       0       0       0       0       0
  1658 ;;      Locals:         0       0       0       0       0       0       0       0       0
  1659 ;;      Temps:          0       0       0       0       0       0       0       0       0
  1660 ;;      Totals:         0       0       0       0       0       0       0       0       0
  1661 ;;Total ram usage:        0 bytes
  1662 ;; Hardware stack levels used: 1
  1663 ;; This function calls:
  1664 ;;		Nothing
  1665 ;; This function is called by:
  1666 ;;		_fputc
  1667 ;; This function uses a non-reentrant model
  1668 ;;
  1669                           
  1670                           	psect	text8
  1671   001250                     __ptext8:
  1672                           	callstack 0
  1673   001250                     _putch:
  1674                           	callstack 23
  1675   001250  0012               	return		;funcret
  1676   001252                     __end_of_putch:
  1677                           	callstack 0
  1678                           
  1679 ;; *************** function ___lwmod *****************
  1680 ;; Defined at:
  1681 ;;		line 7 in file "C:\Program Files\Microchip\xc8\v3.00\pic\sources\c99\common\lwmod.c"
  1682 ;; Parameters:    Size  Location     Type
  1683 ;;  dividend        2    0[COMRAM] unsigned int 
  1684 ;;  divisor         2    2[COMRAM] unsigned int 
  1685 ;; Auto vars:     Size  Location     Type
  1686 ;;  counter         1    4[COMRAM] unsigned char 
  1687 ;; Return value:  Size  Location     Type
  1688 ;;                  2    0[COMRAM] unsigned int 
  1689 ;; Registers used:
  1690 ;;		wreg, status,2, status,0
  1691 ;; Tracked objects:
  1692 ;;		On entry : 0/0
  1693 ;;		On exit  : 0/0
  1694 ;;		Unchanged: 0/0
  1695 ;; Data sizes:     COMRAM   BANK0   BANK1   BANK2   BANK3   BANK4   BANK5   BANK6   BANK7
  1696 ;;      Params:         4       0       0       0       0       0       0       0       0
  1697 ;;      Locals:         1       0       0       0       0       0       0       0       0
  1698 ;;      Temps:          0       0       0       0       0       0       0       0       0
  1699 ;;      Totals:         5       0       0       0       0       0       0       0       0
  1700 ;;Total ram usage:        5 bytes
  1701 ;; Hardware stack levels used: 1
  1702 ;; This function calls:
  1703 ;;		Nothing
  1704 ;; This function is called by:
  1705 ;;		_utoa
  1706 ;; This function uses a non-reentrant model
  1707 ;;
  1708                           
  1709                           	psect	text9
  1710   000EE6                     __ptext9:
  1711                           	callstack 0
  1712   000EE6                     ___lwmod:
  1713                           	callstack 26
  1714   000EE6  5003               	movf	___lwmod@divisor^0,w,c
  1715   000EE8  1004               	iorwf	(___lwmod@divisor+1)^0,w,c
  1716   000EEA  B4D8               	btfsc	status,2,c
  1717   000EEC  EF7A  F007         	goto	u511
  1718   000EF0  EF7C  F007         	goto	u510
  1719   000EF4                     u511:
  1720   000EF4  EFA0  F007         	goto	l595
  1721   000EF8                     u510:
  1722   000EF8  0E01               	movlw	1
  1723   000EFA  6E05               	movwf	___lwmod@counter^0,c
  1724   000EFC  EF84  F007         	goto	l1293
  1725   000F00                     l1291:
  1726   000F00  90D8               	bcf	status,0,c
  1727   000F02  3603               	rlcf	___lwmod@divisor^0,f,c
  1728   000F04  3604               	rlcf	(___lwmod@divisor+1)^0,f,c
  1729   000F06  2A05               	incf	___lwmod@counter^0,f,c
  1730   000F08                     l1293:
  1731   000F08  AE04               	btfss	(___lwmod@divisor+1)^0,7,c
  1732   000F0A  EF89  F007         	goto	u521
  1733   000F0E  EF8B  F007         	goto	u520
  1734   000F12                     u521:
  1735   000F12  EF80  F007         	goto	l1291
  1736   000F16                     u520:
  1737   000F16                     l1295:
  1738   000F16  5003               	movf	___lwmod@divisor^0,w,c
  1739   000F18  5C01               	subwf	___lwmod@dividend^0,w,c
  1740   000F1A  5004               	movf	(___lwmod@divisor+1)^0,w,c
  1741   000F1C  5802               	subwfb	(___lwmod@dividend+1)^0,w,c
  1742   000F1E  A0D8               	btfss	status,0,c
  1743   000F20  EF94  F007         	goto	u531
  1744   000F24  EF96  F007         	goto	u530
  1745   000F28                     u531:
  1746   000F28  EF9A  F007         	goto	l1299
  1747   000F2C                     u530:
  1748   000F2C  5003               	movf	___lwmod@divisor^0,w,c
  1749   000F2E  5E01               	subwf	___lwmod@dividend^0,f,c
  1750   000F30  5004               	movf	(___lwmod@divisor+1)^0,w,c
  1751   000F32  5A02               	subwfb	(___lwmod@dividend+1)^0,f,c
  1752   000F34                     l1299:
  1753   000F34  90D8               	bcf	status,0,c
  1754   000F36  3204               	rrcf	(___lwmod@divisor+1)^0,f,c
  1755   000F38  3203               	rrcf	___lwmod@divisor^0,f,c
  1756   000F3A  2E05               	decfsz	___lwmod@counter^0,f,c
  1757   000F3C  EF8B  F007         	goto	l1295
  1758   000F40                     l595:
  1759   000F40  C001  F001         	movff	___lwmod@dividend,?___lwmod
  1760   000F44  C002  F002         	movff	___lwmod@dividend+1,?___lwmod+1
  1761   000F48  0012               	return		;funcret
  1762   000F4A                     __end_of___lwmod:
  1763                           	callstack 0
  1764                           
  1765 ;; *************** function ___lwdiv *****************
  1766 ;; Defined at:
  1767 ;;		line 7 in file "C:\Program Files\Microchip\xc8\v3.00\pic\sources\c99\common\lwdiv.c"
  1768 ;; Parameters:    Size  Location     Type
  1769 ;;  dividend        2    0[COMRAM] unsigned int 
  1770 ;;  divisor         2    2[COMRAM] unsigned int 
  1771 ;; Auto vars:     Size  Location     Type
  1772 ;;  quotient        2    4[COMRAM] unsigned int 
  1773 ;;  counter         1    6[COMRAM] unsigned char 
  1774 ;; Return value:  Size  Location     Type
  1775 ;;                  2    0[COMRAM] unsigned int 
  1776 ;; Registers used:
  1777 ;;		wreg, status,2, status,0
  1778 ;; Tracked objects:
  1779 ;;		On entry : 0/0
  1780 ;;		On exit  : 0/0
  1781 ;;		Unchanged: 0/0
  1782 ;; Data sizes:     COMRAM   BANK0   BANK1   BANK2   BANK3   BANK4   BANK5   BANK6   BANK7
  1783 ;;      Params:         4       0       0       0       0       0       0       0       0
  1784 ;;      Locals:         3       0       0       0       0       0       0       0       0
  1785 ;;      Temps:          0       0       0       0       0       0       0       0       0
  1786 ;;      Totals:         7       0       0       0       0       0       0       0       0
  1787 ;;Total ram usage:        7 bytes
  1788 ;; Hardware stack levels used: 1
  1789 ;; This function calls:
  1790 ;;		Nothing
  1791 ;; This function is called by:
  1792 ;;		_utoa
  1793 ;; This function uses a non-reentrant model
  1794 ;;
  1795                           
  1796                           	psect	text10
  1797   000E72                     __ptext10:
  1798                           	callstack 0
  1799   000E72                     ___lwdiv:
  1800                           	callstack 26
  1801   000E72  0E00               	movlw	0
  1802   000E74  6E06               	movwf	(___lwdiv@quotient+1)^0,c
  1803   000E76  0E00               	movlw	0
  1804   000E78  6E05               	movwf	___lwdiv@quotient^0,c
  1805   000E7A  5003               	movf	___lwdiv@divisor^0,w,c
  1806   000E7C  1004               	iorwf	(___lwdiv@divisor+1)^0,w,c
  1807   000E7E  B4D8               	btfsc	status,2,c
  1808   000E80  EF44  F007         	goto	u481
  1809   000E84  EF46  F007         	goto	u480
  1810   000E88                     u481:
  1811   000E88  EF6E  F007         	goto	l585
  1812   000E8C                     u480:
  1813   000E8C  0E01               	movlw	1
  1814   000E8E  6E07               	movwf	___lwdiv@counter^0,c
  1815   000E90  EF4E  F007         	goto	l1273
  1816   000E94                     l1271:
  1817   000E94  90D8               	bcf	status,0,c
  1818   000E96  3603               	rlcf	___lwdiv@divisor^0,f,c
  1819   000E98  3604               	rlcf	(___lwdiv@divisor+1)^0,f,c
  1820   000E9A  2A07               	incf	___lwdiv@counter^0,f,c
  1821   000E9C                     l1273:
  1822   000E9C  AE04               	btfss	(___lwdiv@divisor+1)^0,7,c
  1823   000E9E  EF53  F007         	goto	u491
  1824   000EA2  EF55  F007         	goto	u490
  1825   000EA6                     u491:
  1826   000EA6  EF4A  F007         	goto	l1271
  1827   000EAA                     u490:
  1828   000EAA                     l1275:
  1829   000EAA  90D8               	bcf	status,0,c
  1830   000EAC  3605               	rlcf	___lwdiv@quotient^0,f,c
  1831   000EAE  3606               	rlcf	(___lwdiv@quotient+1)^0,f,c
  1832   000EB0  5003               	movf	___lwdiv@divisor^0,w,c
  1833   000EB2  5C01               	subwf	___lwdiv@dividend^0,w,c
  1834   000EB4  5004               	movf	(___lwdiv@divisor+1)^0,w,c
  1835   000EB6  5802               	subwfb	(___lwdiv@dividend+1)^0,w,c
  1836   000EB8  A0D8               	btfss	status,0,c
  1837   000EBA  EF61  F007         	goto	u501
  1838   000EBE  EF63  F007         	goto	u500
  1839   000EC2                     u501:
  1840   000EC2  EF68  F007         	goto	l1283
  1841   000EC6                     u500:
  1842   000EC6  5003               	movf	___lwdiv@divisor^0,w,c
  1843   000EC8  5E01               	subwf	___lwdiv@dividend^0,f,c
  1844   000ECA  5004               	movf	(___lwdiv@divisor+1)^0,w,c
  1845   000ECC  5A02               	subwfb	(___lwdiv@dividend+1)^0,f,c
  1846   000ECE  8005               	bsf	___lwdiv@quotient^0,0,c
  1847   000ED0                     l1283:
  1848   000ED0  90D8               	bcf	status,0,c
  1849   000ED2  3204               	rrcf	(___lwdiv@divisor+1)^0,f,c
  1850   000ED4  3203               	rrcf	___lwdiv@divisor^0,f,c
  1851   000ED6  2E07               	decfsz	___lwdiv@counter^0,f,c
  1852   000ED8  EF55  F007         	goto	l1275
  1853   000EDC                     l585:
  1854   000EDC  C005  F001         	movff	___lwdiv@quotient,?___lwdiv
  1855   000EE0  C006  F002         	movff	___lwdiv@quotient+1,?___lwdiv+1
  1856   000EE4  0012               	return		;funcret
  1857   000EE6                     __end_of___lwdiv:
  1858                           	callstack 0
  1859                           
  1860 ;; *************** function _read_prec_or_width *****************
  1861 ;; Defined at:
  1862 ;;		line 1158 in file "C:\Program Files\Microchip\xc8\v3.00\pic\sources\c99\common\doprnt.c"
  1863 ;; Parameters:    Size  Location     Type
  1864 ;;  fmt             1    0[COMRAM] PTR PTR const unsigned c
  1865 ;;		 -> vfprintf@cfmt(1), 
  1866 ;;  ap              1    1[COMRAM] PTR PTR void [1]
  1867 ;;		 -> sprintf@ap(1), 
  1868 ;; Auto vars:     Size  Location     Type
  1869 ;;  c               1    4[COMRAM] unsigned char 
  1870 ;;  n               2    5[COMRAM] int 
  1871 ;; Return value:  Size  Location     Type
  1872 ;;                  2    0[COMRAM] int 
  1873 ;; Registers used:
  1874 ;;		wreg, fsr2l, fsr2h, status,2, status,0, tblptrl, tblptrh, tblptru, prodl, prodh
  1875 ;; Tracked objects:
  1876 ;;		On entry : 0/0
  1877 ;;		On exit  : 0/0
  1878 ;;		Unchanged: 0/0
  1879 ;; Data sizes:     COMRAM   BANK0   BANK1   BANK2   BANK3   BANK4   BANK5   BANK6   BANK7
  1880 ;;      Params:         2       0       0       0       0       0       0       0       0
  1881 ;;      Locals:         3       0       0       0       0       0       0       0       0
  1882 ;;      Temps:          2       0       0       0       0       0       0       0       0
  1883 ;;      Totals:         7       0       0       0       0       0       0       0       0
  1884 ;;Total ram usage:        7 bytes
  1885 ;; Hardware stack levels used: 1
  1886 ;; This function calls:
  1887 ;;		Nothing
  1888 ;; This function is called by:
  1889 ;;		_vfpfcnvrt
  1890 ;; This function uses a non-reentrant model
  1891 ;;
  1892                           
  1893                           	psect	text11
  1894   000CAA                     __ptext11:
  1895                           	callstack 0
  1896   000CAA                     _read_prec_or_width:
  1897                           	callstack 27
  1898   000CAA                     
  1899                           ;C:\Program Files\Microchip\xc8\v3.00\pic\sources\c99\common\doprnt.c: 1159:     int n =
      +                           0;
  1900   000CAA  0E00               	movlw	0
  1901   000CAC  6E07               	movwf	(read_prec_or_width@n+1)^0,c
  1902   000CAE  0E00               	movlw	0
  1903   000CB0  6E06               	movwf	read_prec_or_width@n^0,c
  1904   000CB2                     
  1905                           ;C:\Program Files\Microchip\xc8\v3.00\pic\sources\c99\common\doprnt.c: 1160:     if ((*f
      +                          mt)[0] == '*') {
  1906   000CB2  5001               	movf	read_prec_or_width@fmt^0,w,c
  1907   000CB4  6ED9               	movwf	fsr2l,c
  1908   000CB6  6ADA               	clrf	fsr2h,c
  1909   000CB8  CFDF FFF6          	movff	indf2,tblptrl
  1910   000CBC                     	if	1	;There is more than 1 active tblptr byte
  1911   000CBC  0E08               	movlw	high __smallconst
  1912   000CBE  6EF7               	movwf	tblptrh,c
  1913   000CC0                     	endif
  1914   000CC0                     	if	0	;tblptru may be non-zero
  1915   000CC0                     	endif
  1916   000CC0                     	if	0	;tblptru may be non-zero
  1917   000CC0                     	endif
  1918   000CC0  0008               	tblrd		*
  1919   000CC2  50F5               	movf	tablat,w,c
  1920   000CC4  0A2A               	xorlw	42
  1921   000CC6  A4D8               	btfss	status,2,c
  1922   000CC8  EF68  F006         	goto	u611
  1923   000CCC  EF6A  F006         	goto	u610
  1924   000CD0                     u611:
  1925   000CD0  EF8F  F006         	goto	l1357
  1926   000CD4                     u610:
  1927   000CD4                     
  1928                           ;C:\Program Files\Microchip\xc8\v3.00\pic\sources\c99\common\doprnt.c: 1161:         ++*
      +                          fmt;
  1929   000CD4  5001               	movf	read_prec_or_width@fmt^0,w,c
  1930   000CD6  6ED9               	movwf	fsr2l,c
  1931   000CD8  6ADA               	clrf	fsr2h,c
  1932   000CDA  2ADF               	incf	indf2,f,c
  1933   000CDC                     
  1934                           ;C:\Program Files\Microchip\xc8\v3.00\pic\sources\c99\common\doprnt.c: 1162:         n =
      +                           (*(int *)__va_arg(*(int **)*ap, (int)0));
  1935   000CDC  5002               	movf	read_prec_or_width@ap^0,w,c
  1936   000CDE  6ED9               	movwf	fsr2l,c
  1937   000CE0  6ADA               	clrf	fsr2h,c
  1938   000CE2  0E02               	movlw	2
  1939   000CE4  26DF               	addwf	indf2,f,c
  1940   000CE6  5CDF               	subwf	indf2,w,c
  1941   000CE8  6ED9               	movwf	fsr2l,c
  1942   000CEA  6ADA               	clrf	fsr2h,c
  1943   000CEC  CFDE F006          	movff	postinc2,read_prec_or_width@n
  1944   000CF0  CFDE F007          	movff	postinc2,read_prec_or_width@n+1
  1945                           
  1946                           ;C:\Program Files\Microchip\xc8\v3.00\pic\sources\c99\common\doprnt.c: 1163:     } else 
      +                          {
  1947   000CF4  EFA2  F006         	goto	l807
  1948   000CF8                     l1353:
  1949                           
  1950                           ;C:\Program Files\Microchip\xc8\v3.00\pic\sources\c99\common\doprnt.c: 1166:            
      +                           n = n * 10 + c;
  1951   000CF8  0E0A               	movlw	10
  1952   000CFA  0206               	mulwf	read_prec_or_width@n^0,c
  1953   000CFC  CFF3 F003          	movff	prodl,??_read_prec_or_width
  1954   000D00  CFF4 F004          	movff	prodh,??_read_prec_or_width+1
  1955   000D04  0207               	mulwf	(read_prec_or_width@n+1)^0,c
  1956   000D06  50F3               	movf	prodl,w,c
  1957   000D08  2604               	addwf	(??_read_prec_or_width+1)^0,f,c
  1958   000D0A  5005               	movf	read_prec_or_width@c^0,w,c
  1959   000D0C  2403               	addwf	??_read_prec_or_width^0,w,c
  1960   000D0E  6E06               	movwf	read_prec_or_width@n^0,c
  1961   000D10  0E00               	movlw	0
  1962   000D12  2004               	addwfc	(??_read_prec_or_width+1)^0,w,c
  1963   000D14  6E07               	movwf	(read_prec_or_width@n+1)^0,c
  1964   000D16                     
  1965                           ;C:\Program Files\Microchip\xc8\v3.00\pic\sources\c99\common\doprnt.c: 1167:            
      +                           ++*fmt;
  1966   000D16  5001               	movf	read_prec_or_width@fmt^0,w,c
  1967   000D18  6ED9               	movwf	fsr2l,c
  1968   000D1A  6ADA               	clrf	fsr2h,c
  1969   000D1C  2ADF               	incf	indf2,f,c
  1970   000D1E                     l1357:
  1971                           
  1972                           ;C:\Program Files\Microchip\xc8\v3.00\pic\sources\c99\common\doprnt.c: 1165:         whi
      +                          le ((c = ((unsigned)(*fmt)[0]) - '0') < 10) {
  1973   000D1E  5001               	movf	read_prec_or_width@fmt^0,w,c
  1974   000D20  6ED9               	movwf	fsr2l,c
  1975   000D22  6ADA               	clrf	fsr2h,c
  1976   000D24  CFDF FFF6          	movff	indf2,tblptrl
  1977   000D28                     	if	1	;There is more than 1 active tblptr byte
  1978   000D28  0E08               	movlw	high __smallconst
  1979   000D2A  6EF7               	movwf	tblptrh,c
  1980   000D2C                     	endif
  1981   000D2C                     	if	0	;tblptru may be non-zero
  1982   000D2C                     	endif
  1983   000D2C                     	if	0	;tblptru may be non-zero
  1984   000D2C                     	endif
  1985   000D2C  0008               	tblrd		*
  1986   000D2E  50F5               	movf	tablat,w,c
  1987   000D30  0FD0               	addlw	208
  1988   000D32  6E05               	movwf	read_prec_or_width@c^0,c
  1989   000D34  0E09               	movlw	9
  1990   000D36  6405               	cpfsgt	read_prec_or_width@c^0,c
  1991   000D38  EFA0  F006         	goto	u621
  1992   000D3C  EFA2  F006         	goto	u620
  1993   000D40                     u621:
  1994   000D40  EF7C  F006         	goto	l1353
  1995   000D44                     u620:
  1996   000D44                     l807:
  1997                           
  1998                           ;C:\Program Files\Microchip\xc8\v3.00\pic\sources\c99\common\doprnt.c: 1170:     return 
      +                          n;
  1999   000D44  C006  F001         	movff	read_prec_or_width@n,?_read_prec_or_width
  2000   000D48  C007  F002         	movff	read_prec_or_width@n+1,?_read_prec_or_width+1
  2001   000D4C  0012               	return		;funcret
  2002   000D4E                     __end_of_read_prec_or_width:
  2003                           	callstack 0
  2004                           
  2005 ;; *************** function _Proximity_ReadValue *****************
  2006 ;; Defined at:
  2007 ;;		line 157 in file "SENSOR_IC2.c"
  2008 ;; Parameters:    Size  Location     Type
  2009 ;;		None
  2010 ;; Auto vars:     Size  Location     Type
  2011 ;;  value           1    5[COMRAM] unsigned char 
  2012 ;; Return value:  Size  Location     Type
  2013 ;;                  1    wreg      unsigned char 
  2014 ;; Registers used:
  2015 ;;		wreg, status,2, status,0, cstack
  2016 ;; Tracked objects:
  2017 ;;		On entry : 0/0
  2018 ;;		On exit  : 0/0
  2019 ;;		Unchanged: 0/0
  2020 ;; Data sizes:     COMRAM   BANK0   BANK1   BANK2   BANK3   BANK4   BANK5   BANK6   BANK7
  2021 ;;      Params:         0       0       0       0       0       0       0       0       0
  2022 ;;      Locals:         1       0       0       0       0       0       0       0       0
  2023 ;;      Temps:          0       0       0       0       0       0       0       0       0
  2024 ;;      Totals:         1       0       0       0       0       0       0       0       0
  2025 ;;Total ram usage:        1 bytes
  2026 ;; Hardware stack levels used: 1
  2027 ;; Hardware stack levels required when called: 3
  2028 ;; This function calls:
  2029 ;;		_I2C_Read
  2030 ;;		_I2C_Start
  2031 ;;		_I2C_Stop
  2032 ;;		_I2C_Write
  2033 ;; This function is called by:
  2034 ;;		_main
  2035 ;; This function uses a non-reentrant model
  2036 ;;
  2037                           
  2038                           	psect	text12
  2039   00117A                     __ptext12:
  2040                           	callstack 0
  2041   00117A                     _Proximity_ReadValue:
  2042                           	callstack 27
  2043   00117A                     
  2044                           ;SENSOR_IC2.c: 159:     I2C_Start();
  2045   00117A  EC08  F009         	call	_I2C_Start	;wreg free
  2046   00117E                     
  2047                           ;SENSOR_IC2.c: 160:     I2C_Write(0x52);
  2048   00117E  0E52               	movlw	82
  2049   001180  EC06  F008         	call	_I2C_Write
  2050   001184                     
  2051                           ;SENSOR_IC2.c: 161:     I2C_Write(0x00);
  2052   001184  0E00               	movlw	0
  2053   001186  EC06  F008         	call	_I2C_Write
  2054                           
  2055                           ;SENSOR_IC2.c: 162:     I2C_Start();
  2056   00118A  EC08  F009         	call	_I2C_Start	;wreg free
  2057   00118E                     
  2058                           ;SENSOR_IC2.c: 163:     I2C_Write(0x52 | 1);
  2059   00118E  0E53               	movlw	83
  2060   001190  EC06  F008         	call	_I2C_Write
  2061   001194                     
  2062                           ;SENSOR_IC2.c: 164:     value = I2C_Read(1);
  2063   001194  0E01               	movlw	1
  2064   001196  ECA5  F007         	call	_I2C_Read
  2065   00119A  6E06               	movwf	Proximity_ReadValue@value^0,c
  2066                           
  2067                           ;SENSOR_IC2.c: 165:     I2C_Stop();
  2068   00119C  ECFD  F008         	call	_I2C_Stop	;wreg free
  2069   0011A0                     
  2070                           ;SENSOR_IC2.c: 166:     return value;
  2071   0011A0  5006               	movf	Proximity_ReadValue@value^0,w,c
  2072   0011A2  0012               	return		;funcret
  2073   0011A4                     __end_of_Proximity_ReadValue:
  2074                           	callstack 0
  2075                           
  2076 ;; *************** function _I2C_Write *****************
  2077 ;; Defined at:
  2078 ;;		line 68 in file "SENSOR_IC2.c"
  2079 ;; Parameters:    Size  Location     Type
  2080 ;;  data            1    wreg     unsigned char 
  2081 ;; Auto vars:     Size  Location     Type
  2082 ;;  data            1    1[COMRAM] unsigned char 
  2083 ;;  i               2    2[COMRAM] int 
  2084 ;; Return value:  Size  Location     Type
  2085 ;;                  1    wreg      unsigned char 
  2086 ;; Registers used:
  2087 ;;		wreg, status,2, status,0, cstack
  2088 ;; Tracked objects:
  2089 ;;		On entry : 0/0
  2090 ;;		On exit  : 0/0
  2091 ;;		Unchanged: 0/0
  2092 ;; Data sizes:     COMRAM   BANK0   BANK1   BANK2   BANK3   BANK4   BANK5   BANK6   BANK7
  2093 ;;      Params:         0       0       0       0       0       0       0       0       0
  2094 ;;      Locals:         3       0       0       0       0       0       0       0       0
  2095 ;;      Temps:          0       0       0       0       0       0       0       0       0
  2096 ;;      Totals:         3       0       0       0       0       0       0       0       0
  2097 ;;Total ram usage:        3 bytes
  2098 ;; Hardware stack levels used: 1
  2099 ;; Hardware stack levels required when called: 2
  2100 ;; This function calls:
  2101 ;;		_I2C_ReadBit
  2102 ;;		_I2C_WriteBit
  2103 ;; This function is called by:
  2104 ;;		_Proximity_ReadValue
  2105 ;; This function uses a non-reentrant model
  2106 ;;
  2107                           
  2108                           	psect	text13
  2109   00100C                     __ptext13:
  2110                           	callstack 0
  2111   00100C                     _I2C_Write:
  2112                           	callstack 27
  2113                           
  2114                           ;incstack = 0
  2115                           ;I2C_Write@data stored from wreg
  2116   00100C  6E02               	movwf	I2C_Write@data^0,c
  2117   00100E                     
  2118                           ;SENSOR_IC2.c: 69:     for (int i = 0; i<8; i++) {
  2119   00100E  0E00               	movlw	0
  2120   001010  6E04               	movwf	(I2C_Write@i+1)^0,c
  2121   001012  0E00               	movlw	0
  2122   001014  6E03               	movwf	I2C_Write@i^0,c
  2123   001016                     l1065:
  2124                           
  2125                           ;SENSOR_IC2.c: 70:         I2C_WriteBit((data & 0x80)!=0);
  2126   001016  BE02               	btfsc	I2C_Write@data^0,7,c
  2127   001018  EF10  F008         	goto	u251
  2128   00101C  EF13  F008         	goto	u250
  2129   001020                     u251:
  2130   001020  0E01               	movlw	1
  2131   001022  EF14  F008         	goto	u260
  2132   001026                     u250:
  2133   001026  0E00               	movlw	0
  2134   001028                     u260:
  2135   001028  ECE2  F008         	call	_I2C_WriteBit
  2136   00102C                     
  2137                           ;SENSOR_IC2.c: 71:         data <<= 1;
  2138   00102C  90D8               	bcf	status,0,c
  2139   00102E  3602               	rlcf	I2C_Write@data^0,f,c
  2140   001030                     
  2141                           ;SENSOR_IC2.c: 72:         }
  2142   001030  4A03               	infsnz	I2C_Write@i^0,f,c
  2143   001032  2A04               	incf	(I2C_Write@i+1)^0,f,c
  2144   001034  BE04               	btfsc	(I2C_Write@i+1)^0,7,c
  2145   001036  EF26  F008         	goto	u271
  2146   00103A  5004               	movf	(I2C_Write@i+1)^0,w,c
  2147   00103C  E109               	bnz	u270
  2148   00103E  0E08               	movlw	8
  2149   001040  5C03               	subwf	I2C_Write@i^0,w,c
  2150   001042  A0D8               	btfss	status,0,c
  2151   001044  EF26  F008         	goto	u271
  2152   001048  EF28  F008         	goto	u270
  2153   00104C                     u271:
  2154   00104C  EF0B  F008         	goto	l1065
  2155   001050                     u270:
  2156   001050                     
  2157                           ;SENSOR_IC2.c: 73:         return !I2C_ReadBit();;	Return value of _I2C_Write is never u
      +                          sed
  2158   001050  ECF0  F008         	call	_I2C_ReadBit	;wreg free
  2159   001054  0012               	return		;funcret
  2160   001056                     __end_of_I2C_Write:
  2161                           	callstack 0
  2162                           
  2163 ;; *************** function _I2C_Stop *****************
  2164 ;; Defined at:
  2165 ;;		line 46 in file "SENSOR_IC2.c"
  2166 ;; Parameters:    Size  Location     Type
  2167 ;;		None
  2168 ;; Auto vars:     Size  Location     Type
  2169 ;;		None
  2170 ;; Return value:  Size  Location     Type
  2171 ;;                  1    wreg      void 
  2172 ;; Registers used:
  2173 ;;		wreg, cstack
  2174 ;; Tracked objects:
  2175 ;;		On entry : 0/0
  2176 ;;		On exit  : 0/0
  2177 ;;		Unchanged: 0/0
  2178 ;; Data sizes:     COMRAM   BANK0   BANK1   BANK2   BANK3   BANK4   BANK5   BANK6   BANK7
  2179 ;;      Params:         0       0       0       0       0       0       0       0       0
  2180 ;;      Locals:         0       0       0       0       0       0       0       0       0
  2181 ;;      Temps:          0       0       0       0       0       0       0       0       0
  2182 ;;      Totals:         0       0       0       0       0       0       0       0       0
  2183 ;;Total ram usage:        0 bytes
  2184 ;; Hardware stack levels used: 1
  2185 ;; Hardware stack levels required when called: 1
  2186 ;; This function calls:
  2187 ;;		_I2C_Delay
  2188 ;; This function is called by:
  2189 ;;		_Proximity_ReadValue
  2190 ;; This function uses a non-reentrant model
  2191 ;;
  2192                           
  2193                           	psect	text14
  2194   0011FA                     __ptext14:
  2195                           	callstack 0
  2196   0011FA                     _I2C_Stop:
  2197                           	callstack 28
  2198   0011FA                     
  2199                           ;SENSOR_IC2.c: 47:     TRISBbits.TRISB0 = 0; LATBbits.LATB0 = 0;
  2200   0011FA  9093               	bcf	147,0,c	;volatile
  2201   0011FC  908A               	bcf	138,0,c	;volatile
  2202   0011FE                     
  2203                           ;SENSOR_IC2.c: 48:     I2C_Delay();
  2204   0011FE  EC1E  F009         	call	_I2C_Delay	;wreg free
  2205   001202                     
  2206                           ;SENSOR_IC2.c: 49:     LATBbits.LATB1= 1; I2C_Delay();
  2207   001202  828A               	bsf	138,1,c	;volatile
  2208   001204  EC1E  F009         	call	_I2C_Delay	;wreg free
  2209   001208                     
  2210                           ;SENSOR_IC2.c: 50:     LATBbits.LATB0 = 1; I2C_Delay();
  2211   001208  808A               	bsf	138,0,c	;volatile
  2212   00120A  EC1E  F009         	call	_I2C_Delay	;wreg free
  2213   00120E  0012               	return		;funcret
  2214   001210                     __end_of_I2C_Stop:
  2215                           	callstack 0
  2216                           
  2217 ;; *************** function _I2C_Start *****************
  2218 ;; Defined at:
  2219 ;;		line 38 in file "SENSOR_IC2.c"
  2220 ;; Parameters:    Size  Location     Type
  2221 ;;		None
  2222 ;; Auto vars:     Size  Location     Type
  2223 ;;		None
  2224 ;; Return value:  Size  Location     Type
  2225 ;;                  1    wreg      void 
  2226 ;; Registers used:
  2227 ;;		wreg, cstack
  2228 ;; Tracked objects:
  2229 ;;		On entry : 0/0
  2230 ;;		On exit  : 0/0
  2231 ;;		Unchanged: 0/0
  2232 ;; Data sizes:     COMRAM   BANK0   BANK1   BANK2   BANK3   BANK4   BANK5   BANK6   BANK7
  2233 ;;      Params:         0       0       0       0       0       0       0       0       0
  2234 ;;      Locals:         0       0       0       0       0       0       0       0       0
  2235 ;;      Temps:          0       0       0       0       0       0       0       0       0
  2236 ;;      Totals:         0       0       0       0       0       0       0       0       0
  2237 ;;Total ram usage:        0 bytes
  2238 ;; Hardware stack levels used: 1
  2239 ;; Hardware stack levels required when called: 1
  2240 ;; This function calls:
  2241 ;;		_I2C_Delay
  2242 ;; This function is called by:
  2243 ;;		_Proximity_ReadValue
  2244 ;; This function uses a non-reentrant model
  2245 ;;
  2246                           
  2247                           	psect	text15
  2248   001210                     __ptext15:
  2249                           	callstack 0
  2250   001210                     _I2C_Start:
  2251                           	callstack 28
  2252   001210                     
  2253                           ;SENSOR_IC2.c: 39:     TRISBbits.TRISB0 = 0; LATBbits.LATB0 = 1;
  2254   001210  9093               	bcf	147,0,c	;volatile
  2255   001212  808A               	bsf	138,0,c	;volatile
  2256                           
  2257                           ;SENSOR_IC2.c: 40:     TRISBbits.TRISB1 = 0; LATBbits.LATB1 = 1;
  2258   001214  9293               	bcf	147,1,c	;volatile
  2259   001216  828A               	bsf	138,1,c	;volatile
  2260   001218                     
  2261                           ;SENSOR_IC2.c: 41:     I2C_Delay();
  2262   001218  EC1E  F009         	call	_I2C_Delay	;wreg free
  2263   00121C                     
  2264                           ;SENSOR_IC2.c: 42:     LATBbits.LATB0= 0; I2C_Delay();
  2265   00121C  908A               	bcf	138,0,c	;volatile
  2266   00121E  EC1E  F009         	call	_I2C_Delay	;wreg free
  2267   001222                     
  2268                           ;SENSOR_IC2.c: 43:     LATBbits.LATB1 = 0;
  2269   001222  928A               	bcf	138,1,c	;volatile
  2270   001224  0012               	return		;funcret
  2271   001226                     __end_of_I2C_Start:
  2272                           	callstack 0
  2273                           
  2274 ;; *************** function _I2C_Read *****************
  2275 ;; Defined at:
  2276 ;;		line 76 in file "SENSOR_IC2.c"
  2277 ;; Parameters:    Size  Location     Type
  2278 ;;  ack             1    wreg     unsigned char 
  2279 ;; Auto vars:     Size  Location     Type
  2280 ;;  ack             1    1[COMRAM] unsigned char 
  2281 ;;  i               2    3[COMRAM] int 
  2282 ;;  data            1    2[COMRAM] unsigned char 
  2283 ;; Return value:  Size  Location     Type
  2284 ;;                  1    wreg      unsigned char 
  2285 ;; Registers used:
  2286 ;;		wreg, status,2, status,0, cstack
  2287 ;; Tracked objects:
  2288 ;;		On entry : 0/0
  2289 ;;		On exit  : 0/0
  2290 ;;		Unchanged: 0/0
  2291 ;; Data sizes:     COMRAM   BANK0   BANK1   BANK2   BANK3   BANK4   BANK5   BANK6   BANK7
  2292 ;;      Params:         0       0       0       0       0       0       0       0       0
  2293 ;;      Locals:         4       0       0       0       0       0       0       0       0
  2294 ;;      Temps:          0       0       0       0       0       0       0       0       0
  2295 ;;      Totals:         4       0       0       0       0       0       0       0       0
  2296 ;;Total ram usage:        4 bytes
  2297 ;; Hardware stack levels used: 1
  2298 ;; Hardware stack levels required when called: 2
  2299 ;; This function calls:
  2300 ;;		_I2C_ReadBit
  2301 ;;		_I2C_WriteBit
  2302 ;; This function is called by:
  2303 ;;		_Proximity_ReadValue
  2304 ;; This function uses a non-reentrant model
  2305 ;;
  2306                           
  2307                           	psect	text16
  2308   000F4A                     __ptext16:
  2309                           	callstack 0
  2310   000F4A                     _I2C_Read:
  2311                           	callstack 27
  2312                           
  2313                           ;incstack = 0
  2314                           ;I2C_Read@ack stored from wreg
  2315   000F4A  6E02               	movwf	I2C_Read@ack^0,c
  2316   000F4C                     
  2317                           ;SENSOR_IC2.c: 77:     uint8_t data = 0;
  2318   000F4C  6A03               	clrf	I2C_Read@data^0,c
  2319                           
  2320                           ;SENSOR_IC2.c: 78:     TRISBbits.TRISB0 = 1;
  2321   000F4E  8093               	bsf	147,0,c	;volatile
  2322   000F50                     
  2323                           ;SENSOR_IC2.c: 79:     for (int i = 0; i<8; i++) {
  2324   000F50  0E00               	movlw	0
  2325   000F52  6E05               	movwf	(I2C_Read@i+1)^0,c
  2326   000F54  0E00               	movlw	0
  2327   000F56  6E04               	movwf	I2C_Read@i^0,c
  2328   000F58                     l1085:
  2329                           
  2330                           ;SENSOR_IC2.c: 80:         data <<= 1;
  2331   000F58  90D8               	bcf	status,0,c
  2332   000F5A  3603               	rlcf	I2C_Read@data^0,f,c
  2333   000F5C                     
  2334                           ;SENSOR_IC2.c: 81:         if(I2C_ReadBit())data|=1;
  2335   000F5C  ECF0  F008         	call	_I2C_ReadBit	;wreg free
  2336   000F60  0900               	iorlw	0
  2337   000F62  B4D8               	btfsc	status,2,c
  2338   000F64  EFB6  F007         	goto	u281
  2339   000F68  EFB8  F007         	goto	u280
  2340   000F6C                     u281:
  2341   000F6C  EFB9  F007         	goto	l54
  2342   000F70                     u280:
  2343   000F70  8003               	bsf	I2C_Read@data^0,0,c
  2344   000F72                     l54:
  2345                           
  2346                           ;SENSOR_IC2.c: 82:         }
  2347   000F72  4A04               	infsnz	I2C_Read@i^0,f,c
  2348   000F74  2A05               	incf	(I2C_Read@i+1)^0,f,c
  2349   000F76  BE05               	btfsc	(I2C_Read@i+1)^0,7,c
  2350   000F78  EFC7  F007         	goto	u291
  2351   000F7C  5005               	movf	(I2C_Read@i+1)^0,w,c
  2352   000F7E  E109               	bnz	u290
  2353   000F80  0E08               	movlw	8
  2354   000F82  5C04               	subwf	I2C_Read@i^0,w,c
  2355   000F84  A0D8               	btfss	status,0,c
  2356   000F86  EFC7  F007         	goto	u291
  2357   000F8A  EFC9  F007         	goto	u290
  2358   000F8E                     u291:
  2359   000F8E  EFAC  F007         	goto	l1085
  2360   000F92                     u290:
  2361   000F92                     
  2362                           ;SENSOR_IC2.c: 83:         I2C_WriteBit(!ack);
  2363   000F92  5002               	movf	I2C_Read@ack^0,w,c
  2364   000F94  B4D8               	btfsc	status,2,c
  2365   000F96  EFCF  F007         	goto	u301
  2366   000F9A  EFD2  F007         	goto	u300
  2367   000F9E                     u301:
  2368   000F9E  0E01               	movlw	1
  2369   000FA0  EFD3  F007         	goto	u310
  2370   000FA4                     u300:
  2371   000FA4  0E00               	movlw	0
  2372   000FA6                     u310:
  2373   000FA6  ECE2  F008         	call	_I2C_WriteBit
  2374   000FAA                     
  2375                           ;SENSOR_IC2.c: 84:         return data;
  2376   000FAA  5003               	movf	I2C_Read@data^0,w,c
  2377   000FAC  0012               	return		;funcret
  2378   000FAE                     __end_of_I2C_Read:
  2379                           	callstack 0
  2380                           
  2381 ;; *************** function _I2C_WriteBit *****************
  2382 ;; Defined at:
  2383 ;;		line 53 in file "SENSOR_IC2.c"
  2384 ;; Parameters:    Size  Location     Type
  2385 ;;  bit             1    wreg     unsigned char 
  2386 ;; Auto vars:     Size  Location     Type
  2387 ;;  bit             1    0[COMRAM] unsigned char 
  2388 ;; Return value:  Size  Location     Type
  2389 ;;                  1    wreg      void 
  2390 ;; Registers used:
  2391 ;;		wreg, cstack
  2392 ;; Tracked objects:
  2393 ;;		On entry : 0/0
  2394 ;;		On exit  : 0/0
  2395 ;;		Unchanged: 0/0
  2396 ;; Data sizes:     COMRAM   BANK0   BANK1   BANK2   BANK3   BANK4   BANK5   BANK6   BANK7
  2397 ;;      Params:         0       0       0       0       0       0       0       0       0
  2398 ;;      Locals:         1       0       0       0       0       0       0       0       0
  2399 ;;      Temps:          0       0       0       0       0       0       0       0       0
  2400 ;;      Totals:         1       0       0       0       0       0       0       0       0
  2401 ;;Total ram usage:        1 bytes
  2402 ;; Hardware stack levels used: 1
  2403 ;; Hardware stack levels required when called: 1
  2404 ;; This function calls:
  2405 ;;		_I2C_Delay
  2406 ;; This function is called by:
  2407 ;;		_I2C_Write
  2408 ;;		_I2C_Read
  2409 ;; This function uses a non-reentrant model
  2410 ;;
  2411                           
  2412                           	psect	text17
  2413   0011C4                     __ptext17:
  2414                           	callstack 0
  2415   0011C4                     _I2C_WriteBit:
  2416                           	callstack 27
  2417                           
  2418                           ;incstack = 0
  2419                           ;I2C_WriteBit@bit stored from wreg
  2420   0011C4  6E01               	movwf	I2C_WriteBit@bit^0,c
  2421   0011C6                     
  2422                           ;SENSOR_IC2.c: 54:     TRISBbits.TRISB0 = 0; LATBbits.LATB0 = bit;
  2423   0011C6  9093               	bcf	147,0,c	;volatile
  2424   0011C8  B001               	btfsc	I2C_WriteBit@bit^0,0,c
  2425   0011CA  D002               	bra	u215
  2426   0011CC  908A               	bcf	138,0,c	;volatile
  2427   0011CE  D001               	bra	u216
  2428   0011D0                     u215:
  2429   0011D0  808A               	bsf	138,0,c	;volatile
  2430   0011D2                     u216:
  2431   0011D2                     
  2432                           ;SENSOR_IC2.c: 55:     I2C_Delay(); LATBbits.LATB1= 1;
  2433   0011D2  EC1E  F009         	call	_I2C_Delay	;wreg free
  2434   0011D6  828A               	bsf	138,1,c	;volatile
  2435   0011D8                     
  2436                           ;SENSOR_IC2.c: 56:     I2C_Delay(); LATBbits.LATB1 = 0;
  2437   0011D8  EC1E  F009         	call	_I2C_Delay	;wreg free
  2438   0011DC  928A               	bcf	138,1,c	;volatile
  2439   0011DE  0012               	return		;funcret
  2440   0011E0                     __end_of_I2C_WriteBit:
  2441                           	callstack 0
  2442                           
  2443 ;; *************** function _I2C_ReadBit *****************
  2444 ;; Defined at:
  2445 ;;		line 59 in file "SENSOR_IC2.c"
  2446 ;; Parameters:    Size  Location     Type
  2447 ;;		None
  2448 ;; Auto vars:     Size  Location     Type
  2449 ;;  bit             1    0[COMRAM] unsigned char 
  2450 ;; Return value:  Size  Location     Type
  2451 ;;                  1    wreg      unsigned char 
  2452 ;; Registers used:
  2453 ;;		wreg, status,2, cstack
  2454 ;; Tracked objects:
  2455 ;;		On entry : 0/0
  2456 ;;		On exit  : 0/0
  2457 ;;		Unchanged: 0/0
  2458 ;; Data sizes:     COMRAM   BANK0   BANK1   BANK2   BANK3   BANK4   BANK5   BANK6   BANK7
  2459 ;;      Params:         0       0       0       0       0       0       0       0       0
  2460 ;;      Locals:         1       0       0       0       0       0       0       0       0
  2461 ;;      Temps:          0       0       0       0       0       0       0       0       0
  2462 ;;      Totals:         1       0       0       0       0       0       0       0       0
  2463 ;;Total ram usage:        1 bytes
  2464 ;; Hardware stack levels used: 1
  2465 ;; Hardware stack levels required when called: 1
  2466 ;; This function calls:
  2467 ;;		_I2C_Delay
  2468 ;; This function is called by:
  2469 ;;		_I2C_Write
  2470 ;;		_I2C_Read
  2471 ;; This function uses a non-reentrant model
  2472 ;;
  2473                           
  2474                           	psect	text18
  2475   0011E0                     __ptext18:
  2476                           	callstack 0
  2477   0011E0                     _I2C_ReadBit:
  2478                           	callstack 27
  2479   0011E0                     
  2480                           ;SENSOR_IC2.c: 60:     uint8_t bit;;SENSOR_IC2.c: 61:     TRISBbits.TRISB0 = 1;
  2481   0011E0  8093               	bsf	147,0,c	;volatile
  2482   0011E2                     
  2483                           ;SENSOR_IC2.c: 62:     I2C_Delay(); LATBbits.LATB1= 1;
  2484   0011E2  EC1E  F009         	call	_I2C_Delay	;wreg free
  2485   0011E6  828A               	bsf	138,1,c	;volatile
  2486                           
  2487                           ;SENSOR_IC2.c: 63:     I2C_Delay(); bit = PORTBbits.RB0;
  2488   0011E8  EC1E  F009         	call	_I2C_Delay	;wreg free
  2489   0011EC  0E00               	movlw	0
  2490   0011EE  B081               	btfsc	129,0,c	;volatile
  2491   0011F0  0E01               	movlw	1
  2492   0011F2  6E01               	movwf	I2C_ReadBit@bit^0,c
  2493   0011F4                     
  2494                           ;SENSOR_IC2.c: 64:     LATBbits.LATB1=0;
  2495   0011F4  928A               	bcf	138,1,c	;volatile
  2496   0011F6                     
  2497                           ;SENSOR_IC2.c: 65:     return bit;
  2498   0011F6  5001               	movf	I2C_ReadBit@bit^0,w,c
  2499   0011F8  0012               	return		;funcret
  2500   0011FA                     __end_of_I2C_ReadBit:
  2501                           	callstack 0
  2502                           
  2503 ;; *************** function _I2C_Delay *****************
  2504 ;; Defined at:
  2505 ;;		line 30 in file "SENSOR_IC2.c"
  2506 ;; Parameters:    Size  Location     Type
  2507 ;;		None
  2508 ;; Auto vars:     Size  Location     Type
  2509 ;;		None
  2510 ;; Return value:  Size  Location     Type
  2511 ;;                  1    wreg      void 
  2512 ;; Registers used:
  2513 ;;		wreg
  2514 ;; Tracked objects:
  2515 ;;		On entry : 0/0
  2516 ;;		On exit  : 0/0
  2517 ;;		Unchanged: 0/0
  2518 ;; Data sizes:     COMRAM   BANK0   BANK1   BANK2   BANK3   BANK4   BANK5   BANK6   BANK7
  2519 ;;      Params:         0       0       0       0       0       0       0       0       0
  2520 ;;      Locals:         0       0       0       0       0       0       0       0       0
  2521 ;;      Temps:          0       0       0       0       0       0       0       0       0
  2522 ;;      Totals:         0       0       0       0       0       0       0       0       0
  2523 ;;Total ram usage:        0 bytes
  2524 ;; Hardware stack levels used: 1
  2525 ;; This function calls:
  2526 ;;		Nothing
  2527 ;; This function is called by:
  2528 ;;		_I2C_Start
  2529 ;;		_I2C_Stop
  2530 ;;		_I2C_WriteBit
  2531 ;;		_I2C_ReadBit
  2532 ;; This function uses a non-reentrant model
  2533 ;;
  2534                           
  2535                           	psect	text19
  2536   00123C                     __ptext19:
  2537                           	callstack 0
  2538   00123C                     _I2C_Delay:
  2539                           	callstack 27
  2540   00123C  0E06               	movlw	6
  2541   00123E                     u787:
  2542   00123E  2EE8               	decfsz	wreg,f,c
  2543   001240  D7FE               	bra	u787
  2544   001242  D000               	nop2	
  2545   001244  0012               	return		;funcret
  2546   001246                     __end_of_I2C_Delay:
  2547                           	callstack 0
  2548                           
  2549 ;; *************** function _LCD_WriteString *****************
  2550 ;; Defined at:
  2551 ;;		line 151 in file "SENSOR_IC2.c"
  2552 ;; Parameters:    Size  Location     Type
  2553 ;;  str             2    3[COMRAM] PTR const unsigned char 
  2554 ;;		 -> STR_3(17), main@buffer(16), STR_1(18), 
  2555 ;; Auto vars:     Size  Location     Type
  2556 ;;		None
  2557 ;; Return value:  Size  Location     Type
  2558 ;;                  1    wreg      void 
  2559 ;; Registers used:
  2560 ;;		wreg, fsr1l, fsr1h, status,2, status,0, tblptrl, tblptrh, tblptru, cstack
  2561 ;; Tracked objects:
  2562 ;;		On entry : 0/0
  2563 ;;		On exit  : 0/0
  2564 ;;		Unchanged: 0/0
  2565 ;; Data sizes:     COMRAM   BANK0   BANK1   BANK2   BANK3   BANK4   BANK5   BANK6   BANK7
  2566 ;;      Params:         2       0       0       0       0       0       0       0       0
  2567 ;;      Locals:         0       0       0       0       0       0       0       0       0
  2568 ;;      Temps:          0       0       0       0       0       0       0       0       0
  2569 ;;      Totals:         2       0       0       0       0       0       0       0       0
  2570 ;;Total ram usage:        2 bytes
  2571 ;; Hardware stack levels used: 1
  2572 ;; Hardware stack levels required when called: 2
  2573 ;; This function calls:
  2574 ;;		_LCD_WriteChar
  2575 ;; This function is called by:
  2576 ;;		_main
  2577 ;; This function uses a non-reentrant model
  2578 ;;
  2579                           
  2580                           	psect	text20
  2581   000FAE                     __ptext20:
  2582                           	callstack 0
  2583   000FAE                     _LCD_WriteString:
  2584                           	callstack 28
  2585   000FAE                     
  2586                           ;SENSOR_IC2.c: 152:     while(*str)LCD_WriteChar(*str++);
  2587   000FAE  EFED  F007         	goto	l1485
  2588   000FB2                     l1481:
  2589   000FB2  C004  FFF6         	movff	LCD_WriteString@str,tblptrl
  2590   000FB6  C005  FFF7         	movff	LCD_WriteString@str+1,tblptrh
  2591   000FBA  6AF8               	clrf	tblptru,c
  2592   000FBC  0E07               	movlw	(high __ramtop+-1)
  2593   000FBE  64F7               	cpfsgt	tblptrh,c
  2594   000FC0  D003               	bra	u747
  2595   000FC2  0008               	tblrd		*
  2596   000FC4  50F5               	movf	tablat,w,c
  2597   000FC6  D005               	bra	u740
  2598   000FC8                     u747:
  2599   000FC8  CFF6 FFE1          	movff	tblptrl,fsr1l
  2600   000FCC  CFF7 FFE2          	movff	tblptrh,fsr1h
  2601   000FD0  50E7               	movf	indf1,w,c
  2602   000FD2                     u740:
  2603   000FD2  EC24  F005         	call	_LCD_WriteChar
  2604   000FD6  4A04               	infsnz	LCD_WriteString@str^0,f,c
  2605   000FD8  2A05               	incf	(LCD_WriteString@str+1)^0,f,c
  2606   000FDA                     l1485:
  2607   000FDA  C004  FFF6         	movff	LCD_WriteString@str,tblptrl
  2608   000FDE  C005  FFF7         	movff	LCD_WriteString@str+1,tblptrh
  2609   000FE2  6AF8               	clrf	tblptru,c
  2610   000FE4  0E07               	movlw	(high __ramtop+-1)
  2611   000FE6  64F7               	cpfsgt	tblptrh,c
  2612   000FE8  D003               	bra	u757
  2613   000FEA  0008               	tblrd		*
  2614   000FEC  50F5               	movf	tablat,w,c
  2615   000FEE  D005               	bra	u750
  2616   000FF0                     u757:
  2617   000FF0  CFF6 FFE1          	movff	tblptrl,fsr1l
  2618   000FF4  CFF7 FFE2          	movff	tblptrh,fsr1h
  2619   000FF8  50E7               	movf	indf1,w,c
  2620   000FFA                     u750:
  2621   000FFA  0900               	iorlw	0
  2622   000FFC  A4D8               	btfss	status,2,c
  2623   000FFE  EF03  F008         	goto	u761
  2624   001002  EF05  F008         	goto	u760
  2625   001006                     u761:
  2626   001006  EFD9  F007         	goto	l1481
  2627   00100A                     u760:
  2628   00100A  0012               	return		;funcret
  2629   00100C                     __end_of_LCD_WriteString:
  2630                           	callstack 0
  2631                           
  2632 ;; *************** function _LCD_WriteChar *****************
  2633 ;; Defined at:
  2634 ;;		line 136 in file "SENSOR_IC2.c"
  2635 ;; Parameters:    Size  Location     Type
  2636 ;;  c               1    wreg     unsigned char 
  2637 ;; Auto vars:     Size  Location     Type
  2638 ;;  c               1    2[COMRAM] unsigned char 
  2639 ;; Return value:  Size  Location     Type
  2640 ;;                  1    wreg      void 
  2641 ;; Registers used:
  2642 ;;		wreg, status,2, status,0, cstack
  2643 ;; Tracked objects:
  2644 ;;		On entry : 0/0
  2645 ;;		On exit  : 0/0
  2646 ;;		Unchanged: 0/0
  2647 ;; Data sizes:     COMRAM   BANK0   BANK1   BANK2   BANK3   BANK4   BANK5   BANK6   BANK7
  2648 ;;      Params:         0       0       0       0       0       0       0       0       0
  2649 ;;      Locals:         1       0       0       0       0       0       0       0       0
  2650 ;;      Temps:          2       0       0       0       0       0       0       0       0
  2651 ;;      Totals:         3       0       0       0       0       0       0       0       0
  2652 ;;Total ram usage:        3 bytes
  2653 ;; Hardware stack levels used: 1
  2654 ;; Hardware stack levels required when called: 1
  2655 ;; This function calls:
  2656 ;;		_LCD_Pulse
  2657 ;; This function is called by:
  2658 ;;		_LCD_WriteString
  2659 ;; This function uses a non-reentrant model
  2660 ;;
  2661                           
  2662                           	psect	text21
  2663   000A48                     __ptext21:
  2664                           	callstack 0
  2665   000A48                     _LCD_WriteChar:
  2666                           	callstack 28
  2667                           
  2668                           ;incstack = 0
  2669                           ;LCD_WriteChar@c stored from wreg
  2670   000A48  6E03               	movwf	LCD_WriteChar@c^0,c
  2671   000A4A                     
  2672                           ;SENSOR_IC2.c: 137:     LATAbits.LATA0 = 1;
  2673   000A4A  8089               	bsf	137,0,c	;volatile
  2674   000A4C                     
  2675                           ;SENSOR_IC2.c: 138:     LATAbits.LATA2 = (c>>4)&1;
  2676   000A4C  C003  F001         	movff	LCD_WriteChar@c,??_LCD_WriteChar
  2677   000A50  3A01               	swapf	??_LCD_WriteChar^0,f,c
  2678   000A52  0E0F               	movlw	15
  2679   000A54  1601               	andwf	??_LCD_WriteChar^0,f,c
  2680   000A56  0E01               	movlw	1
  2681   000A58  1601               	andwf	??_LCD_WriteChar^0,f,c
  2682   000A5A  4601               	rlncf	??_LCD_WriteChar^0,f,c
  2683   000A5C  4601               	rlncf	??_LCD_WriteChar^0,f,c
  2684   000A5E  5089               	movf	137,w,c	;volatile
  2685   000A60  1801               	xorwf	??_LCD_WriteChar^0,w,c
  2686   000A62  0BFB               	andlw	-5
  2687   000A64  1801               	xorwf	??_LCD_WriteChar^0,w,c
  2688   000A66  6E89               	movwf	137,c	;volatile
  2689                           
  2690                           ;SENSOR_IC2.c: 139:     LATAbits.LATA3 = (c>>5)&1;
  2691   000A68  C003  F001         	movff	LCD_WriteChar@c,??_LCD_WriteChar
  2692   000A6C  0E05               	movlw	5
  2693   000A6E  6E02               	movwf	(??_LCD_WriteChar+1)^0,c
  2694   000A70                     u695:
  2695   000A70  90D8               	bcf	status,0,c
  2696   000A72  3201               	rrcf	??_LCD_WriteChar^0,f,c
  2697   000A74  2E02               	decfsz	(??_LCD_WriteChar+1)^0,f,c
  2698   000A76  EF38  F005         	goto	u695
  2699   000A7A  0E01               	movlw	1
  2700   000A7C  1601               	andwf	??_LCD_WriteChar^0,f,c
  2701   000A7E  4601               	rlncf	??_LCD_WriteChar^0,f,c
  2702   000A80  4601               	rlncf	??_LCD_WriteChar^0,f,c
  2703   000A82  4601               	rlncf	??_LCD_WriteChar^0,f,c
  2704   000A84  5089               	movf	137,w,c	;volatile
  2705   000A86  1801               	xorwf	??_LCD_WriteChar^0,w,c
  2706   000A88  0BF7               	andlw	-9
  2707   000A8A  1801               	xorwf	??_LCD_WriteChar^0,w,c
  2708   000A8C  6E89               	movwf	137,c	;volatile
  2709                           
  2710                           ;SENSOR_IC2.c: 140:     LATAbits.LATA4 = (c>>6)&1;
  2711   000A8E  C003  F001         	movff	LCD_WriteChar@c,??_LCD_WriteChar
  2712   000A92  0E06               	movlw	6
  2713   000A94  6E02               	movwf	(??_LCD_WriteChar+1)^0,c
  2714   000A96                     u705:
  2715   000A96  90D8               	bcf	status,0,c
  2716   000A98  3201               	rrcf	??_LCD_WriteChar^0,f,c
  2717   000A9A  2E02               	decfsz	(??_LCD_WriteChar+1)^0,f,c
  2718   000A9C  EF4B  F005         	goto	u705
  2719   000AA0  0E01               	movlw	1
  2720   000AA2  1601               	andwf	??_LCD_WriteChar^0,f,c
  2721   000AA4  3A01               	swapf	??_LCD_WriteChar^0,f,c
  2722   000AA6  5089               	movf	137,w,c	;volatile
  2723   000AA8  1801               	xorwf	??_LCD_WriteChar^0,w,c
  2724   000AAA  0BEF               	andlw	-17
  2725   000AAC  1801               	xorwf	??_LCD_WriteChar^0,w,c
  2726   000AAE  6E89               	movwf	137,c	;volatile
  2727                           
  2728                           ;SENSOR_IC2.c: 141:     LATAbits.LATA5 = (c>>7)&1;
  2729   000AB0  6A01               	clrf	??_LCD_WriteChar^0,c
  2730   000AB2  AE03               	btfss	LCD_WriteChar@c^0,7,c
  2731   000AB4  D001               	bra	u715
  2732   000AB6  2A01               	incf	??_LCD_WriteChar^0,f,c
  2733   000AB8                     u715:
  2734   000AB8  0E01               	movlw	1
  2735   000ABA  1601               	andwf	??_LCD_WriteChar^0,f,c
  2736   000ABC  3A01               	swapf	??_LCD_WriteChar^0,f,c
  2737   000ABE  4601               	rlncf	??_LCD_WriteChar^0,f,c
  2738   000AC0  5089               	movf	137,w,c	;volatile
  2739   000AC2  1801               	xorwf	??_LCD_WriteChar^0,w,c
  2740   000AC4  0BDF               	andlw	-33
  2741   000AC6  1801               	xorwf	??_LCD_WriteChar^0,w,c
  2742   000AC8  6E89               	movwf	137,c	;volatile
  2743   000ACA                     
  2744                           ;SENSOR_IC2.c: 142:     LCD_Pulse();
  2745   000ACA  EC13  F009         	call	_LCD_Pulse	;wreg free
  2746   000ACE                     
  2747                           ;SENSOR_IC2.c: 143:     LATAbits.LATA2 = c & 1;
  2748   000ACE  C003  F001         	movff	LCD_WriteChar@c,??_LCD_WriteChar
  2749   000AD2  0E01               	movlw	1
  2750   000AD4  1601               	andwf	??_LCD_WriteChar^0,f,c
  2751   000AD6  4601               	rlncf	??_LCD_WriteChar^0,f,c
  2752   000AD8  4601               	rlncf	??_LCD_WriteChar^0,f,c
  2753   000ADA  5089               	movf	137,w,c	;volatile
  2754   000ADC  1801               	xorwf	??_LCD_WriteChar^0,w,c
  2755   000ADE  0BFB               	andlw	-5
  2756   000AE0  1801               	xorwf	??_LCD_WriteChar^0,w,c
  2757   000AE2  6E89               	movwf	137,c	;volatile
  2758   000AE4                     
  2759                           ;SENSOR_IC2.c: 144:     LATAbits.LATA3 = (c>>1)&1;
  2760   000AE4  C003  F001         	movff	LCD_WriteChar@c,??_LCD_WriteChar
  2761   000AE8  90D8               	bcf	status,0,c
  2762   000AEA  3201               	rrcf	??_LCD_WriteChar^0,f,c
  2763   000AEC  0E01               	movlw	1
  2764   000AEE  1601               	andwf	??_LCD_WriteChar^0,f,c
  2765   000AF0  4601               	rlncf	??_LCD_WriteChar^0,f,c
  2766   000AF2  4601               	rlncf	??_LCD_WriteChar^0,f,c
  2767   000AF4  4601               	rlncf	??_LCD_WriteChar^0,f,c
  2768   000AF6  5089               	movf	137,w,c	;volatile
  2769   000AF8  1801               	xorwf	??_LCD_WriteChar^0,w,c
  2770   000AFA  0BF7               	andlw	-9
  2771   000AFC  1801               	xorwf	??_LCD_WriteChar^0,w,c
  2772   000AFE  6E89               	movwf	137,c	;volatile
  2773   000B00                     
  2774                           ;SENSOR_IC2.c: 145:     LATAbits.LATA4 = (c>>2)&1;
  2775   000B00  C003  F001         	movff	LCD_WriteChar@c,??_LCD_WriteChar
  2776   000B04  90D8               	bcf	status,0,c
  2777   000B06  3201               	rrcf	??_LCD_WriteChar^0,f,c
  2778   000B08  90D8               	bcf	status,0,c
  2779   000B0A  3201               	rrcf	??_LCD_WriteChar^0,f,c
  2780   000B0C  0E01               	movlw	1
  2781   000B0E  1601               	andwf	??_LCD_WriteChar^0,f,c
  2782   000B10  3A01               	swapf	??_LCD_WriteChar^0,f,c
  2783   000B12  5089               	movf	137,w,c	;volatile
  2784   000B14  1801               	xorwf	??_LCD_WriteChar^0,w,c
  2785   000B16  0BEF               	andlw	-17
  2786   000B18  1801               	xorwf	??_LCD_WriteChar^0,w,c
  2787   000B1A  6E89               	movwf	137,c	;volatile
  2788   000B1C                     
  2789                           ;SENSOR_IC2.c: 146:     LATAbits.LATA5 = (c>>3)&1;
  2790   000B1C  C003  F001         	movff	LCD_WriteChar@c,??_LCD_WriteChar
  2791   000B20  90D8               	bcf	status,0,c
  2792   000B22  3201               	rrcf	??_LCD_WriteChar^0,f,c
  2793   000B24  90D8               	bcf	status,0,c
  2794   000B26  3201               	rrcf	??_LCD_WriteChar^0,f,c
  2795   000B28  90D8               	bcf	status,0,c
  2796   000B2A  3201               	rrcf	??_LCD_WriteChar^0,f,c
  2797   000B2C  0E01               	movlw	1
  2798   000B2E  1601               	andwf	??_LCD_WriteChar^0,f,c
  2799   000B30  3A01               	swapf	??_LCD_WriteChar^0,f,c
  2800   000B32  4601               	rlncf	??_LCD_WriteChar^0,f,c
  2801   000B34  5089               	movf	137,w,c	;volatile
  2802   000B36  1801               	xorwf	??_LCD_WriteChar^0,w,c
  2803   000B38  0BDF               	andlw	-33
  2804   000B3A  1801               	xorwf	??_LCD_WriteChar^0,w,c
  2805   000B3C  6E89               	movwf	137,c	;volatile
  2806   000B3E                     
  2807                           ;SENSOR_IC2.c: 147:     LCD_Pulse();
  2808   000B3E  EC13  F009         	call	_LCD_Pulse	;wreg free
  2809   000B42                     
  2810                           ;SENSOR_IC2.c: 148:     _delay((unsigned long)((100)*(8000000/4000000.0)));
  2811   000B42  0E42               	movlw	66
  2812   000B44                     u797:
  2813   000B44  2EE8               	decfsz	wreg,f,c
  2814   000B46  D7FE               	bra	u797
  2815   000B48  D000               	nop2	
  2816   000B4A  0012               	return		;funcret
  2817   000B4C                     __end_of_LCD_WriteChar:
  2818                           	callstack 0
  2819                           
  2820 ;; *************** function _LCD_SetCursor *****************
  2821 ;; Defined at:
  2822 ;;		line 130 in file "SENSOR_IC2.c"
  2823 ;; Parameters:    Size  Location     Type
  2824 ;;  row             1    wreg     unsigned char 
  2825 ;;  col             1    3[COMRAM] unsigned char 
  2826 ;; Auto vars:     Size  Location     Type
  2827 ;;  row             1    4[COMRAM] unsigned char 
  2828 ;;  address         1    7[COMRAM] unsigned char 
  2829 ;; Return value:  Size  Location     Type
  2830 ;;                  1    wreg      void 
  2831 ;; Registers used:
  2832 ;;		wreg, status,2, status,0, cstack
  2833 ;; Tracked objects:
  2834 ;;		On entry : 0/0
  2835 ;;		On exit  : 0/0
  2836 ;;		Unchanged: 0/0
  2837 ;; Data sizes:     COMRAM   BANK0   BANK1   BANK2   BANK3   BANK4   BANK5   BANK6   BANK7
  2838 ;;      Params:         1       0       0       0       0       0       0       0       0
  2839 ;;      Locals:         4       0       0       0       0       0       0       0       0
  2840 ;;      Temps:          0       0       0       0       0       0       0       0       0
  2841 ;;      Totals:         5       0       0       0       0       0       0       0       0
  2842 ;;Total ram usage:        5 bytes
  2843 ;; Hardware stack levels used: 1
  2844 ;; Hardware stack levels required when called: 2
  2845 ;; This function calls:
  2846 ;;		_LCD_Cmd
  2847 ;; This function is called by:
  2848 ;;		_main
  2849 ;; This function uses a non-reentrant model
  2850 ;;
  2851                           
  2852                           	psect	text22
  2853   001110                     __ptext22:
  2854                           	callstack 0
  2855   001110                     _LCD_SetCursor:
  2856                           	callstack 28
  2857                           
  2858                           ;incstack = 0
  2859                           ;LCD_SetCursor@row stored from wreg
  2860   001110  6E05               	movwf	LCD_SetCursor@row^0,c
  2861   001112                     
  2862                           ;SENSOR_IC2.c: 131:     uint8_t address = (row == 1)? 0x80 : 0xC0;
  2863   001112  0405               	decf	LCD_SetCursor@row^0,w,c
  2864   001114  B4D8               	btfsc	status,2,c
  2865   001116  EF8F  F008         	goto	u731
  2866   00111A  EF91  F008         	goto	u730
  2867   00111E                     u731:
  2868   00111E  EF97  F008         	goto	l1471
  2869   001122                     u730:
  2870   001122  0E00               	movlw	0
  2871   001124  6E07               	movwf	(_LCD_SetCursor$263+1)^0,c
  2872   001126  0EC0               	movlw	192
  2873   001128  6E06               	movwf	_LCD_SetCursor$263^0,c
  2874   00112A  EF9B  F008         	goto	l1473
  2875   00112E                     l1471:
  2876   00112E  0E00               	movlw	0
  2877   001130  6E07               	movwf	(_LCD_SetCursor$263+1)^0,c
  2878   001132  0E80               	movlw	128
  2879   001134  6E06               	movwf	_LCD_SetCursor$263^0,c
  2880   001136                     l1473:
  2881   001136  C006  F008         	movff	_LCD_SetCursor$263,LCD_SetCursor@address
  2882   00113A                     
  2883                           ;SENSOR_IC2.c: 132:     address +=(col-1);
  2884   00113A  0404               	decf	LCD_SetCursor@col^0,w,c
  2885   00113C  2608               	addwf	LCD_SetCursor@address^0,f,c
  2886   00113E                     
  2887                           ;SENSOR_IC2.c: 133:     LCD_Cmd(address);
  2888   00113E  5008               	movf	LCD_SetCursor@address^0,w,c
  2889   001140  EC9E  F004         	call	_LCD_Cmd
  2890   001144  0012               	return		;funcret
  2891   001146                     __end_of_LCD_SetCursor:
  2892                           	callstack 0
  2893                           
  2894 ;; *************** function _LCD_Init *****************
  2895 ;; Defined at:
  2896 ;;		line 119 in file "SENSOR_IC2.c"
  2897 ;; Parameters:    Size  Location     Type
  2898 ;;		None
  2899 ;; Auto vars:     Size  Location     Type
  2900 ;;		None
  2901 ;; Return value:  Size  Location     Type
  2902 ;;                  1    wreg      void 
  2903 ;; Registers used:
  2904 ;;		wreg, status,2, status,0, cstack
  2905 ;; Tracked objects:
  2906 ;;		On entry : 0/0
  2907 ;;		On exit  : 0/0
  2908 ;;		Unchanged: 0/0
  2909 ;; Data sizes:     COMRAM   BANK0   BANK1   BANK2   BANK3   BANK4   BANK5   BANK6   BANK7
  2910 ;;      Params:         0       0       0       0       0       0       0       0       0
  2911 ;;      Locals:         0       0       0       0       0       0       0       0       0
  2912 ;;      Temps:          1       0       0       0       0       0       0       0       0
  2913 ;;      Totals:         1       0       0       0       0       0       0       0       0
  2914 ;;Total ram usage:        1 bytes
  2915 ;; Hardware stack levels used: 1
  2916 ;; Hardware stack levels required when called: 2
  2917 ;; This function calls:
  2918 ;;		_LCD_Cmd
  2919 ;; This function is called by:
  2920 ;;		_main
  2921 ;; This function uses a non-reentrant model
  2922 ;;
  2923                           
  2924                           	psect	text23
  2925   001056                     __ptext23:
  2926                           	callstack 0
  2927   001056                     _LCD_Init:
  2928                           	callstack 28
  2929   001056                     
  2930                           ;SENSOR_IC2.c: 120:     TRISA=0x00;
  2931   001056  6A92               	clrf	146,c	;volatile
  2932   001058                     
  2933                           ;SENSOR_IC2.c: 121:     _delay((unsigned long)((20)*(8000000/4000.0)));
  2934   001058  0E34               	movlw	52
  2935   00105A  6E04               	movwf	??_LCD_Init^0,c
  2936   00105C  0EF2               	movlw	242
  2937   00105E                     u807:
  2938   00105E  2EE8               	decfsz	wreg,f,c
  2939   001060  D7FE               	bra	u807
  2940   001062  2E04               	decfsz	??_LCD_Init^0,f,c
  2941   001064  D7FC               	bra	u807
  2942   001066                     
  2943                           ;SENSOR_IC2.c: 122:     LCD_Cmd(0x02);
  2944   001066  0E02               	movlw	2
  2945   001068  EC9E  F004         	call	_LCD_Cmd
  2946   00106C                     
  2947                           ;SENSOR_IC2.c: 123:     LCD_Cmd(0x28);
  2948   00106C  0E28               	movlw	40
  2949   00106E  EC9E  F004         	call	_LCD_Cmd
  2950   001072                     
  2951                           ;SENSOR_IC2.c: 124:     LCD_Cmd(0x0C);
  2952   001072  0E0C               	movlw	12
  2953   001074  EC9E  F004         	call	_LCD_Cmd
  2954   001078                     
  2955                           ;SENSOR_IC2.c: 125:     LCD_Cmd(0x06);
  2956   001078  0E06               	movlw	6
  2957   00107A  EC9E  F004         	call	_LCD_Cmd
  2958   00107E                     
  2959                           ;SENSOR_IC2.c: 126:     LCD_Cmd(0x01);
  2960   00107E  0E01               	movlw	1
  2961   001080  EC9E  F004         	call	_LCD_Cmd
  2962   001084                     
  2963                           ;SENSOR_IC2.c: 127:      _delay((unsigned long)((2)*(8000000/4000.0)));
  2964   001084  0E06               	movlw	6
  2965   001086  6E04               	movwf	??_LCD_Init^0,c
  2966   001088  0E30               	movlw	48
  2967   00108A                     u817:
  2968   00108A  2EE8               	decfsz	wreg,f,c
  2969   00108C  D7FE               	bra	u817
  2970   00108E  2E04               	decfsz	??_LCD_Init^0,f,c
  2971   001090  D7FC               	bra	u817
  2972   001092  D000               	nop2	
  2973   001094  0012               	return		;funcret
  2974   001096                     __end_of_LCD_Init:
  2975                           	callstack 0
  2976                           
  2977 ;; *************** function _LCD_Cmd *****************
  2978 ;; Defined at:
  2979 ;;		line 102 in file "SENSOR_IC2.c"
  2980 ;; Parameters:    Size  Location     Type
  2981 ;;  cmd             1    wreg     unsigned char 
  2982 ;; Auto vars:     Size  Location     Type
  2983 ;;  cmd             1    2[COMRAM] unsigned char 
  2984 ;; Return value:  Size  Location     Type
  2985 ;;                  1    wreg      void 
  2986 ;; Registers used:
  2987 ;;		wreg, status,2, status,0, cstack
  2988 ;; Tracked objects:
  2989 ;;		On entry : 0/0
  2990 ;;		On exit  : 0/0
  2991 ;;		Unchanged: 0/0
  2992 ;; Data sizes:     COMRAM   BANK0   BANK1   BANK2   BANK3   BANK4   BANK5   BANK6   BANK7
  2993 ;;      Params:         0       0       0       0       0       0       0       0       0
  2994 ;;      Locals:         1       0       0       0       0       0       0       0       0
  2995 ;;      Temps:          2       0       0       0       0       0       0       0       0
  2996 ;;      Totals:         3       0       0       0       0       0       0       0       0
  2997 ;;Total ram usage:        3 bytes
  2998 ;; Hardware stack levels used: 1
  2999 ;; Hardware stack levels required when called: 1
  3000 ;; This function calls:
  3001 ;;		_LCD_Pulse
  3002 ;; This function is called by:
  3003 ;;		_LCD_Init
  3004 ;;		_LCD_SetCursor
  3005 ;; This function uses a non-reentrant model
  3006 ;;
  3007                           
  3008                           	psect	text24
  3009   00093C                     __ptext24:
  3010                           	callstack 0
  3011   00093C                     _LCD_Cmd:
  3012                           	callstack 28
  3013                           
  3014                           ;incstack = 0
  3015                           ;LCD_Cmd@cmd stored from wreg
  3016   00093C  6E03               	movwf	LCD_Cmd@cmd^0,c
  3017   00093E                     
  3018                           ;SENSOR_IC2.c: 103:     LATAbits.LATA0 = 0;
  3019   00093E  9089               	bcf	137,0,c	;volatile
  3020   000940                     
  3021                           ;SENSOR_IC2.c: 104:     LATAbits.LATA2 = (cmd>>4)&1;
  3022   000940  C003  F001         	movff	LCD_Cmd@cmd,??_LCD_Cmd
  3023   000944  3A01               	swapf	??_LCD_Cmd^0,f,c
  3024   000946  0E0F               	movlw	15
  3025   000948  1601               	andwf	??_LCD_Cmd^0,f,c
  3026   00094A  0E01               	movlw	1
  3027   00094C  1601               	andwf	??_LCD_Cmd^0,f,c
  3028   00094E  4601               	rlncf	??_LCD_Cmd^0,f,c
  3029   000950  4601               	rlncf	??_LCD_Cmd^0,f,c
  3030   000952  5089               	movf	137,w,c	;volatile
  3031   000954  1801               	xorwf	??_LCD_Cmd^0,w,c
  3032   000956  0BFB               	andlw	-5
  3033   000958  1801               	xorwf	??_LCD_Cmd^0,w,c
  3034   00095A  6E89               	movwf	137,c	;volatile
  3035                           
  3036                           ;SENSOR_IC2.c: 105:     LATAbits.LATA3 = (cmd>>5)&1;
  3037   00095C  C003  F001         	movff	LCD_Cmd@cmd,??_LCD_Cmd
  3038   000960  0E05               	movlw	5
  3039   000962  6E02               	movwf	(??_LCD_Cmd+1)^0,c
  3040   000964                     u665:
  3041   000964  90D8               	bcf	status,0,c
  3042   000966  3201               	rrcf	??_LCD_Cmd^0,f,c
  3043   000968  2E02               	decfsz	(??_LCD_Cmd+1)^0,f,c
  3044   00096A  EFB2  F004         	goto	u665
  3045   00096E  0E01               	movlw	1
  3046   000970  1601               	andwf	??_LCD_Cmd^0,f,c
  3047   000972  4601               	rlncf	??_LCD_Cmd^0,f,c
  3048   000974  4601               	rlncf	??_LCD_Cmd^0,f,c
  3049   000976  4601               	rlncf	??_LCD_Cmd^0,f,c
  3050   000978  5089               	movf	137,w,c	;volatile
  3051   00097A  1801               	xorwf	??_LCD_Cmd^0,w,c
  3052   00097C  0BF7               	andlw	-9
  3053   00097E  1801               	xorwf	??_LCD_Cmd^0,w,c
  3054   000980  6E89               	movwf	137,c	;volatile
  3055                           
  3056                           ;SENSOR_IC2.c: 106:     LATAbits.LATA4 = (cmd>>6)&1;
  3057   000982  C003  F001         	movff	LCD_Cmd@cmd,??_LCD_Cmd
  3058   000986  0E06               	movlw	6
  3059   000988  6E02               	movwf	(??_LCD_Cmd+1)^0,c
  3060   00098A                     u675:
  3061   00098A  90D8               	bcf	status,0,c
  3062   00098C  3201               	rrcf	??_LCD_Cmd^0,f,c
  3063   00098E  2E02               	decfsz	(??_LCD_Cmd+1)^0,f,c
  3064   000990  EFC5  F004         	goto	u675
  3065   000994  0E01               	movlw	1
  3066   000996  1601               	andwf	??_LCD_Cmd^0,f,c
  3067   000998  3A01               	swapf	??_LCD_Cmd^0,f,c
  3068   00099A  5089               	movf	137,w,c	;volatile
  3069   00099C  1801               	xorwf	??_LCD_Cmd^0,w,c
  3070   00099E  0BEF               	andlw	-17
  3071   0009A0  1801               	xorwf	??_LCD_Cmd^0,w,c
  3072   0009A2  6E89               	movwf	137,c	;volatile
  3073                           
  3074                           ;SENSOR_IC2.c: 107:     LATAbits.LATA5 = (cmd>>7)&1;
  3075   0009A4  6A01               	clrf	??_LCD_Cmd^0,c
  3076   0009A6  AE03               	btfss	LCD_Cmd@cmd^0,7,c
  3077   0009A8  D001               	bra	u685
  3078   0009AA  2A01               	incf	??_LCD_Cmd^0,f,c
  3079   0009AC                     u685:
  3080   0009AC  0E01               	movlw	1
  3081   0009AE  1601               	andwf	??_LCD_Cmd^0,f,c
  3082   0009B0  3A01               	swapf	??_LCD_Cmd^0,f,c
  3083   0009B2  4601               	rlncf	??_LCD_Cmd^0,f,c
  3084   0009B4  5089               	movf	137,w,c	;volatile
  3085   0009B6  1801               	xorwf	??_LCD_Cmd^0,w,c
  3086   0009B8  0BDF               	andlw	-33
  3087   0009BA  1801               	xorwf	??_LCD_Cmd^0,w,c
  3088   0009BC  6E89               	movwf	137,c	;volatile
  3089   0009BE                     
  3090                           ;SENSOR_IC2.c: 108:     LCD_Pulse();
  3091   0009BE  EC13  F009         	call	_LCD_Pulse	;wreg free
  3092   0009C2                     
  3093                           ;SENSOR_IC2.c: 110:     LATAbits.LATA2 = cmd&1;
  3094   0009C2  C003  F001         	movff	LCD_Cmd@cmd,??_LCD_Cmd
  3095   0009C6  0E01               	movlw	1
  3096   0009C8  1601               	andwf	??_LCD_Cmd^0,f,c
  3097   0009CA  4601               	rlncf	??_LCD_Cmd^0,f,c
  3098   0009CC  4601               	rlncf	??_LCD_Cmd^0,f,c
  3099   0009CE  5089               	movf	137,w,c	;volatile
  3100   0009D0  1801               	xorwf	??_LCD_Cmd^0,w,c
  3101   0009D2  0BFB               	andlw	-5
  3102   0009D4  1801               	xorwf	??_LCD_Cmd^0,w,c
  3103   0009D6  6E89               	movwf	137,c	;volatile
  3104   0009D8                     
  3105                           ;SENSOR_IC2.c: 111:     LATAbits.LATA3 = (cmd>>1)&1;
  3106   0009D8  C003  F001         	movff	LCD_Cmd@cmd,??_LCD_Cmd
  3107   0009DC  90D8               	bcf	status,0,c
  3108   0009DE  3201               	rrcf	??_LCD_Cmd^0,f,c
  3109   0009E0  0E01               	movlw	1
  3110   0009E2  1601               	andwf	??_LCD_Cmd^0,f,c
  3111   0009E4  4601               	rlncf	??_LCD_Cmd^0,f,c
  3112   0009E6  4601               	rlncf	??_LCD_Cmd^0,f,c
  3113   0009E8  4601               	rlncf	??_LCD_Cmd^0,f,c
  3114   0009EA  5089               	movf	137,w,c	;volatile
  3115   0009EC  1801               	xorwf	??_LCD_Cmd^0,w,c
  3116   0009EE  0BF7               	andlw	-9
  3117   0009F0  1801               	xorwf	??_LCD_Cmd^0,w,c
  3118   0009F2  6E89               	movwf	137,c	;volatile
  3119   0009F4                     
  3120                           ;SENSOR_IC2.c: 112:     LATAbits.LATA4 = (cmd>>2)&1;
  3121   0009F4  C003  F001         	movff	LCD_Cmd@cmd,??_LCD_Cmd
  3122   0009F8  90D8               	bcf	status,0,c
  3123   0009FA  3201               	rrcf	??_LCD_Cmd^0,f,c
  3124   0009FC  90D8               	bcf	status,0,c
  3125   0009FE  3201               	rrcf	??_LCD_Cmd^0,f,c
  3126   000A00  0E01               	movlw	1
  3127   000A02  1601               	andwf	??_LCD_Cmd^0,f,c
  3128   000A04  3A01               	swapf	??_LCD_Cmd^0,f,c
  3129   000A06  5089               	movf	137,w,c	;volatile
  3130   000A08  1801               	xorwf	??_LCD_Cmd^0,w,c
  3131   000A0A  0BEF               	andlw	-17
  3132   000A0C  1801               	xorwf	??_LCD_Cmd^0,w,c
  3133   000A0E  6E89               	movwf	137,c	;volatile
  3134   000A10                     
  3135                           ;SENSOR_IC2.c: 113:     LATAbits.LATA5 = (cmd>>3)&1;
  3136   000A10  C003  F001         	movff	LCD_Cmd@cmd,??_LCD_Cmd
  3137   000A14  90D8               	bcf	status,0,c
  3138   000A16  3201               	rrcf	??_LCD_Cmd^0,f,c
  3139   000A18  90D8               	bcf	status,0,c
  3140   000A1A  3201               	rrcf	??_LCD_Cmd^0,f,c
  3141   000A1C  90D8               	bcf	status,0,c
  3142   000A1E  3201               	rrcf	??_LCD_Cmd^0,f,c
  3143   000A20  0E01               	movlw	1
  3144   000A22  1601               	andwf	??_LCD_Cmd^0,f,c
  3145   000A24  3A01               	swapf	??_LCD_Cmd^0,f,c
  3146   000A26  4601               	rlncf	??_LCD_Cmd^0,f,c
  3147   000A28  5089               	movf	137,w,c	;volatile
  3148   000A2A  1801               	xorwf	??_LCD_Cmd^0,w,c
  3149   000A2C  0BDF               	andlw	-33
  3150   000A2E  1801               	xorwf	??_LCD_Cmd^0,w,c
  3151   000A30  6E89               	movwf	137,c	;volatile
  3152   000A32                     
  3153                           ;SENSOR_IC2.c: 114:     LCD_Pulse();
  3154   000A32  EC13  F009         	call	_LCD_Pulse	;wreg free
  3155   000A36                     
  3156                           ;SENSOR_IC2.c: 116:     _delay((unsigned long)((2)*(8000000/4000.0)));
  3157   000A36  0E06               	movlw	6
  3158   000A38  6E01               	movwf	??_LCD_Cmd^0,c
  3159   000A3A  0E30               	movlw	48
  3160   000A3C                     u827:
  3161   000A3C  2EE8               	decfsz	wreg,f,c
  3162   000A3E  D7FE               	bra	u827
  3163   000A40  2E01               	decfsz	??_LCD_Cmd^0,f,c
  3164   000A42  D7FC               	bra	u827
  3165   000A44  D000               	nop2	
  3166   000A46  0012               	return		;funcret
  3167   000A48                     __end_of_LCD_Cmd:
  3168                           	callstack 0
  3169                           
  3170 ;; *************** function _LCD_Pulse *****************
  3171 ;; Defined at:
  3172 ;;		line 97 in file "SENSOR_IC2.c"
  3173 ;; Parameters:    Size  Location     Type
  3174 ;;		None
  3175 ;; Auto vars:     Size  Location     Type
  3176 ;;		None
  3177 ;; Return value:  Size  Location     Type
  3178 ;;                  1    wreg      void 
  3179 ;; Registers used:
  3180 ;;		wreg
  3181 ;; Tracked objects:
  3182 ;;		On entry : 0/0
  3183 ;;		On exit  : 0/0
  3184 ;;		Unchanged: 0/0
  3185 ;; Data sizes:     COMRAM   BANK0   BANK1   BANK2   BANK3   BANK4   BANK5   BANK6   BANK7
  3186 ;;      Params:         0       0       0       0       0       0       0       0       0
  3187 ;;      Locals:         0       0       0       0       0       0       0       0       0
  3188 ;;      Temps:          0       0       0       0       0       0       0       0       0
  3189 ;;      Totals:         0       0       0       0       0       0       0       0       0
  3190 ;;Total ram usage:        0 bytes
  3191 ;; Hardware stack levels used: 1
  3192 ;; This function calls:
  3193 ;;		Nothing
  3194 ;; This function is called by:
  3195 ;;		_LCD_Cmd
  3196 ;;		_LCD_WriteChar
  3197 ;; This function uses a non-reentrant model
  3198 ;;
  3199                           
  3200                           	psect	text25
  3201   001226                     __ptext25:
  3202                           	callstack 0
  3203   001226                     _LCD_Pulse:
  3204                           	callstack 28
  3205   001226                     
  3206                           ;SENSOR_IC2.c: 98:     LATAbits.LATA1 = 1;_delay((unsigned long)((40)*(8000000/4000000.0
      +                          )));
  3207   001226  8289               	bsf	137,1,c	;volatile
  3208   001228  0E1A               	movlw	26
  3209   00122A                     u837:
  3210   00122A  2EE8               	decfsz	wreg,f,c
  3211   00122C  D7FE               	bra	u837
  3212   00122E  D000               	nop2	
  3213   001230                     
  3214                           ;SENSOR_IC2.c: 99:     LATAbits.LATA1 = 0;_delay((unsigned long)((40)*(8000000/4000000.0
      +                          )));
  3215   001230  9289               	bcf	137,1,c	;volatile
  3216   001232  0E1A               	movlw	26
  3217   001234                     u847:
  3218   001234  2EE8               	decfsz	wreg,f,c
  3219   001236  D7FE               	bra	u847
  3220   001238  D000               	nop2	
  3221   00123A  0012               	return		;funcret
  3222   00123C                     __end_of_LCD_Pulse:
  3223                           	callstack 0
  3224                           
  3225 ;; *************** function _I2C_Init *****************
  3226 ;; Defined at:
  3227 ;;		line 33 in file "SENSOR_IC2.c"
  3228 ;; Parameters:    Size  Location     Type
  3229 ;;		None
  3230 ;; Auto vars:     Size  Location     Type
  3231 ;;		None
  3232 ;; Return value:  Size  Location     Type
  3233 ;;                  1    wreg      void 
  3234 ;; Registers used:
  3235 ;;		None
  3236 ;; Tracked objects:
  3237 ;;		On entry : 0/0
  3238 ;;		On exit  : 0/0
  3239 ;;		Unchanged: 0/0
  3240 ;; Data sizes:     COMRAM   BANK0   BANK1   BANK2   BANK3   BANK4   BANK5   BANK6   BANK7
  3241 ;;      Params:         0       0       0       0       0       0       0       0       0
  3242 ;;      Locals:         0       0       0       0       0       0       0       0       0
  3243 ;;      Temps:          0       0       0       0       0       0       0       0       0
  3244 ;;      Totals:         0       0       0       0       0       0       0       0       0
  3245 ;;Total ram usage:        0 bytes
  3246 ;; Hardware stack levels used: 1
  3247 ;; This function calls:
  3248 ;;		Nothing
  3249 ;; This function is called by:
  3250 ;;		_main
  3251 ;; This function uses a non-reentrant model
  3252 ;;
  3253                           
  3254                           	psect	text26
  3255   001246                     __ptext26:
  3256                           	callstack 0
  3257   001246                     _I2C_Init:
  3258                           	callstack 30
  3259   001246                     
  3260                           ;SENSOR_IC2.c: 34:     TRISBbits.TRISB0 = 1; TRISBbits.TRISB1 = 1;
  3261   001246  8093               	bsf	147,0,c	;volatile
  3262   001248  8293               	bsf	147,1,c	;volatile
  3263                           
  3264                           ;SENSOR_IC2.c: 35:     LATBbits.LATB0 = 1; LATBbits.LATB1 = 1;
  3265   00124A  808A               	bsf	138,0,c	;volatile
  3266   00124C  828A               	bsf	138,1,c	;volatile
  3267   00124E  0012               	return		;funcret
  3268   001250                     __end_of_I2C_Init:
  3269                           	callstack 0
  3270                           
  3271                           	psect	rparam
  3272   000001                     ___rparam_used  equ	1
  3273   000000                     ___param_bank   equ	0
  3274   000000                     __Lparam        equ	__Lrparam
  3275   000000                     __Hparam        equ	__Hrparam
  3276                           
  3277                           	psect	config
  3278                           
  3279                           ;Config register CONFIG1L @ 0x300000
  3280                           ;	unspecified, using default values
  3281                           ;	PLL Prescaler Selection bits
  3282                           ;	PLLDIV = 0x0, unprogrammed default
  3283                           ;	System Clock Postscaler Selection bits
  3284                           ;	CPUDIV = 0x0, unprogrammed default
  3285                           ;	USB Clock Selection bit (used in Full-Speed USB mode only; UCFG:FSEN = 1)
  3286                           ;	USBDIV = 0x0, unprogrammed default
  3287   300000                     	org	3145728
  3288   300000  00                 	db	0
  3289                           
  3290                           ;Config register CONFIG1H @ 0x300001
  3291                           ;	Oscillator Selection bits
  3292                           ;	FOSC = INTOSCIO_EC, Internal oscillator, port function on RA6, EC used by USB (INTIO)
  3293                           ;	Fail-Safe Clock Monitor Enable bit
  3294                           ;	FCMEN = 0x0, unprogrammed default
  3295                           ;	Internal/External Oscillator Switchover bit
  3296                           ;	IESO = 0x0, unprogrammed default
  3297   300001                     	org	3145729
  3298   300001  08                 	db	8
  3299                           
  3300                           ;Config register CONFIG2L @ 0x300002
  3301                           ;	unspecified, using default values
  3302                           ;	Power-up Timer Enable bit
  3303                           ;	PWRT = 0x1, unprogrammed default
  3304                           ;	Brown-out Reset Enable bits
  3305                           ;	BOR = 0x3, unprogrammed default
  3306                           ;	Brown-out Reset Voltage bits
  3307                           ;	BORV = 0x3, unprogrammed default
  3308                           ;	USB Voltage Regulator Enable bit
  3309                           ;	VREGEN = 0x0, unprogrammed default
  3310   300002                     	org	3145730
  3311   300002  1F                 	db	31
  3312                           
  3313                           ;Config register CONFIG2H @ 0x300003
  3314                           ;	Watchdog Timer Enable bit
  3315                           ;	WDT = OFF, WDT disabled (control is placed on the SWDTEN bit)
  3316                           ;	Watchdog Timer Postscale Select bits
  3317                           ;	WDTPS = 0xF, unprogrammed default
  3318   300003                     	org	3145731
  3319   300003  1E                 	db	30
  3320                           
  3321                           ; Padding undefined space
  3322   300004                     	org	3145732
  3323   300004  FF                 	db	255
  3324                           
  3325                           ;Config register CONFIG3H @ 0x300005
  3326                           ;	CCP2 MUX bit
  3327                           ;	CCP2MX = 0x1, unprogrammed default
  3328                           ;	PORTB A/D Enable bit
  3329                           ;	PBADEN = OFF, PORTB<4:0> pins are configured as digital I/O on Reset
  3330                           ;	Low-Power Timer 1 Oscillator Enable bit
  3331                           ;	LPT1OSC = 0x0, unprogrammed default
  3332                           ;	MCLR Pin Enable bit
  3333                           ;	MCLRE = ON, MCLR pin enabled; RE3 input pin disabled
  3334   300005                     	org	3145733
  3335   300005  81                 	db	129
  3336                           
  3337                           ;Config register CONFIG4L @ 0x300006
  3338                           ;	Stack Full/Underflow Reset Enable bit
  3339                           ;	STVREN = 0x1, unprogrammed default
  3340                           ;	Single-Supply ICSP Enable bit
  3341                           ;	LVP = OFF, Single-Supply ICSP disabled
  3342                           ;	Dedicated In-Circuit Debug/Programming Port (ICPORT) Enable bit
  3343                           ;	ICPRT = 0x0, unprogrammed default
  3344                           ;	Extended Instruction Set Enable bit
  3345                           ;	XINST = 0x0, unprogrammed default
  3346                           ;	Background Debugger Enable bit
  3347                           ;	DEBUG = 0x1, unprogrammed default
  3348   300006                     	org	3145734
  3349   300006  81                 	db	129
  3350                           
  3351                           ; Padding undefined space
  3352   300007                     	org	3145735
  3353   300007  FF                 	db	255
  3354                           tosu	equ	0xFFF
  3355                           tosh	equ	0xFFE
  3356                           tosl	equ	0xFFD
  3357                           stkptr	equ	0xFFC
  3358                           pclatu	equ	0xFFB
  3359                           pclath	equ	0xFFA
  3360                           pcl	equ	0xFF9
  3361                           tblptru	equ	0xFF8
  3362                           tblptrh	equ	0xFF7
  3363                           tblptrl	equ	0xFF6
  3364                           tablat	equ	0xFF5
  3365                           prodh	equ	0xFF4
  3366                           prodl	equ	0xFF3
  3367                           indf0	equ	0xFEF
  3368                           postinc0	equ	0xFEE
  3369                           postdec0	equ	0xFED
  3370                           preinc0	equ	0xFEC
  3371                           plusw0	equ	0xFEB
  3372                           fsr0h	equ	0xFEA
  3373                           fsr0l	equ	0xFE9
  3374                           wreg	equ	0xFE8
  3375                           indf1	equ	0xFE7
  3376                           postinc1	equ	0xFE6
  3377                           postdec1	equ	0xFE5
  3378                           preinc1	equ	0xFE4
  3379                           plusw1	equ	0xFE3
  3380                           fsr1h	equ	0xFE2
  3381                           fsr1l	equ	0xFE1
  3382                           bsr	equ	0xFE0
  3383                           indf2	equ	0xFDF
  3384                           postinc2	equ	0xFDE
  3385                           postdec2	equ	0xFDD
  3386                           preinc2	equ	0xFDC
  3387                           plusw2	equ	0xFDB
  3388                           fsr2h	equ	0xFDA
  3389                           fsr2l	equ	0xFD9
  3390                           status	equ	0xFD8

Data Sizes:
    Strings     44
    Constant    0
    Data        0
    BSS         37
    Persistent  0
    Stack       0

Auto Spaces:
    Space          Size  Autos    Used
    COMRAM           95     75      80
    BANK0           160      0      32
    BANK1           256      0       0
    BANK2           256      0       0
    BANK3           256      0       0
    BANK4           256      0       0
    BANK5           256      0       0
    BANK6           256      0       0
    BANK7           256      0       0

Pointer List with Targets:

    f$.$buffer	PTR unsigned char  size(1) Largest target is 16
		 -> main@buffer(COMRAM[16]), 

    f$.$source	PTR const unsigned char  size(2) Largest target is 0

    fputc@fp	PTR struct _IO_FILE size(1) Largest target is 11
		 -> sprintf@f(COMRAM[11]), 

    fputc@fp$.$buffer	PTR unsigned char  size(1) Largest target is 16
		 -> main@buffer(COMRAM[16]), 

    fputc@fp$.$source	PTR const unsigned char  size(2) Largest target is 0

    fputs@fp	PTR struct _IO_FILE size(1) Largest target is 11
		 -> sprintf@f(COMRAM[11]), 

    fputs@s	PTR const unsigned char  size(1) Largest target is 32
		 -> dbuf(BANK0[32]), 

    LCD_WriteString@str	PTR const unsigned char  size(2) Largest target is 18
		 -> main@buffer(COMRAM[16]), STR_1(CODE[18]), STR_3(CODE[17]), 

    pad@buf	PTR unsigned char  size(1) Largest target is 32
		 -> dbuf(BANK0[32]), 

    pad@fp	PTR struct _IO_FILE size(1) Largest target is 11
		 -> sprintf@f(COMRAM[11]), 

    read_prec_or_width@ap	PTR PTR void [1] size(1) Largest target is 1
		 -> sprintf@ap(COMRAM[1]), 

    read_prec_or_width@fmt	PTR PTR const unsigned char  size(1) Largest target is 1
		 -> vfprintf@cfmt(COMRAM[1]), 

    S727$buffer	PTR unsigned char  size(1) Largest target is 16
		 -> main@buffer(COMRAM[16]), 

    S727$source	PTR const unsigned char  size(2) Largest target is 0

    sprintf@ap	PTR void [1] size(1) Largest target is 2
		 -> ?_sprintf(COMRAM[2]), 

    sprintf@fmt	PTR const unsigned char  size(1) Largest target is 9
		 -> STR_2(CODE[9]), 

    sprintf@s	PTR unsigned char  size(1) Largest target is 16
		 -> main@buffer(COMRAM[16]), 

    utoa@fp	PTR struct _IO_FILE size(1) Largest target is 11
		 -> sprintf@f(COMRAM[11]), 

    vfpfcnvrt@ap	PTR PTR void  size(1) Largest target is 1
		 -> sprintf@ap(COMRAM[1]), 

    vfpfcnvrt@cp	PTR unsigned char  size(1) Largest target is 9
		 -> STR_2(CODE[9]), 

    vfpfcnvrt@fmt	PTR PTR unsigned char  size(1) Largest target is 1
		 -> vfprintf@cfmt(COMRAM[1]), 

    vfpfcnvrt@fp	PTR struct _IO_FILE size(1) Largest target is 11
		 -> sprintf@f(COMRAM[11]), 

    vfprintf@ap	PTR PTR void  size(1) Largest target is 1
		 -> sprintf@ap(COMRAM[1]), 

    vfprintf@cfmt	PTR unsigned char  size(1) Largest target is 9
		 -> STR_2(CODE[9]), 

    vfprintf@fmt	PTR const unsigned char  size(1) Largest target is 9
		 -> STR_2(CODE[9]), 

    vfprintf@fp	PTR struct _IO_FILE size(1) Largest target is 11
		 -> sprintf@f(COMRAM[11]), 


Critical Paths under _main in COMRAM

    _main->_sprintf
    _sprintf->_vfprintf
    _vfprintf->_vfpfcnvrt
    _vfpfcnvrt->_utoa
    _utoa->_pad
    _pad->_fputs
    _fputs->_fputc
    _Proximity_ReadValue->_I2C_Read
    _I2C_Write->_I2C_ReadBit
    _I2C_Write->_I2C_WriteBit
    _I2C_Read->_I2C_ReadBit
    _I2C_Read->_I2C_WriteBit
    _LCD_WriteString->_LCD_WriteChar
    _LCD_SetCursor->_LCD_Cmd
    _LCD_Init->_LCD_Cmd

Critical Paths under _main in BANK0

    None.

Critical Paths under _main in BANK1

    None.

Critical Paths under _main in BANK2

    None.

Critical Paths under _main in BANK3

    None.

Critical Paths under _main in BANK4

    None.

Critical Paths under _main in BANK5

    None.

Critical Paths under _main in BANK6

    None.

Critical Paths under _main in BANK7

    None.

Call Graph Tables:

 ---------------------------------------------------------------------------------
 (Depth) Function   	        Calls       Base Space   Used Autos Params    Refs
 ---------------------------------------------------------------------------------
 (0) _main                                                19    19      0    3505
                                             56 COMRAM    19    19      0
                           _I2C_Init
                           _LCD_Init
                      _LCD_SetCursor
                    _LCD_WriteString
                _Proximity_ReadValue
                            _sprintf
 ---------------------------------------------------------------------------------
 (1) _sprintf                                             18    14      4    2406
                                             40 COMRAM    16    12      4
                           _vfprintf
 ---------------------------------------------------------------------------------
 (2) _vfprintf                                             4     1      3    2203
                                             36 COMRAM     4     1      3
                          _vfpfcnvrt
 ---------------------------------------------------------------------------------
 (3) _vfpfcnvrt                                           10     7      3    2072
                                             28 COMRAM     8     5      3
                              _fputc
                 _read_prec_or_width
                               _utoa
 ---------------------------------------------------------------------------------
 (4) _utoa                                                 8     5      3    1301
                                             20 COMRAM     8     5      3
                            ___lwdiv
                            ___lwmod
                                _pad
 ---------------------------------------------------------------------------------
 (5) _pad                                                  7     3      4     747
                                             13 COMRAM     7     3      4
                              _fputc
                              _fputs
 ---------------------------------------------------------------------------------
 (6) _fputs                                                5     3      2     333
                                              8 COMRAM     5     3      2
                              _fputc
 ---------------------------------------------------------------------------------
 (7) _fputc                                                8     5      3     232
                                              0 COMRAM     8     5      3
                              _putch
 ---------------------------------------------------------------------------------
 (8) _putch                                                1     1      0       0
 ---------------------------------------------------------------------------------
 (5) ___lwmod                                              5     1      4     161
                                              0 COMRAM     5     1      4
 ---------------------------------------------------------------------------------
 (5) ___lwdiv                                              7     3      4     164
                                              0 COMRAM     7     3      4
 ---------------------------------------------------------------------------------
 (4) _read_prec_or_width                                   7     5      2     182
                                              0 COMRAM     7     5      2
 ---------------------------------------------------------------------------------
 (1) _Proximity_ReadValue                                  1     1      0     180
                                              5 COMRAM     1     1      0
                           _I2C_Read
                          _I2C_Start
                           _I2C_Stop
                          _I2C_Write
 ---------------------------------------------------------------------------------
 (2) _I2C_Write                                            3     3      0      75
                                              1 COMRAM     3     3      0
                        _I2C_ReadBit
                       _I2C_WriteBit
 ---------------------------------------------------------------------------------
 (2) _I2C_Stop                                             0     0      0       0
                          _I2C_Delay
 ---------------------------------------------------------------------------------
 (2) _I2C_Start                                            0     0      0       0
                          _I2C_Delay
 ---------------------------------------------------------------------------------
 (2) _I2C_Read                                             4     4      0      90
                                              1 COMRAM     4     4      0
                        _I2C_ReadBit
                       _I2C_WriteBit
 ---------------------------------------------------------------------------------
 (3) _I2C_WriteBit                                         1     1      0      15
                                              0 COMRAM     1     1      0
                          _I2C_Delay
 ---------------------------------------------------------------------------------
 (3) _I2C_ReadBit                                          1     1      0      15
                                              0 COMRAM     1     1      0
                          _I2C_Delay
 ---------------------------------------------------------------------------------
 (4) _I2C_Delay                                            0     0      0       0
 ---------------------------------------------------------------------------------
 (1) _LCD_WriteString                                      2     0      2     280
                                              3 COMRAM     2     0      2
                      _LCD_WriteChar
 ---------------------------------------------------------------------------------
 (2) _LCD_WriteChar                                        3     3      0     232
                                              0 COMRAM     3     3      0
                          _LCD_Pulse
 ---------------------------------------------------------------------------------
 (1) _LCD_SetCursor                                        5     4      1     334
                                              3 COMRAM     5     4      1
                            _LCD_Cmd
 ---------------------------------------------------------------------------------
 (1) _LCD_Init                                             1     1      0     232
                                              3 COMRAM     1     1      0
                            _LCD_Cmd
 ---------------------------------------------------------------------------------
 (2) _LCD_Cmd                                              3     3      0     232
                                              0 COMRAM     3     3      0
                          _LCD_Pulse
 ---------------------------------------------------------------------------------
 (3) _LCD_Pulse                                            0     0      0       0
 ---------------------------------------------------------------------------------
 (1) _I2C_Init                                             0     0      0       0
 ---------------------------------------------------------------------------------
 Estimated maximum stack depth 8
 ---------------------------------------------------------------------------------

 Call Graph Graphs:

 _main (ROOT)
   _I2C_Init
   _LCD_Init
     _LCD_Cmd
       _LCD_Pulse
   _LCD_SetCursor
     _LCD_Cmd
   _LCD_WriteString
     _LCD_WriteChar
       _LCD_Pulse
   _Proximity_ReadValue
     _I2C_Read
       _I2C_ReadBit
         _I2C_Delay
       _I2C_WriteBit
         _I2C_Delay
     _I2C_Start
       _I2C_Delay
     _I2C_Stop
       _I2C_Delay
     _I2C_Write
       _I2C_ReadBit
       _I2C_WriteBit
   _sprintf
     _vfprintf
       _vfpfcnvrt
         _fputc
           _putch
         _read_prec_or_width
         _utoa
           ___lwdiv
           ___lwmod
           _pad
             _fputc
             _fputs
               _fputc

Address spaces:
Name               Size   Autos  Total    Usage
BIGRAM            2047      0       0      0.0%
BITBANK7           256      0       0      0.0%
BANK7              256      0       0      0.0%
BITBANK6           256      0       0      0.0%
BANK6              256      0       0      0.0%
BITBANK5           256      0       0      0.0%
BANK5              256      0       0      0.0%
BITBANK4           256      0       0      0.0%
BANK4              256      0       0      0.0%
BITBANK3           256      0       0      0.0%
BANK3              256      0       0      0.0%
BITBANK2           256      0       0      0.0%
BANK2              256      0       0      0.0%
BITBANK1           256      0       0      0.0%
BANK1              256      0       0      0.0%
BITBANK0           160      0       0      0.0%
BANK0              160      0      32     20.0%
BITBIGSFRh         126      0       0      0.0%
BITCOMRAM           95      0       0      0.0%
COMRAM              95     75      80     84.2%
BITBIGSFRl          33      0       0      0.0%
STACK                0      0       0      0.0%
DATA                 0      0     112      0.0%


Microchip Technology PIC18 Macro Assembler V3.00 build 20241204225717 
Symbol Table                                                                                   Fri Oct 17 14:46:08 2025

                         l32 124E                           l41 11DE                           l35 1224  
                         l44 11F8                           l61 0A46                           l29 1244  
                         l54 0F72                           l38 120E                           l71 1144  
                         l55 0FAC                           l64 1094                           l80 100A  
                         l49 1054                           l58 123A                           l74 0B4A  
                         l83 11A2                _LCD_SetCursor 1110                          l602 0F48  
                        l811 0D4C                          l803 0BFE                          l821 093A  
                        l807 0D44                          l592 0EE4                          l840 0CA8  
                        l585 0EDC                          l595 0F40                          l851 1250  
                        l828 10D2                          l772 1178                          l790 0E18  
                        l848 110E                          l929 123C                          l793 0E56  
                        l971 11C6                          l795 0E70                          l981 11DC  
                        l973 11C8                          l991 11F4                          l983 11E0  
                        l975 11D2                          l993 11F6                          l985 11E2  
                        l977 11D6                          l987 11E6                          l979 11D8  
                        l989 11EC                          u300 0FA4                          u301 0F9E  
                        u310 0FA6                          u215 11D0                          u216 11D2  
                        u250 1026                          u251 1020                          u260 1028  
                        u500 0EC6                          u501 0EC2                          u270 1050  
                        u510 0EF8                          u430 0C10                          u271 104C  
                        u511 0EF4                          u431 0C0C                          u280 0F70  
                        u520 0F16                          u440 0C20                          u600 0BE8  
                        u281 0F6C                          u521 0F12                          u441 0C1C  
                        u601 0BE4                          u290 0F92                          u610 0CD4  
                        u530 0F2C                          u450 0C46                          u291 0F8E  
                        u611 0CD0                          u531 0F28                          u451 0C42  
                        u620 0D44                          u460 0C78                          u540 0DF6  
                        u621 0D40                          u461 0C74                          u541 0DF2  
                        u470 110E                          u550 0E10                          u630 0850  
                        u471 110A                          u551 0E0C                          u631 084C  
                        u480 0E8C                          u560 0E56                          u640 088A  
                        u720 10CA                          u705 0A96                          u481 0E88  
                        u561 0E52                          u641 0886                          u721 10C6  
                        u730 1122                          u490 0EAA                          u570 0E64  
                        u650 08BA                          u731 111E                          u715 0AB8  
                        u491 0EA6                          u571 0E60                          u651 08B6  
                        u740 0FD2                          u580 0BC6                          u581 0BC2  
                        u750 0FFA                          u590 0BD8                          u807 105E  
                        u591 0BD4                          u760 100A                          u665 0964  
                        u817 108A                          u761 1006                          u827 0A3C  
                        u675 098A                          u747 0FC8                          u837 122A  
                        u685 09AC                          u757 0FF0                          u847 1234  
                        u695 0A70                          u777 0DD4                          u787 123E  
                        u797 0B44                          _pad 0DE8                          wreg 0FE8  
          ??_LCD_WriteString 0006              __end_of_LCD_Cmd 0A48                         l1043 1210  
                       l1051 11FA                         l1045 1218                         l1053 11FE  
                       l1301 0F3A                         l1047 121C                         l1055 1202  
                       l1071 1034                         l1311 0E24                         l1303 0DE8  
                       l1145 1246                         l1049 1222                         l1057 1208  
                       l1073 1050                         l1065 1016                         l1313 0E34  
                       l1305 0DF6                         l1321 0B50                         l1411 09C2  
                       l1091 0F76                         l1067 102C                         l1059 100E  
                       l1251 0C46                         l1243 0C00                         l1315 0E38  
                       l1307 0E02                         l1331 0B92                         l1323 0B60  
                       l1421 0A36                         l1413 09D8                         l1405 093E  
                       l1093 0F92                         l1085 0F58                         l1077 0F4C  
                       l1069 1030                         l1253 0C78                         l1245 0C10  
                       l1261 10EE                         l1317 0E64                         l1309 0E10  
                       l1341 0BE8                         l1333 0B98                         l1325 0B68  
                       l1501 0D5A                         l1415 09F4                         l1407 0940  
                       l1431 0AE4                         l1423 0A4A                         l1095 0FAA  
                       l1087 0F5C                         l1079 0F50                         l1191 118E  
                       l1183 117A                         l1351 0CDC                         l1271 0E94  
                       l1247 0C20                         l1263 10F2                         l1327 0B6E  
                       l1335 0BB4                         l1319 0B4C                         l1511 0D66  
                       l1503 0D5C                         l1361 1228                         l1417 0A10  
                       l1409 09BE                         l1433 0B00                         l1425 0A4C  
                       l1089 0F70                         l1193 1194                         l1185 117A  
                       l1353 0CF8                         l1345 0CAA                         l1281 0ECE  
                       l1273 0E9C                         l1265 0E72                         l1249 0C2A  
                       l1257 10D4                         l1337 0BC6                         l1329 0B90  
                       l1441 1096                         l1521 0D9C                         l1513 0D6A  
                       l1505 0D5E                         l1363 1230                         l1419 0A32  
                       l1451 1056                         l1435 0B1C                         l1427 0ACA  
                       l1195 11A0                         l1187 117E                         l1355 0D16  
                       l1347 0CB2                         l1283 0ED0                         l1275 0EAA  
                       l1267 0E7A                         l1291 0F00                         l1259 10E0  
                       l1339 0BD8                         l1371 0864                         l1443 109E  
                       l1523 0DA6                         l1515 0D74                         l1507 0D60  
                       l1461 1078                         l1453 1058                         l1437 0B3E  
                       l1429 0ACE                         l1189 1184                         l1349 0CD4  
                       l1357 0D1E                         l1285 0ED6                         l1277 0EB0  
                       l1269 0E8C                         l1293 0F08                         l1381 089E  
                       l1373 0868                         l1365 082E                         l1445 10AE  
                       l1525 0DB6                         l1517 0D84                         l1509 0D62  
                       l1359 1226                         l1463 107E                         l1455 1066  
                       l1471 112E                         l1439 0B42                         l1279 0EC6  
                       l1295 0F16                         l1287 0EE6                         l1383 08BA  
                       l1375 087C                         l1367 0850                         l1447 10CA  
                       l1527 0DC0                         l1519 0D8A                         l1465 1084  
                       l1457 106C                         l1473 1136                         l1481 0FB2  
                       l1297 0F2C                         l1289 0EF8                         l1393 08F4  
                       l1385 08D2                         l1377 088A                         l1369 0858  
                       l1529 0DCA                         l1459 1072                         l1475 113A  
                       l1467 1112                         l1483 0FD6                         l1299 0F34  
                       l1387 08E0                         l1395 090C                         l1379 0894  
                       l1491 1156                         l1477 113E                         l1469 1122  
                       l1485 0FDA                         l1493 115E                         l1479 0FAE  
                       l1399 0918                         l1495 116E                         l1487 1146  
                       l1489 114E                         l1499 0D4E                         ?_pad 000E  
                       STR_1 0801                         STR_2 0824                         STR_3 0813  
         LCD_WriteString@str 0004                         _LATA 0F89                         _LATB 0F8A  
                       _dbuf 0060                         _main 0D4E                         _prec 004E  
           __end_of_I2C_Init 1250             __end_of_I2C_Read 0FAE                         pad@i 0013  
                       pad@p 0010                         fsr1h 0FE2                         fsr2h 0FDA  
                       indf1 0FE7                         indf2 0FDF                         fsr1l 0FE1  
                       fsr2l 0FD9                         _utoa 0B4C             __end_of_I2C_Stop 1210  
                       prodh 0FF4                         prodl 0FF3                         start 7FFC  
              _LCD_WriteChar 0A48                 ___param_bank 0000                        ??_pad 0012  
           __end_of_LCD_Init 1096               ?_LCD_SetCursor 0004                        ?_main 0001  
                      _CMCON 0FB4                        ?_utoa 0015              __end_of___lwdiv 0EE6  
            __end_of___lwmod 0F4A                 vfpfcnvrt@fmt 001E                        _TRISA 0F92  
                      _TRISB 0F93                        _flags 0050            __end_of_I2C_Delay 1246  
        read_prec_or_width@c 0005          read_prec_or_width@n 0006                        _fputc 0C00  
                      _fputs 10D4                        pad@fp 000E                        _width 004C  
                      _putch 1250            __end_of_I2C_Start 1226            __end_of_I2C_Write 1056  
                      tablat 0FF5                        utoa@d 0016                        utoa@i 001B  
                      utoa@p 001A                        utoa@w 0018                        status 0FD8  
            __end_of_sprintf 117A               ?_LCD_WriteChar 0001              __initialization 11A4  
               _I2C_WriteBit 11C4                 __end_of_main 0DE8                 __end_of_utoa 0C00  
        _Proximity_ReadValue 117A                       ??_main 0039                       ??_utoa 0018  
              __activetblptr 0002                    ??_LCD_Cmd 0001            __end_of_LCD_Pulse 123C  
 __end_of_read_prec_or_width 0D4E                    I2C_Read@i 0004                       _ADCON1 0FC1  
                     ?_fputc 0001                       ?_fputs 0009                       ?_putch 0001  
                     _OSCCON 0FD3         ?_Proximity_ReadValue 0001         LCD_SetCursor@address 0008  
               vfprintf@cfmt 0028              ??_LCD_SetCursor 0005                    ??___lwdiv 0005  
                  ??___lwmod 0005         read_prec_or_width@ap 0002                       clear_0 11AA  
                     isa$std 0001                       pad@buf 000F                       fputc@c 0001  
                     fputs@c 000B                       fputs@i 000C                       fputs@s 0009  
                  ?_I2C_Init 0001                    ?_I2C_Read 0001                    ?_I2C_Stop 0001  
               __mediumconst 0800                       tblptrh 0FF7                       tblptrl 0FF6  
                     tblptru 0FF8                       putch@c 0001              I2C_WriteBit@bit 0001  
           __end_of_vfprintf 10D4                       utoa@fp 0015                    ??_sprintf 002D  
      ??_Proximity_ReadValue 0006                   __accesstop 0060      __end_of__initialization 11BA  
                  ?_LCD_Init 0001              ??_LCD_WriteChar 0001                ___rparam_used 0001  
             __pcstackCOMRAM 0001              _LCD_WriteString 0FAE                __end_of_fputc 0CAA  
              __end_of_fputs 1110            _LCD_SetCursor$263 0006                __end_of_putch 1252  
                 ??_I2C_Init 0001                   ??_I2C_Read 0002                   ??_I2C_Stop 0001  
                    ??_fputc 0004                      ??_fputs 000B                      ??_putch 0001  
                 __pbssBANK0 0060                   ??_LCD_Init 0004                 I2C_Read@data 0003  
             I2C_ReadBit@bit 0001                ??_I2C_ReadBit 0001                   I2C_Write@i 0003  
                    _LCD_Cmd 093C                    _I2C_Delay 123C                    _I2C_Start 1210  
                  _I2C_Write 100C      __end_of_LCD_WriteString 100C                      __Hparam 0000  
                    __Lparam 0000                      ___lwdiv 0E72                      ___lwmod 0EE6  
                  ?_vfprintf 0025                 __psmallconst 0800                      __pcinit 11A4  
                    __ramtop 0800                      __ptext0 0D4E                      __ptext1 1146  
                    __ptext2 1096                      __ptext3 082E                      __ptext4 0B4C  
                    __ptext5 0DE8                      __ptext6 10D4                      __ptext7 0C00  
                    __ptext8 1250                      __ptext9 0EE6        read_prec_or_width@fmt 0001  
        __end_of_I2C_ReadBit 11FA                      _sprintf 1146                    _LCD_Pulse 1226  
       end_of_initialization 11BA             LCD_SetCursor@col 0004             LCD_SetCursor@row 0005  
                    fputc@fp 0003                   ?_I2C_Delay 0001                __Lmediumconst 0000  
                    fputs@fp 000A           _read_prec_or_width 0CAA                   ?_I2C_Start 0001  
                 ?_I2C_Write 0001            __end_of_vfpfcnvrt 093C                      postdec2 0FDD  
        ?_read_prec_or_width 0001                      postinc0 0FEE                      postinc1 0FE6  
                    postinc2 0FDE             vfpfcnvrt@convarg 0020                   ??_vfprintf 0028  
                  _PORTBbits 0F81                    _TRISBbits 0F93         ??_read_prec_or_width 0003  
                 ?_LCD_Pulse 0001                   LCD_Cmd@cmd 0003                   main@buffer 003B  
           ?_LCD_WriteString 0004                  vfpfcnvrt@ap 001F                  vfpfcnvrt@cp 0024  
                vfpfcnvrt@fp 001D        __end_of_LCD_SetCursor 1146                  _I2C_ReadBit 11E0  
        start_initialization 11A4  __end_of_Proximity_ReadValue 11A4                  __end_of_pad 0E72  
                ??_I2C_Delay 0001                  ??_I2C_Start 0001                  ??_I2C_Write 0002  
      __end_of_LCD_WriteChar 0B4C                  vfprintf@fmt 0026                     ?_LCD_Cmd 0001  
                __pbssCOMRAM 004C                  ??_LCD_Pulse 0001             ___lwdiv@dividend 0001  
              ?_I2C_WriteBit 0001                  I2C_Read@ack 0002                     ?___lwdiv 0001  
                   ?___lwmod 0001                  __smallconst 0800                     _I2C_Init 1246  
                   _I2C_Read 0F4A                     _I2C_Stop 11FA             ___lwdiv@quotient 0005  
                   ?_sprintf 0029                     _LCD_Init 1056                     _LATAbits 0F89  
                   _LATBbits 0F8A               ??_I2C_WriteBit 0001                    _vfpfcnvrt 082E  
                  main@valor 004B     Proximity_ReadValue@value 0006                     __Hrparam 0000  
                 vfprintf@ap 0027                     __Lrparam 0000                   vfprintf@fp 0025  
             LCD_WriteChar@c 0003                I2C_Write@data 0002                   ?_vfpfcnvrt 001D  
               ?_I2C_ReadBit 0001                   sprintf@fmt 002A              ___lwdiv@divisor 0003  
            ___lwdiv@counter 0007                     __ptext10 0E72                     __ptext11 0CAA  
                   __ptext20 0FAE                     __ptext12 117A                     __ptext21 0A48  
                   __ptext13 100C                     __ptext22 1110                     __ptext14 11FA  
                   __ptext23 1056                     __ptext15 1210                     __ptext24 093C  
                   __ptext16 0F4A                     __ptext25 1226                     __ptext17 11C4  
                   __ptext26 1246                     __ptext18 11E0                     __ptext19 123C  
                   isa$xinst 0000                     _vfprintf 1096         __end_of_I2C_WriteBit 11E0  
                  sprintf@ap 002D             ___lwmod@dividend 0001                  ??_vfpfcnvrt 0020  
                   sprintf@f 002E                     sprintf@s 0029              ___lwmod@divisor 0003  
            ___lwmod@counter 0005  
