

Microchip MPLAB XC8 Assembler V3.00 build 20241204225717 
                                                                                               Fri Oct 24 14:31:06 2025

Microchip MPLAB XC8 C Compiler v3.00 (Free license) build 20241204225717 Og1 
     1                           	processor	18F4550
     2                           	fnconf	rparam,??,?,0
     3                           	pagewidth 120
     4                           	opt	flic
     5                           	psect	smallconst,global,reloc=2,class=SMALLCONST,space=0,delta=1,noexec
     6                           	psect	cinit,global,reloc=2,class=CODE,space=0,delta=1
     7                           	psect	bssCOMRAM,global,class=COMRAM,space=1,delta=1,lowdata,noexec
     8                           	psect	bssBANK0,global,class=BANK0,space=1,delta=1,lowdata,noexec
     9                           	psect	bssBANK1,global,class=BANK1,space=1,delta=1,lowdata,noexec
    10                           	psect	bssBANK2,global,class=BANK2,space=1,delta=1,lowdata,noexec
    11                           	psect	cstackBANK1,global,class=BANK1,space=1,delta=1,lowdata,noexec
    12                           	psect	cstackBANK0,global,class=BANK0,space=1,delta=1,lowdata,noexec
    13                           	psect	cstackCOMRAM,global,class=COMRAM,space=1,delta=1,lowdata,noexec
    14                           	psect	text0,global,reloc=2,class=CODE,space=0,delta=1
    15                           	psect	text1,global,reloc=2,class=CODE,space=0,delta=1
    16                           	psect	text2,global,reloc=2,class=CODE,space=0,delta=1,group=3
    17                           	psect	text3,global,reloc=2,class=CODE,space=0,delta=1,group=3
    18                           	psect	text4,global,reloc=2,class=CODE,space=0,delta=1,group=3
    19                           	psect	text5,global,reloc=2,class=CODE,space=0,delta=1,group=3
    20                           	psect	text6,global,reloc=2,class=CODE,space=0,delta=1,group=3
    21                           	psect	text7,global,reloc=2,class=CODE,space=0,delta=1
    22                           	psect	text8,global,reloc=2,class=CODE,space=0,delta=1,group=3
    23                           	psect	text9,global,reloc=2,class=CODE,space=0,delta=1,group=3
    24                           	psect	text10,global,reloc=2,class=CODE,space=0,delta=1,group=3
    25                           	psect	text11,global,reloc=2,class=CODE,space=0,delta=1,group=3
    26                           	psect	text12,global,reloc=2,class=CODE,space=0,delta=1,group=3
    27                           	psect	text13,global,reloc=2,class=CODE,space=0,delta=1,group=2
    28                           	psect	text14,global,reloc=2,class=CODE,space=0,delta=1,group=2
    29                           	psect	text15,global,reloc=2,class=CODE,space=0,delta=1,group=2
    30                           	psect	text16,global,reloc=2,class=CODE,space=0,delta=1,group=3
    31                           	psect	text17,global,reloc=2,class=CODE,space=0,delta=1,group=3
    32                           	psect	text18,global,reloc=2,class=CODE,space=0,delta=1
    33                           	psect	text19,global,reloc=2,class=CODE,space=0,delta=1,group=3
    34                           	psect	text20,global,reloc=2,class=CODE,space=0,delta=1,group=1
    35                           	psect	text21,global,reloc=2,class=CODE,space=0,delta=1,group=1
    36                           	psect	text22,global,reloc=2,class=CODE,space=0,delta=1,group=1
    37                           	psect	text23,global,reloc=2,class=CODE,space=0,delta=1,group=1
    38                           	psect	text24,global,reloc=2,class=CODE,space=0,delta=1,group=3
    39                           	psect	text25,global,reloc=2,class=CODE,space=0,delta=1,group=1
    40                           	psect	text26,global,reloc=2,class=CODE,space=0,delta=1,group=3
    41                           	psect	text27,global,reloc=2,class=CODE,space=0,delta=1,group=3
    42                           	psect	text28,global,reloc=2,class=CODE,space=0,delta=1,group=3
    43                           	psect	text29,global,reloc=2,class=CODE,space=0,delta=1,group=3
    44                           	psect	text30,global,reloc=2,class=CODE,space=0,delta=1,group=3
    45                           	psect	text31,global,reloc=2,class=CODE,space=0,delta=1,group=3
    46                           	psect	text32,global,reloc=2,class=CODE,space=0,delta=1,group=3
    47                           	psect	text33,global,reloc=2,class=CODE,space=0,delta=1,group=2
    48                           	psect	text34,global,reloc=2,class=CODE,space=0,delta=1,group=2
    49                           	psect	text35,global,reloc=2,class=CODE,space=0,delta=1,group=2
    50                           	psect	text36,global,reloc=2,class=CODE,space=0,delta=1,group=2
    51                           	psect	text37,global,reloc=2,class=CODE,space=0,delta=1,group=2
    52                           	psect	text38,global,reloc=2,class=CODE,space=0,delta=1,group=2
    53                           	psect	text39,global,reloc=2,class=CODE,space=0,delta=1,group=2
    54                           	psect	text40,global,reloc=2,class=CODE,space=0,delta=1,group=2
    55                           	psect	text41,global,reloc=2,class=CODE,space=0,delta=1
    56                           	psect	text42,global,reloc=2,class=CODE,space=0,delta=1
    57                           	psect	text43,global,reloc=2,class=CODE,space=0,delta=1
    58                           	psect	text44,global,reloc=2,class=CODE,space=0,delta=1
    59                           	psect	text45,global,reloc=2,class=CODE,space=0,delta=1
    60                           	psect	text46,global,reloc=2,class=CODE,space=0,delta=1
    61                           	psect	text47,global,reloc=2,class=CODE,space=0,delta=1
    62                           	psect	text48,global,reloc=2,class=CODE,space=0,delta=1
    63                           	psect	text49,global,reloc=2,class=CODE,space=0,delta=1
    64                           	psect	intsave_regs,global,class=BIGRAM,space=1,delta=1,noexec
    65                           	psect	rparam,global,class=COMRAM,space=1,delta=1,noexec
    66                           	psect	config,global,abs,ovrld,class=CONFIG,space=4,delta=1,noexec
    67   000000                     
    68                           ; Generated 17/01/2025 GMT
    69                           ; 
    70                           ; Copyright © 2025, Microchip Technology Inc. and its subsidiaries ("Microchip")
    71                           ; All rights reserved.
    72                           ; 
    73                           ; This software is developed by Microchip Technology Inc. and its subsidiaries ("Microch
      +                          ip").
    74                           ; 
    75                           ; Redistribution and use in source and binary forms, with or without modification, are
    76                           ; permitted provided that the following conditions are met:
    77                           ; 
    78                           ;     1. Redistributions of source code must retain the above copyright notice, this lis
      +                          t of
    79                           ;        conditions and the following disclaimer.
    80                           ; 
    81                           ;     2. Redistributions in binary form must reproduce the above copyright notice, this 
      +                          list
    82                           ;        of conditions and the following disclaimer in the documentation and/or other
    83                           ;        materials provided with the distribution. Publication is not required when
    84                           ;        this file is used in an embedded application.
    85                           ; 
    86                           ;     3. Microchip's name may not be used to endorse or promote products derived from th
      +                          is
    87                           ;        software without specific prior written permission.
    88                           ; 
    89                           ; THIS SOFTWARE IS PROVIDED BY MICROCHIP "AS IS" AND ANY EXPRESS OR IMPLIED WARRANTIES,
    90                           ; INCLUDING, BUT NOT LIMITED TO, THE IMPLIED WARRANTIES OF MERCHANTABILITY AND FITNESS F
      +                          OR
    91                           ; PURPOSE ARE DISCLAIMED.  IN NO EVENT SHALL MICROCHIP BE LIABLE FOR ANY DIRECT, INDIREC
      +                          T,
    92                           ; INCIDENTAL, SPECIAL, EXEMPLARY, OR CONSEQUENTIAL DAMAGES (INCLUDING BUT NOT LIMITED TO
    93                           ; PROCUREMENT OF SUBSTITUTE GOODS OR SERVICES; LOSS OF USE, DATA OR PROFITS; OR BUSINESS
    94                           ; INTERRUPTION) HOWSOEVER CAUSED AND ON ANY THEORY OF LIABILITY, WHETHER IN CONTRACT, ST
      +                          RICT
    95                           ; LIABILITY, OR TORT (INCLUDING NEGLIGENCE OR OTHERWISE) ARISING IN ANY WAY OUT OF THE U
      +                          SE OF
    96                           ; THIS SOFTWARE, EVEN IF ADVISED OF THE POSSIBILITY OF SUCH DAMAGE.
    97                           ; 
    98                           ; 
    99                           ; Code-generator required, PIC18F4550 Definitions
   100                           ; 
   101                           ; SFR Addresses
   102   000FE0                     bsr             equ	4064
   103   000FE9                     fsr0            equ	4073
   104   000FEA                     fsr0h           equ	4074
   105   000FE9                     fsr0l           equ	4073
   106   000FE1                     fsr1            equ	4065
   107   000FE2                     fsr1h           equ	4066
   108   000FE1                     fsr1l           equ	4065
   109   000FD9                     fsr2            equ	4057
   110   000FDA                     fsr2h           equ	4058
   111   000FD9                     fsr2l           equ	4057
   112   000FEF                     indf0           equ	4079
   113   000FE7                     indf1           equ	4071
   114   000FDF                     indf2           equ	4063
   115   000FF2                     intcon          equ	4082
   116   000000                     nvmcon          equ	0
   117   000FF9                     pcl             equ	4089
   118   000FFA                     pclath          equ	4090
   119   000FFB                     pclatu          equ	4091
   120   000FEB                     plusw0          equ	4075
   121   000FE3                     plusw1          equ	4067
   122   000FDB                     plusw2          equ	4059
   123   000FED                     postdec0        equ	4077
   124   000FE5                     postdec1        equ	4069
   125   000FDD                     postdec2        equ	4061
   126   000FEE                     postinc0        equ	4078
   127   000FE6                     postinc1        equ	4070
   128   000FDE                     postinc2        equ	4062
   129   000FEC                     preinc0         equ	4076
   130   000FE4                     preinc1         equ	4068
   131   000FDC                     preinc2         equ	4060
   132   000FF3                     prod            equ	4083
   133   000FF4                     prodh           equ	4084
   134   000FF3                     prodl           equ	4083
   135   000FD8                     status          equ	4056
   136   000FF5                     tablat          equ	4085
   137   000FF6                     tblptr          equ	4086
   138   000FF7                     tblptrh         equ	4087
   139   000FF6                     tblptrl         equ	4086
   140   000FF8                     tblptru         equ	4088
   141   000FFD                     tosl            equ	4093
   142   000FE8                     wreg            equ	4072
   143   000F62                     SPPDATA         equ	3938	;# 
   144   000F63                     SPPCFG          equ	3939	;# 
   145   000F64                     SPPEPS          equ	3940	;# 
   146   000F65                     SPPCON          equ	3941	;# 
   147   000F66                     UFRM            equ	3942	;# 
   148   000F66                     UFRML           equ	3942	;# 
   149   000F67                     UFRMH           equ	3943	;# 
   150   000F68                     UIR             equ	3944	;# 
   151   000F69                     UIE             equ	3945	;# 
   152   000F6A                     UEIR            equ	3946	;# 
   153   000F6B                     UEIE            equ	3947	;# 
   154   000F6C                     USTAT           equ	3948	;# 
   155   000F6D                     UCON            equ	3949	;# 
   156   000F6E                     UADDR           equ	3950	;# 
   157   000F6F                     UCFG            equ	3951	;# 
   158   000F70                     UEP0            equ	3952	;# 
   159   000F71                     UEP1            equ	3953	;# 
   160   000F72                     UEP2            equ	3954	;# 
   161   000F73                     UEP3            equ	3955	;# 
   162   000F74                     UEP4            equ	3956	;# 
   163   000F75                     UEP5            equ	3957	;# 
   164   000F76                     UEP6            equ	3958	;# 
   165   000F77                     UEP7            equ	3959	;# 
   166   000F78                     UEP8            equ	3960	;# 
   167   000F79                     UEP9            equ	3961	;# 
   168   000F7A                     UEP10           equ	3962	;# 
   169   000F7B                     UEP11           equ	3963	;# 
   170   000F7C                     UEP12           equ	3964	;# 
   171   000F7D                     UEP13           equ	3965	;# 
   172   000F7E                     UEP14           equ	3966	;# 
   173   000F7F                     UEP15           equ	3967	;# 
   174   000F80                     PORTA           equ	3968	;# 
   175   000F81                     PORTB           equ	3969	;# 
   176   000F82                     PORTC           equ	3970	;# 
   177   000F83                     PORTD           equ	3971	;# 
   178   000F84                     PORTE           equ	3972	;# 
   179   000F89                     LATA            equ	3977	;# 
   180   000F8A                     LATB            equ	3978	;# 
   181   000F8B                     LATC            equ	3979	;# 
   182   000F8C                     LATD            equ	3980	;# 
   183   000F8D                     LATE            equ	3981	;# 
   184   000F92                     TRISA           equ	3986	;# 
   185   000F92                     DDRA            equ	3986	;# 
   186   000F93                     TRISB           equ	3987	;# 
   187   000F93                     DDRB            equ	3987	;# 
   188   000F94                     TRISC           equ	3988	;# 
   189   000F94                     DDRC            equ	3988	;# 
   190   000F95                     TRISD           equ	3989	;# 
   191   000F95                     DDRD            equ	3989	;# 
   192   000F96                     TRISE           equ	3990	;# 
   193   000F96                     DDRE            equ	3990	;# 
   194   000F9B                     OSCTUNE         equ	3995	;# 
   195   000F9D                     PIE1            equ	3997	;# 
   196   000F9E                     PIR1            equ	3998	;# 
   197   000F9F                     IPR1            equ	3999	;# 
   198   000FA0                     PIE2            equ	4000	;# 
   199   000FA1                     PIR2            equ	4001	;# 
   200   000FA2                     IPR2            equ	4002	;# 
   201   000FA6                     EECON1          equ	4006	;# 
   202   000FA7                     EECON2          equ	4007	;# 
   203   000FA8                     EEDATA          equ	4008	;# 
   204   000FA9                     EEADR           equ	4009	;# 
   205   000FAB                     RCSTA           equ	4011	;# 
   206   000FAB                     RCSTA1          equ	4011	;# 
   207   000FAC                     TXSTA           equ	4012	;# 
   208   000FAC                     TXSTA1          equ	4012	;# 
   209   000FAD                     TXREG           equ	4013	;# 
   210   000FAD                     TXREG1          equ	4013	;# 
   211   000FAE                     RCREG           equ	4014	;# 
   212   000FAE                     RCREG1          equ	4014	;# 
   213   000FAF                     SPBRG           equ	4015	;# 
   214   000FAF                     SPBRG1          equ	4015	;# 
   215   000FB0                     SPBRGH          equ	4016	;# 
   216   000FB1                     T3CON           equ	4017	;# 
   217   000FB2                     TMR3            equ	4018	;# 
   218   000FB2                     TMR3L           equ	4018	;# 
   219   000FB3                     TMR3H           equ	4019	;# 
   220   000FB4                     CMCON           equ	4020	;# 
   221   000FB5                     CVRCON          equ	4021	;# 
   222   000FB6                     ECCP1AS         equ	4022	;# 
   223   000FB6                     CCP1AS          equ	4022	;# 
   224   000FB7                     ECCP1DEL        equ	4023	;# 
   225   000FB7                     CCP1DEL         equ	4023	;# 
   226   000FB8                     BAUDCON         equ	4024	;# 
   227   000FB8                     BAUDCTL         equ	4024	;# 
   228   000FBA                     CCP2CON         equ	4026	;# 
   229   000FBB                     CCPR2           equ	4027	;# 
   230   000FBB                     CCPR2L          equ	4027	;# 
   231   000FBC                     CCPR2H          equ	4028	;# 
   232   000FBD                     CCP1CON         equ	4029	;# 
   233   000FBD                     ECCP1CON        equ	4029	;# 
   234   000FBE                     CCPR1           equ	4030	;# 
   235   000FBE                     CCPR1L          equ	4030	;# 
   236   000FBF                     CCPR1H          equ	4031	;# 
   237   000FC0                     ADCON2          equ	4032	;# 
   238   000FC1                     ADCON1          equ	4033	;# 
   239   000FC2                     ADCON0          equ	4034	;# 
   240   000FC3                     ADRES           equ	4035	;# 
   241   000FC3                     ADRESL          equ	4035	;# 
   242   000FC4                     ADRESH          equ	4036	;# 
   243   000FC5                     SSPCON2         equ	4037	;# 
   244   000FC6                     SSPCON1         equ	4038	;# 
   245   000FC7                     SSPSTAT         equ	4039	;# 
   246   000FC8                     SSPADD          equ	4040	;# 
   247   000FC9                     SSPBUF          equ	4041	;# 
   248   000FCA                     T2CON           equ	4042	;# 
   249   000FCB                     PR2             equ	4043	;# 
   250   000FCB                     MEMCON          equ	4043	;# 
   251   000FCC                     TMR2            equ	4044	;# 
   252   000FCD                     T1CON           equ	4045	;# 
   253   000FCE                     TMR1            equ	4046	;# 
   254   000FCE                     TMR1L           equ	4046	;# 
   255   000FCF                     TMR1H           equ	4047	;# 
   256   000FD0                     RCON            equ	4048	;# 
   257   000FD1                     WDTCON          equ	4049	;# 
   258   000FD2                     HLVDCON         equ	4050	;# 
   259   000FD2                     LVDCON          equ	4050	;# 
   260   000FD3                     OSCCON          equ	4051	;# 
   261   000FD5                     T0CON           equ	4053	;# 
   262   000FD6                     TMR0            equ	4054	;# 
   263   000FD6                     TMR0L           equ	4054	;# 
   264   000FD7                     TMR0H           equ	4055	;# 
   265   000FD8                     STATUS          equ	4056	;# 
   266   000FD9                     FSR2            equ	4057	;# 
   267   000FD9                     FSR2L           equ	4057	;# 
   268   000FDA                     FSR2H           equ	4058	;# 
   269   000FDB                     PLUSW2          equ	4059	;# 
   270   000FDC                     PREINC2         equ	4060	;# 
   271   000FDD                     POSTDEC2        equ	4061	;# 
   272   000FDE                     POSTINC2        equ	4062	;# 
   273   000FDF                     INDF2           equ	4063	;# 
   274   000FE0                     BSR             equ	4064	;# 
   275   000FE1                     FSR1            equ	4065	;# 
   276   000FE1                     FSR1L           equ	4065	;# 
   277   000FE2                     FSR1H           equ	4066	;# 
   278   000FE3                     PLUSW1          equ	4067	;# 
   279   000FE4                     PREINC1         equ	4068	;# 
   280   000FE5                     POSTDEC1        equ	4069	;# 
   281   000FE6                     POSTINC1        equ	4070	;# 
   282   000FE7                     INDF1           equ	4071	;# 
   283   000FE8                     WREG            equ	4072	;# 
   284   000FE9                     FSR0            equ	4073	;# 
   285   000FE9                     FSR0L           equ	4073	;# 
   286   000FEA                     FSR0H           equ	4074	;# 
   287   000FEB                     PLUSW0          equ	4075	;# 
   288   000FEC                     PREINC0         equ	4076	;# 
   289   000FED                     POSTDEC0        equ	4077	;# 
   290   000FEE                     POSTINC0        equ	4078	;# 
   291   000FEF                     INDF0           equ	4079	;# 
   292   000FF0                     INTCON3         equ	4080	;# 
   293   000FF1                     INTCON2         equ	4081	;# 
   294   000FF2                     INTCON          equ	4082	;# 
   295   000FF3                     PROD            equ	4083	;# 
   296   000FF3                     PRODL           equ	4083	;# 
   297   000FF4                     PRODH           equ	4084	;# 
   298   000FF5                     TABLAT          equ	4085	;# 
   299   000FF6                     TBLPTR          equ	4086	;# 
   300   000FF6                     TBLPTRL         equ	4086	;# 
   301   000FF7                     TBLPTRH         equ	4087	;# 
   302   000FF8                     TBLPTRU         equ	4088	;# 
   303   000FF9                     PCLAT           equ	4089	;# 
   304   000FF9                     PC              equ	4089	;# 
   305   000FF9                     PCL             equ	4089	;# 
   306   000FFA                     PCLATH          equ	4090	;# 
   307   000FFB                     PCLATU          equ	4091	;# 
   308   000FFC                     STKPTR          equ	4092	;# 
   309   000FFD                     TOS             equ	4093	;# 
   310   000FFD                     TOSL            equ	4093	;# 
   311   000FFE                     TOSH            equ	4094	;# 
   312   000FFF                     TOSU            equ	4095	;# 
   313   000FAE                     _RCREG          set	4014
   314   000F9E                     _PIR1bits       set	3998
   315   000FAD                     _TXREG          set	4013
   316   000FAB                     _RCSTAbits      set	4011
   317   000FAC                     _TXSTAbits      set	4012
   318   000FAF                     _SPBRG          set	4015
   319   000F94                     _TRISCbits      set	3988
   320   000F8A                     _LATBbits       set	3978
   321   000F8A                     _LATB           set	3978
   322   000F93                     _TRISB          set	3987
   323   000FD3                     _OSCCON         set	4051
   324                           
   325                           	psect	smallconst
   326   000800                     __psmallconst:
   327                           	callstack 0
   328   000800  00                 	db	0
   329   000801                     STR_1:
   330   000801  45                 	db	69	;'E'
   331   000802  73                 	db	115	;'s'
   332   000803  70                 	db	112	;'p'
   333   000804  65                 	db	101	;'e'
   334   000805  72                 	db	114	;'r'
   335   000806  61                 	db	97	;'a'
   336   000807  6E                 	db	110	;'n'
   337   000808  64                 	db	100	;'d'
   338   000809  6F                 	db	111	;'o'
   339   00080A  20                 	db	32
   340   00080B  47                 	db	71	;'G'
   341   00080C  50                 	db	80	;'P'
   342   00080D  53                 	db	83	;'S'
   343   00080E  2E                 	db	46
   344   00080F  2E                 	db	46
   345   000810  2E                 	db	46
   346   000811  00                 	db	0
   347   000812                     STR_8:
   348   000812  4C                 	db	76	;'L'
   349   000813  6F                 	db	111	;'o'
   350   000814  6E                 	db	110	;'n'
   351   000815  3A                 	db	58	;':'
   352   000816  20                 	db	32
   353   000817  25                 	db	37
   354   000818  2E                 	db	46
   355   000819  34                 	db	52	;'4'
   356   00081A  66                 	db	102	;'f'
   357   00081B  00                 	db	0
   358   00081C                     STR_7:
   359   00081C  4C                 	db	76	;'L'
   360   00081D  61                 	db	97	;'a'
   361   00081E  74                 	db	116	;'t'
   362   00081F  3A                 	db	58	;':'
   363   000820  20                 	db	32
   364   000821  25                 	db	37
   365   000822  2E                 	db	46
   366   000823  34                 	db	52	;'4'
   367   000824  66                 	db	102	;'f'
   368   000825  00                 	db	0
   369   000826                     STR_16:
   370   000826  49                 	db	73	;'I'
   371   000827  4E                 	db	78	;'N'
   372   000828  46                 	db	70	;'F'
   373   000829  49                 	db	73	;'I'
   374   00082A  4E                 	db	78	;'N'
   375   00082B  49                 	db	73	;'I'
   376   00082C  54                 	db	84	;'T'
   377   00082D  59                 	db	89	;'Y'
   378   00082E  00                 	db	0
   379   00082F                     STR_15:
   380   00082F  69                 	db	105	;'i'
   381   000830  6E                 	db	110	;'n'
   382   000831  66                 	db	102	;'f'
   383   000832  69                 	db	105	;'i'
   384   000833  6E                 	db	110	;'n'
   385   000834  69                 	db	105	;'i'
   386   000835  74                 	db	116	;'t'
   387   000836  79                 	db	121	;'y'
   388   000837  00                 	db	0
   389   000838                     STR_3:
   390   000838  24                 	db	36
   391   000839  47                 	db	71	;'G'
   392   00083A  50                 	db	80	;'P'
   393   00083B  47                 	db	71	;'G'
   394   00083C  47                 	db	71	;'G'
   395   00083D  41                 	db	65	;'A'
   396   00083E  00                 	db	0
   397   00083F                     STR_2:
   398   00083F  24                 	db	36
   399   000840  47                 	db	71	;'G'
   400   000841  50                 	db	80	;'P'
   401   000842  52                 	db	82	;'R'
   402   000843  4D                 	db	77	;'M'
   403   000844  43                 	db	67	;'C'
   404   000845  00                 	db	0
   405   000846                     STR_21:
   406   000846  4E                 	db	78	;'N'
   407   000847  41                 	db	65	;'A'
   408   000848  4E                 	db	78	;'N'
   409   000849  00                 	db	0
   410   00084A                     STR_9:
   411   00084A  69                 	db	105	;'i'
   412   00084B  6E                 	db	110	;'n'
   413   00084C  66                 	db	102	;'f'
   414   00084D  00                 	db	0
   415   00084E                     STR_12:
   416   00084E  6E                 	db	110	;'n'
   417   00084F  61                 	db	97	;'a'
   418   000850  6E                 	db	110	;'n'
   419   000851  00                 	db	0
   420   000852                     STR_4:
   421   000852  2C                 	db	44
   422   000853  00                 	db	0
   423   00082F                     STR_18          equ	STR_15
   424   00084E                     STR_13          equ	STR_12
   425   00084E                     STR_14          equ	STR_12
   426   00084E                     STR_20          equ	STR_12
   427   00084E                     STR_22          equ	STR_12
   428   00084A                     STR_10          equ	STR_9
   429   00084A                     STR_11          equ	STR_9
   430   00084A                     STR_17          equ	STR_9
   431   00084A                     STR_19          equ	STR_9
   432   00083F                     STR_5           equ	STR_2
   433   000852                     STR_6           equ	STR_4
   434   000853                     STR_23          equ	STR_4+1
   435   000854  00                 	db	0	; dummy byte at the end
   436   000800                     __smallconst    set	__psmallconst
   437   000800                     __mediumconst   set	__psmallconst
   438   000002                     __activetblptr  equ	2
   439                           
   440                           ; #config settings
   441                           
   442                           	psect	cinit
   443   00460C                     __pcinit:
   444                           	callstack 0
   445   00460C                     start_initialization:
   446                           	callstack 0
   447   00460C                     __initialization:
   448                           	callstack 0
   449                           
   450                           ; Clear objects allocated to BANK2 (100 bytes)
   451   00460C  EE02  F000         	lfsr	0,__pbssBANK2
   452   004610  0E64               	movlw	100
   453   004612                     clear_0:
   454   004612  6AEE               	clrf	postinc0,c
   455   004614  06E8               	decf	wreg,f,c
   456   004616  E1FD               	bnz	clear_0
   457                           
   458                           ; Clear objects allocated to BANK1 (80 bytes)
   459   004618  EE01  F09A         	lfsr	0,__pbssBANK1
   460   00461C  0E50               	movlw	80
   461   00461E                     clear_1:
   462   00461E  6AEE               	clrf	postinc0,c
   463   004620  06E8               	decf	wreg,f,c
   464   004622  E1FD               	bnz	clear_1
   465                           
   466                           ; Clear objects allocated to BANK0 (56 bytes)
   467   004624  EE00  F0B0         	lfsr	0,__pbssBANK0
   468   004628  0E38               	movlw	56
   469   00462A                     clear_2:
   470   00462A  6AEE               	clrf	postinc0,c
   471   00462C  06E8               	decf	wreg,f,c
   472   00462E  E1FD               	bnz	clear_2
   473                           
   474                           ; Clear objects allocated to COMRAM (7 bytes)
   475   004630  EE00  F056         	lfsr	0,__pbssCOMRAM
   476   004634  0E07               	movlw	7
   477   004636                     clear_3:
   478   004636  6AEE               	clrf	postinc0,c
   479   004638  06E8               	decf	wreg,f,c
   480   00463A  E1FD               	bnz	clear_3
   481   00463C                     end_of_initialization:
   482                           	callstack 0
   483   00463C                     __end_of__initialization:
   484                           	callstack 0
   485   00463C  0E00               	movlw	low (__Lmediumconst shr (0+16))
   486   00463E  6EF8               	movwf	tblptru,c
   487   004640  0100               	movlb	0
   488   004642  EFB7  F01E         	goto	_main	;jump to C main() function
   489                           
   490                           	psect	bssCOMRAM
   491   000056                     __pbssCOMRAM:
   492                           	callstack 0
   493   000056                     strtok@p:
   494                           	callstack 0
   495   000056                     	ds	2
   496   000058                     _errno:
   497                           	callstack 0
   498   000058                     	ds	2
   499   00005A                     _nmea_index:
   500                           	callstack 0
   501   00005A                     	ds	2
   502   00005C                     _flags:
   503                           	callstack 0
   504   00005C                     	ds	1
   505                           
   506                           	psect	bssBANK0
   507   0000B0                     __pbssBANK0:
   508                           	callstack 0
   509   0000B0                     	ds	20
   510   0000C4                     	ds	20
   511   0000D8                     floorf@F521:
   512                           	callstack 0
   513   0000D8                     	ds	4
   514   0000DC                     ___fpclassifyf@F465:
   515                           	callstack 0
   516   0000DC                     	ds	4
   517   0000E0                     	ds	4
   518   0000E4                     _width:
   519                           	callstack 0
   520   0000E4                     	ds	2
   521   0000E6                     _prec:
   522                           	callstack 0
   523   0000E6                     	ds	2
   524                           
   525                           	psect	bssBANK1
   526   00019A                     __pbssBANK1:
   527                           	callstack 0
   528   00019A                     _dbuf:
   529                           	callstack 0
   530   00019A                     	ds	80
   531                           
   532                           	psect	bssBANK2
   533   000200                     __pbssBANK2:
   534                           	callstack 0
   535   000200                     _nmea_buffer:
   536                           	callstack 0
   537   000200                     	ds	100
   538                           
   539                           	psect	cstackBANK1
   540   000100                     __pcstackBANK1:
   541                           	callstack 0
   542   000100                     parse_nmea_line@tmp:
   543                           	callstack 0
   544                           
   545                           ; 100 bytes @ 0x0
   546   000100                     	ds	100
   547   000164                     parse_nmea_line@lat_field:
   548                           	callstack 0
   549                           
   550                           ; 20 bytes @ 0x64
   551   000164                     	ds	20
   552   000178                     parse_nmea_line@lon_field:
   553                           	callstack 0
   554                           
   555                           ; 20 bytes @ 0x78
   556   000178                     	ds	20
   557   00018C                     parse_nmea_line@lat:
   558                           	callstack 0
   559                           
   560                           ; 4 bytes @ 0x8C
   561   00018C                     	ds	4
   562   000190                     parse_nmea_line@lon:
   563                           	callstack 0
   564                           
   565                           ; 4 bytes @ 0x90
   566   000190                     	ds	4
   567   000194                     parse_nmea_line@lat_hemi:
   568                           	callstack 0
   569                           
   570                           ; 1 bytes @ 0x94
   571   000194                     	ds	1
   572   000195                     parse_nmea_line@lon_hemi:
   573                           	callstack 0
   574                           
   575                           ; 1 bytes @ 0x95
   576   000195                     	ds	1
   577   000196                     parse_nmea_line@field:
   578                           	callstack 0
   579                           
   580                           ; 2 bytes @ 0x96
   581   000196                     	ds	2
   582   000198                     parse_nmea_line@token:
   583                           	callstack 0
   584                           
   585                           ; 2 bytes @ 0x98
   586   000198                     	ds	2
   587                           
   588                           	psect	cstackBANK0
   589   000060                     __pcstackBANK0:
   590                           	callstack 0
   591   000060                     efgtoa@ne:
   592                           	callstack 0
   593                           
   594                           ; 2 bytes @ 0x0
   595   000060                     	ds	2
   596   000062                     efgtoa@p:
   597                           	callstack 0
   598                           
   599                           ; 2 bytes @ 0x2
   600   000062                     	ds	2
   601   000064                     efgtoa@t:
   602                           	callstack 0
   603                           
   604                           ; 2 bytes @ 0x4
   605   000064                     	ds	2
   606   000066                     _efgtoa$991:
   607                           	callstack 0
   608                           
   609                           ; 2 bytes @ 0x6
   610   000066                     	ds	2
   611   000068                     efgtoa@pp:
   612                           	callstack 0
   613                           
   614                           ; 1 bytes @ 0x8
   615   000068                     	ds	1
   616   000069                     efgtoa@mode:
   617                           	callstack 0
   618                           
   619                           ; 1 bytes @ 0x9
   620   000069                     	ds	1
   621   00006A                     efgtoa@nmode:
   622                           	callstack 0
   623                           
   624                           ; 1 bytes @ 0xA
   625   00006A                     	ds	1
   626   00006B                     efgtoa@d:
   627                           	callstack 0
   628                           
   629                           ; 2 bytes @ 0xB
   630   00006B                     	ds	2
   631   00006D                     efgtoa@m:
   632                           	callstack 0
   633                           
   634                           ; 2 bytes @ 0xD
   635   00006D                     	ds	2
   636   00006F                     efgtoa@e:
   637                           	callstack 0
   638                           
   639                           ; 2 bytes @ 0xF
   640   00006F                     	ds	2
   641   000071                     efgtoa@w:
   642                           	callstack 0
   643                           
   644                           ; 2 bytes @ 0x11
   645   000071                     	ds	2
   646   000073                     efgtoa@ou:
   647                           	callstack 0
   648                           
   649                           ; 4 bytes @ 0x13
   650   000073                     	ds	4
   651   000077                     efgtoa@i:
   652                           	callstack 0
   653                           
   654                           ; 2 bytes @ 0x17
   655   000077                     	ds	2
   656   000079                     efgtoa@h:
   657                           	callstack 0
   658                           
   659                           ; 4 bytes @ 0x19
   660   000079                     	ds	4
   661   00007D                     efgtoa@l:
   662                           	callstack 0
   663                           
   664                           ; 4 bytes @ 0x1D
   665   00007D                     	ds	4
   666   000081                     efgtoa@sign:
   667                           	callstack 0
   668                           
   669                           ; 1 bytes @ 0x21
   670   000081                     	ds	1
   671   000082                     efgtoa@n:
   672                           	callstack 0
   673                           
   674                           ; 2 bytes @ 0x22
   675   000082                     	ds	2
   676   000084                     efgtoa@g:
   677                           	callstack 0
   678                           
   679                           ; 4 bytes @ 0x24
   680   000084                     	ds	4
   681   000088                     efgtoa@u:
   682                           	callstack 0
   683                           
   684                           ; 4 bytes @ 0x28
   685   000088                     	ds	4
   686   00008C                     ?_vfprintf:
   687                           	callstack 0
   688   00008C                     vfprintf@fp:
   689                           	callstack 0
   690                           
   691                           ; 1 bytes @ 0x2C
   692   00008C                     	ds	1
   693   00008D                     vfprintf@fmt:
   694                           	callstack 0
   695                           
   696                           ; 1 bytes @ 0x2D
   697   00008D                     	ds	1
   698   00008E                     vfprintf@ap:
   699                           	callstack 0
   700                           
   701                           ; 1 bytes @ 0x2E
   702   00008E                     	ds	1
   703   00008F                     ?_sprintf:
   704                           	callstack 0
   705   00008F                     sprintf@s:
   706                           	callstack 0
   707                           
   708                           ; 1 bytes @ 0x2F
   709   00008F                     	ds	1
   710   000090                     sprintf@fmt:
   711                           	callstack 0
   712                           
   713                           ; 1 bytes @ 0x30
   714   000090                     	ds	5
   715   000095                     display_latlon@lat:
   716                           	callstack 0
   717                           
   718                           ; 4 bytes @ 0x35
   719   000095                     	ds	4
   720   000099                     display_latlon@lon:
   721                           	callstack 0
   722                           
   723                           ; 4 bytes @ 0x39
   724   000099                     	ds	4
   725   00009D                     display_latlon@buf:
   726                           	callstack 0
   727                           
   728                           ; 17 bytes @ 0x3D
   729   00009D                     	ds	17
   730   0000AE                     parse_nmea_line@line:
   731                           	callstack 0
   732                           
   733                           ; 2 bytes @ 0x4E
   734   0000AE                     	ds	2
   735                           
   736                           	psect	cstackCOMRAM
   737   000001                     __pcstackCOMRAM:
   738                           	callstack 0
   739   000001                     ?_strncmp:
   740                           	callstack 0
   741   000001                     ?_strlen:
   742                           	callstack 0
   743   000001                     ?___fpclassifyf:
   744                           	callstack 0
   745   000001                     ?_isxdigit:
   746                           	callstack 0
   747   000001                     ?_isdigit:
   748                           	callstack 0
   749   000001                     ?_toupper:
   750                           	callstack 0
   751   000001                     ?___wmul:
   752                           	callstack 0
   753   000001                     ?_read_prec_or_width:
   754                           	callstack 0
   755   000001                     ?___fldiv:
   756                           	callstack 0
   757   000001                     ?___flmul:
   758                           	callstack 0
   759   000001                     ?_labs:
   760                           	callstack 0
   761   000001                     ?_nanf:
   762                           	callstack 0
   763   000001                     ?___lmul:
   764                           	callstack 0
   765   000001                     ?___flneg:
   766                           	callstack 0
   767   000001                     ?___fltol:
   768                           	callstack 0
   769   000001                     ?___xxtofl:
   770                           	callstack 0
   771   000001                     read_prec_or_width@fmt:
   772                           	callstack 0
   773   000001                     nanf@s:
   774                           	callstack 0
   775   000001                     strchr@s:
   776                           	callstack 0
   777   000001                     ___wmul@multiplier:
   778                           	callstack 0
   779   000001                     memcpy@d1:
   780                           	callstack 0
   781   000001                     fputc@c:
   782                           	callstack 0
   783   000001                     strcpy@dest:
   784                           	callstack 0
   785   000001                     strlen@s:
   786                           	callstack 0
   787   000001                     strncmp@l:
   788                           	callstack 0
   789   000001                     strncpy@d:
   790                           	callstack 0
   791   000001                     isdigit@c:
   792                           	callstack 0
   793   000001                     isxdigit@c:
   794                           	callstack 0
   795   000001                     toupper@c:
   796                           	callstack 0
   797   000001                     ___lmul@multiplier:
   798                           	callstack 0
   799   000001                     ___fleq@ff1:
   800                           	callstack 0
   801   000001                     ___flneg@f1:
   802                           	callstack 0
   803   000001                     ___fltol@f1:
   804                           	callstack 0
   805   000001                     ___fldiv@b:
   806                           	callstack 0
   807   000001                     ___flmul@b:
   808                           	callstack 0
   809   000001                     ___xxtofl@val:
   810                           	callstack 0
   811   000001                     ___fpclassifyf@x:
   812                           	callstack 0
   813   000001                     labs@a:
   814                           	callstack 0
   815   000001                     ??_LCD_Command:
   816   000001                     ??_LCD_Char:
   817                           
   818                           ; 1 bytes @ 0x0
   819   000001                     	ds	1
   820   000002                     LCD_Command@cmd:
   821                           	callstack 0
   822   000002                     LCD_Char@data:
   823                           	callstack 0
   824   000002                     read_prec_or_width@ap:
   825                           	callstack 0
   826   000002                     strchr@c:
   827                           	callstack 0
   828                           
   829                           ; 2 bytes @ 0x1
   830   000002                     	ds	1
   831   000003                     LCD_Set_Cursor@col:
   832                           	callstack 0
   833   000003                     fputc@fp:
   834                           	callstack 0
   835   000003                     strncmp@r:
   836                           	callstack 0
   837   000003                     LCD_String@msg:
   838                           	callstack 0
   839   000003                     ___wmul@multiplicand:
   840                           	callstack 0
   841   000003                     memcpy@s1:
   842                           	callstack 0
   843   000003                     strcpy@src:
   844                           	callstack 0
   845   000003                     strlen@a:
   846                           	callstack 0
   847   000003                     strncpy@s:
   848                           	callstack 0
   849   000003                     ??_LCD_Init:
   850   000003                     ??_LCD_Clear:
   851   000003                     ??_isxdigit:
   852   000003                     ??_isdigit:
   853   000003                     ??_toupper:
   854   000003                     ??_read_prec_or_width:
   855                           
   856                           ; 1 bytes @ 0x2
   857   000003                     	ds	1
   858   000004                     LCD_Set_Cursor@row:
   859                           	callstack 0
   860   000004                     strncmp@n:
   861                           	callstack 0
   862   000004                     ??_fputc:
   863   000004                     ??_strchr:
   864   000004                     
   865                           ; 1 bytes @ 0x3
   866   000004                     	ds	1
   867   000005                     ?_strspn:
   868                           	callstack 0
   869   000005                     ?_strcspn:
   870                           	callstack 0
   871   000005                     LCD_Set_Cursor@pos:
   872                           	callstack 0
   873   000005                     read_prec_or_width@c:
   874                           	callstack 0
   875   000005                     ___wmul@product:
   876                           	callstack 0
   877   000005                     memcpy@n:
   878                           	callstack 0
   879   000005                     strncpy@n:
   880                           	callstack 0
   881   000005                     strcspn@s:
   882                           	callstack 0
   883   000005                     strspn@s:
   884                           	callstack 0
   885   000005                     ___lmul@multiplicand:
   886                           	callstack 0
   887   000005                     ___fleq@ff2:
   888                           	callstack 0
   889   000005                     ___fldiv@a:
   890                           	callstack 0
   891   000005                     ___flmul@a:
   892                           	callstack 0
   893   000005                     nanf@u:
   894                           	callstack 0
   895   000005                     ??_strcpy:
   896   000005                     ??___fpclassifyf:
   897   000005                     ??_labs:
   898   000005                     ??___fltol:
   899   000005                     ??___xxtofl:
   900                           
   901                           ; 1 bytes @ 0x4
   902   000005                     	ds	1
   903   000006                     read_prec_or_width@n:
   904                           	callstack 0
   905   000006                     ??_strncmp:
   906                           
   907                           ; 1 bytes @ 0x5
   908   000006                     	ds	1
   909   000007                     _isxdigit$1195:
   910                           	callstack 0
   911   000007                     strcspn@c:
   912                           	callstack 0
   913   000007                     strspn@c:
   914                           	callstack 0
   915   000007                     memcpy@d:
   916                           	callstack 0
   917   000007                     strcpy@d:
   918                           	callstack 0
   919   000007                     strncpy@cp:
   920                           	callstack 0
   921   000007                     
   922                           ; 1 bytes @ 0x6
   923   000007                     	ds	1
   924   000008                     ??_strspn:
   925   000008                     ??_strcspn:
   926                           
   927                           ; 1 bytes @ 0x7
   928   000008                     	ds	1
   929   000009                     ___fltol@sign1:
   930                           	callstack 0
   931   000009                     ___xxtofl@sign:
   932                           	callstack 0
   933   000009                     ___fpclassifyf@e:
   934                           	callstack 0
   935   000009                     memcpy@s:
   936                           	callstack 0
   937   000009                     fputs@s:
   938                           	callstack 0
   939   000009                     strcspn@i:
   940                           	callstack 0
   941   000009                     strspn@i:
   942                           	callstack 0
   943   000009                     ___lmul@product:
   944                           	callstack 0
   945   000009                     ??___fldiv:
   946   000009                     ??___flmul:
   947   000009                     ??___fleq:
   948                           
   949                           ; 1 bytes @ 0x8
   950   000009                     	ds	1
   951   00000A                     ___fltol@exp1:
   952                           	callstack 0
   953   00000A                     ___xxtofl@exp:
   954                           	callstack 0
   955                           
   956                           ; 1 bytes @ 0x9
   957   00000A                     	ds	1
   958   00000B                     ?_strtok:
   959                           	callstack 0
   960   00000B                     memcpy@tmp:
   961                           	callstack 0
   962   00000B                     fputs@fp:
   963                           	callstack 0
   964   00000B                     strtok@s:
   965                           	callstack 0
   966   00000B                     ___xxtofl@arg:
   967                           	callstack 0
   968   00000B                     ___fpclassifyf@u:
   969                           	callstack 0
   970                           
   971                           ; 4 bytes @ 0xA
   972   00000B                     	ds	1
   973   00000C                     fputs@c:
   974                           	callstack 0
   975   00000C                     
   976                           ; 1 bytes @ 0xB
   977   00000C                     	ds	1
   978   00000D                     ___flmul@sign:
   979                           	callstack 0
   980   00000D                     strtok@sep:
   981                           	callstack 0
   982   00000D                     fputs@i:
   983                           	callstack 0
   984   00000D                     ___fldiv@rem:
   985                           	callstack 0
   986                           
   987                           ; 4 bytes @ 0xC
   988   00000D                     	ds	1
   989   00000E                     ___flmul@grs:
   990                           	callstack 0
   991   00000E                     
   992                           ; 1 bytes @ 0xD
   993   00000E                     	ds	1
   994   00000F                     pad@fp:
   995                           	callstack 0
   996                           
   997                           ; 1 bytes @ 0xE
   998   00000F                     	ds	1
   999   000010                     pad@buf:
  1000                           	callstack 0
  1001                           
  1002                           ; 2 bytes @ 0xF
  1003   000010                     	ds	1
  1004   000011                     ___fldiv@sign:
  1005                           	callstack 0
  1006                           
  1007                           ; 1 bytes @ 0x10
  1008   000011                     	ds	1
  1009   000012                     ___flmul@aexp:
  1010                           	callstack 0
  1011   000012                     ___fldiv@new_exp:
  1012                           	callstack 0
  1013   000012                     pad@p:
  1014                           	callstack 0
  1015                           
  1016                           ; 2 bytes @ 0x11
  1017   000012                     	ds	1
  1018   000013                     ___flmul@bexp:
  1019                           	callstack 0
  1020                           
  1021                           ; 1 bytes @ 0x12
  1022   000013                     	ds	1
  1023   000014                     ___fldiv@grs:
  1024                           	callstack 0
  1025   000014                     ___flmul@prod:
  1026                           	callstack 0
  1027   000014                     ??_pad:
  1028                           
  1029                           ; 1 bytes @ 0x13
  1030   000014                     	ds	1
  1031   000015                     pad@i:
  1032                           	callstack 0
  1033                           
  1034                           ; 2 bytes @ 0x14
  1035   000015                     	ds	3
  1036   000018                     ___fldiv@bexp:
  1037                           	callstack 0
  1038   000018                     ___flmul@temp:
  1039                           	callstack 0
  1040                           
  1041                           ; 2 bytes @ 0x17
  1042   000018                     	ds	1
  1043   000019                     ___fldiv@aexp:
  1044                           	callstack 0
  1045                           
  1046                           ; 1 bytes @ 0x18
  1047   000019                     	ds	1
  1048   00001A                     ?___fladd:
  1049                           	callstack 0
  1050   00001A                     ?_floorf:
  1051                           	callstack 0
  1052   00001A                     ___flge@ff1:
  1053                           	callstack 0
  1054   00001A                     ___fladd@b:
  1055                           	callstack 0
  1056   00001A                     floorf@x:
  1057                           	callstack 0
  1058                           
  1059                           ; 4 bytes @ 0x19
  1060   00001A                     	ds	4
  1061   00001E                     ___flge@ff2:
  1062                           	callstack 0
  1063   00001E                     ___fladd@a:
  1064                           	callstack 0
  1065   00001E                     ??_floorf:
  1066                           
  1067                           ; 1 bytes @ 0x1D
  1068   00001E                     	ds	4
  1069   000022                     ??___fladd:
  1070   000022                     ??___flge:
  1071                           
  1072                           ; 1 bytes @ 0x21
  1073   000022                     	ds	2
  1074   000024                     floorf@m:
  1075                           	callstack 0
  1076                           
  1077                           ; 4 bytes @ 0x23
  1078   000024                     	ds	2
  1079   000026                     ?_strtof:
  1080                           	callstack 0
  1081   000026                     ___fladd@signs:
  1082                           	callstack 0
  1083   000026                     strtof@s:
  1084                           	callstack 0
  1085                           
  1086                           ; 2 bytes @ 0x25
  1087   000026                     	ds	1
  1088   000027                     ___fladd@aexp:
  1089                           	callstack 0
  1090                           
  1091                           ; 1 bytes @ 0x26
  1092   000027                     	ds	1
  1093   000028                     ___fladd@bexp:
  1094                           	callstack 0
  1095   000028                     floorf@e:
  1096                           	callstack 0
  1097   000028                     strtof@res:
  1098                           	callstack 0
  1099                           
  1100                           ; 2 bytes @ 0x27
  1101   000028                     	ds	1
  1102   000029                     ___fladd@grs:
  1103                           	callstack 0
  1104                           
  1105                           ; 1 bytes @ 0x28
  1106   000029                     	ds	1
  1107   00002A                     ?___flsub:
  1108                           	callstack 0
  1109   00002A                     ___flsub@b:
  1110                           	callstack 0
  1111   00002A                     floorf@u:
  1112                           	callstack 0
  1113   00002A                     ??_strtof:
  1114                           
  1115                           ; 1 bytes @ 0x29
  1116   00002A                     	ds	4
  1117   00002E                     ___flsub@a:
  1118                           	callstack 0
  1119                           
  1120                           ; 4 bytes @ 0x2D
  1121   00002E                     	ds	2
  1122   000030                     strtof@err:
  1123                           	callstack 0
  1124                           
  1125                           ; 2 bytes @ 0x2F
  1126   000030                     	ds	2
  1127   000032                     efgtoa@fp:
  1128                           	callstack 0
  1129   000032                     strtof@xpos:
  1130                           	callstack 0
  1131   000032                     
  1132                           ; 1 bytes @ 0x31
  1133   000032                     	ds	1
  1134   000033                     strtof@dpos:
  1135                           	callstack 0
  1136   000033                     efgtoa@f:
  1137                           	callstack 0
  1138                           
  1139                           ; 4 bytes @ 0x32
  1140   000033                     	ds	1
  1141   000034                     strtof@digit:
  1142                           	callstack 0
  1143                           
  1144                           ; 1 bytes @ 0x33
  1145   000034                     	ds	1
  1146   000035                     strtof@flags:
  1147                           	callstack 0
  1148                           
  1149                           ; 1 bytes @ 0x34
  1150   000035                     	ds	1
  1151   000036                     strtof@expon:
  1152                           	callstack 0
  1153                           
  1154                           ; 2 bytes @ 0x35
  1155   000036                     	ds	1
  1156   000037                     efgtoa@c:
  1157                           	callstack 0
  1158                           
  1159                           ; 1 bytes @ 0x36
  1160   000037                     	ds	1
  1161   000038                     strtof@eexp:
  1162                           	callstack 0
  1163   000038                     ??_efgtoa:
  1164                           
  1165                           ; 1 bytes @ 0x37
  1166   000038                     	ds	2
  1167   00003A                     vfpfcnvrt@fp:
  1168                           	callstack 0
  1169   00003A                     strtof@_u:
  1170                           	callstack 0
  1171                           
  1172                           ; 4 bytes @ 0x39
  1173   00003A                     	ds	1
  1174   00003B                     vfpfcnvrt@fmt:
  1175                           	callstack 0
  1176                           
  1177                           ; 1 bytes @ 0x3A
  1178   00003B                     	ds	1
  1179   00003C                     vfpfcnvrt@ap:
  1180                           	callstack 0
  1181                           
  1182                           ; 1 bytes @ 0x3B
  1183   00003C                     	ds	1
  1184   00003D                     ??_vfpfcnvrt:
  1185                           
  1186                           ; 1 bytes @ 0x3C
  1187   00003D                     	ds	1
  1188   00003E                     strtof@i:
  1189                           	callstack 0
  1190   00003E                     vfpfcnvrt@convarg:
  1191                           	callstack 0
  1192                           
  1193                           ; 4 bytes @ 0x3D
  1194   00003E                     	ds	1
  1195   00003F                     ?_nmea_latlon_to_decimal:
  1196                           	callstack 0
  1197   00003F                     nmea_latlon_to_decimal@nmea:
  1198                           	callstack 0
  1199                           
  1200                           ; 2 bytes @ 0x3E
  1201   00003F                     	ds	2
  1202   000041                     nmea_latlon_to_decimal@hemi:
  1203                           	callstack 0
  1204                           
  1205                           ; 1 bytes @ 0x40
  1206   000041                     	ds	1
  1207   000042                     vfpfcnvrt@c:
  1208                           	callstack 0
  1209                           
  1210                           ; 1 bytes @ 0x41
  1211   000042                     	ds	1
  1212   000043                     vfpfcnvrt@cp:
  1213                           	callstack 0
  1214   000043                     nmea_latlon_to_decimal@deg:
  1215                           	callstack 0
  1216   000043                     
  1217                           ; 1 bytes @ 0x42
  1218   000043                     	ds	1
  1219   000044                     vfprintf@cfmt:
  1220                           	callstack 0
  1221   000044                     
  1222                           ; 1 bytes @ 0x43
  1223   000044                     	ds	1
  1224   000045                     sprintf@ap:
  1225                           	callstack 0
  1226   000045                     
  1227                           ; 1 bytes @ 0x44
  1228   000045                     	ds	1
  1229   000046                     sprintf@f:
  1230                           	callstack 0
  1231                           
  1232                           ; 11 bytes @ 0x45
  1233   000046                     	ds	1
  1234   000047                     nmea_latlon_to_decimal@min:
  1235                           	callstack 0
  1236                           
  1237                           ; 4 bytes @ 0x46
  1238   000047                     	ds	4
  1239   00004B                     nmea_latlon_to_decimal@decimal:
  1240                           	callstack 0
  1241                           
  1242                           ; 4 bytes @ 0x4A
  1243   00004B                     	ds	4
  1244   00004F                     nmea_latlon_to_decimal@deg_digits:
  1245                           	callstack 0
  1246                           
  1247                           ; 2 bytes @ 0x4E
  1248   00004F                     	ds	2
  1249   000051                     nmea_latlon_to_decimal@deg_str:
  1250                           	callstack 0
  1251   000051                     
  1252                           ; 1 bytes @ 0x50
  1253   000051                     	ds	4
  1254   000055                     main@c:
  1255                           	callstack 0
  1256   000055                     
  1257                           ; 1 bytes @ 0x54
  1258   000055                     	ds	1
  1259                           
  1260 ;;
  1261 ;;Main: autosize = 0, tempsize = 0, incstack = 0, save=0
  1262 ;;
  1263 ;; *************** function _main *****************
  1264 ;; Defined at:
  1265 ;;		line 55 in file "GPS_I2C.c"
  1266 ;; Parameters:    Size  Location     Type
  1267 ;;		None
  1268 ;; Auto vars:     Size  Location     Type
  1269 ;;  c               1   84[COMRAM] unsigned char 
  1270 ;; Return value:  Size  Location     Type
  1271 ;;                  1    wreg      void 
  1272 ;; Registers used:
  1273 ;;		wreg, fsr1l, fsr1h, fsr2l, fsr2h, status,2, status,0, tblptrl, tblptrh, tblptru, prodl, prodh, cstack
  1274 ;; Tracked objects:
  1275 ;;		On entry : 0/0
  1276 ;;		On exit  : 0/0
  1277 ;;		Unchanged: 0/0
  1278 ;; Data sizes:     COMRAM   BANK0   BANK1   BANK2   BANK3   BANK4   BANK5   BANK6   BANK7
  1279 ;;      Params:         0       0       0       0       0       0       0       0       0
  1280 ;;      Locals:         1       0       0       0       0       0       0       0       0
  1281 ;;      Temps:          0       0       0       0       0       0       0       0       0
  1282 ;;      Totals:         1       0       0       0       0       0       0       0       0
  1283 ;;Total ram usage:        1 bytes
  1284 ;; Hardware stack levels required when called: 10
  1285 ;; This function calls:
  1286 ;;		_LCD_Clear
  1287 ;;		_LCD_Init
  1288 ;;		_LCD_String
  1289 ;;		_UART_Data_Ready
  1290 ;;		_UART_Init
  1291 ;;		_UART_Read
  1292 ;;		_parse_nmea_line
  1293 ;; This function is called by:
  1294 ;;		Startup code after reset
  1295 ;; This function uses a non-reentrant model
  1296 ;;
  1297                           
  1298                           	psect	text0
  1299   003D6E                     __ptext0:
  1300                           	callstack 0
  1301   003D6E                     _main:
  1302                           	callstack 21
  1303   003D6E                     
  1304                           ;GPS_I2C.c: 58:     OSCCON = 0b01110010;
  1305   003D6E  0E72               	movlw	114
  1306   003D70  6ED3               	movwf	211,c	;volatile
  1307   003D72                     
  1308                           ;GPS_I2C.c: 60:     TRISB = 0x00;
  1309   003D72  6A93               	clrf	147,c	;volatile
  1310   003D74                     
  1311                           ;GPS_I2C.c: 61:     LATB = 0x00;
  1312   003D74  6A8A               	clrf	138,c	;volatile
  1313   003D76                     
  1314                           ;GPS_I2C.c: 63:     LCD_Init();
  1315   003D76  EC8D  F023         	call	_LCD_Init	;wreg free
  1316   003D7A                     
  1317                           ;GPS_I2C.c: 64:     UART_Init();
  1318   003D7A  EC12  F024         	call	_UART_Init	;wreg free
  1319   003D7E                     
  1320                           ;GPS_I2C.c: 66:     LCD_Clear();
  1321   003D7E  ECF3  F023         	call	_LCD_Clear	;wreg free
  1322   003D82                     
  1323                           ;GPS_I2C.c: 67:     LCD_String("Esperando GPS...");
  1324   003D82  0E01               	movlw	low STR_1
  1325   003D84  6E03               	movwf	LCD_String@msg^0,c
  1326   003D86  5003               	movf	LCD_String@msg^0,w,c
  1327   003D88  A4D8               	btfss	status,2,c
  1328   003D8A  0E08               	movlw	high __smallconst
  1329   003D8C  6E04               	movwf	(LCD_String@msg+1)^0,c
  1330   003D8E  EC4B  F021         	call	_LCD_String	;wreg free
  1331   003D92                     l4809:
  1332                           
  1333                           ;GPS_I2C.c: 70:     {;GPS_I2C.c: 71:         if (UART_Data_Ready())
  1334   003D92  ECFF  F023         	call	_UART_Data_Ready	;wreg free
  1335   003D96  0900               	iorlw	0
  1336   003D98  B4D8               	btfsc	status,2,c
  1337   003D9A  EFD1  F01E         	goto	u6391
  1338   003D9E  EFD3  F01E         	goto	u6390
  1339   003DA2                     u6391:
  1340   003DA2  EFC9  F01E         	goto	l4809
  1341   003DA6                     u6390:
  1342   003DA6                     
  1343                           ;GPS_I2C.c: 72:         {;GPS_I2C.c: 73:             char c = UART_Read();
  1344   003DA6  EC09  F024         	call	_UART_Read	;wreg free
  1345   003DAA  6E55               	movwf	main@c^0,c
  1346   003DAC                     
  1347                           ;GPS_I2C.c: 75:             if (c == '\n')
  1348   003DAC  0E0A               	movlw	10
  1349   003DAE  1855               	xorwf	main@c^0,w,c
  1350   003DB0  A4D8               	btfss	status,2,c
  1351   003DB2  EFDD  F01E         	goto	u6401
  1352   003DB6  EFDF  F01E         	goto	u6400
  1353   003DBA                     u6401:
  1354   003DBA  EFF3  F01E         	goto	l4821
  1355   003DBE                     u6400:
  1356   003DBE                     
  1357                           ;GPS_I2C.c: 76:             {;GPS_I2C.c: 77:                 nmea_buffer[nmea_index] = '
      +                          \0';
  1358   003DBE  0E00               	movlw	low _nmea_buffer
  1359   003DC0  245A               	addwf	_nmea_index^0,w,c
  1360   003DC2  6ED9               	movwf	fsr2l,c
  1361   003DC4  0E02               	movlw	high _nmea_buffer
  1362   003DC6  205B               	addwfc	(_nmea_index+1)^0,w,c
  1363   003DC8  6EDA               	movwf	fsr2h,c
  1364   003DCA  6ADF               	clrf	indf2,c
  1365   003DCC                     
  1366                           ;GPS_I2C.c: 78:                 parse_nmea_line(nmea_buffer);
  1367   003DCC  0E00               	movlw	low _nmea_buffer
  1368   003DCE  0100               	movlb	0	; () banked
  1369   003DD0  6FAE               	movwf	parse_nmea_line@line& (0+255),b
  1370   003DD2  0E02               	movlw	high _nmea_buffer
  1371   003DD4  6FAF               	movwf	(parse_nmea_line@line+1)& (0+255),b
  1372   003DD6  EC75  F017         	call	_parse_nmea_line	;wreg free
  1373   003DDA                     
  1374                           ;GPS_I2C.c: 79:                 nmea_index = 0;
  1375   003DDA  0E00               	movlw	0
  1376   003DDC  6E5B               	movwf	(_nmea_index+1)^0,c
  1377   003DDE  0E00               	movlw	0
  1378   003DE0  6E5A               	movwf	_nmea_index^0,c
  1379                           
  1380                           ;GPS_I2C.c: 80:             }
  1381   003DE2  EFC9  F01E         	goto	l4809
  1382   003DE6                     l4821:
  1383   003DE6  BE5B               	btfsc	(_nmea_index+1)^0,7,c
  1384   003DE8  EF01  F01F         	goto	u6410
  1385   003DEC  505B               	movf	(_nmea_index+1)^0,w,c
  1386   003DEE  E107               	bnz	u6411
  1387   003DF0  0E63               	movlw	99
  1388   003DF2  5C5A               	subwf	_nmea_index^0,w,c
  1389   003DF4  B0D8               	btfsc	status,0,c
  1390   003DF6  EFFF  F01E         	goto	u6411
  1391   003DFA  EF01  F01F         	goto	u6410
  1392   003DFE                     u6411:
  1393   003DFE  EF0D  F01F         	goto	l66
  1394   003E02                     u6410:
  1395   003E02                     
  1396                           ;GPS_I2C.c: 82:             {;GPS_I2C.c: 83:                 nmea_buffer[nmea_index++] =
      +                           c;
  1397   003E02  0E00               	movlw	low _nmea_buffer
  1398   003E04  245A               	addwf	_nmea_index^0,w,c
  1399   003E06  6ED9               	movwf	fsr2l,c
  1400   003E08  0E02               	movlw	high _nmea_buffer
  1401   003E0A  205B               	addwfc	(_nmea_index+1)^0,w,c
  1402   003E0C  6EDA               	movwf	fsr2h,c
  1403   003E0E  C055  FFDF         	movff	main@c,indf2
  1404   003E12  4A5A               	infsnz	_nmea_index^0,f,c
  1405   003E14  2A5B               	incf	(_nmea_index+1)^0,f,c
  1406   003E16  EFC9  F01E         	goto	l4809
  1407   003E1A                     l66:
  1408   003E1A  EFC9  F01E         	goto	l4809
  1409   003E1E  EFFE  F03F         	goto	start
  1410   003E22                     __end_of_main:
  1411                           	callstack 0
  1412                           
  1413 ;; *************** function _parse_nmea_line *****************
  1414 ;; Defined at:
  1415 ;;		line 179 in file "GPS_I2C.c"
  1416 ;; Parameters:    Size  Location     Type
  1417 ;;  line            2   78[BANK0 ] PTR const unsigned char 
  1418 ;;		 -> nmea_buffer(100), 
  1419 ;; Auto vars:     Size  Location     Type
  1420 ;;  lon             4  144[BANK1 ] PTR const unsigned char 
  1421 ;;  lat             4  140[BANK1 ] PTR const unsigned char 
  1422 ;;  tmp           100    0[BANK1 ] unsigned char [100]
  1423 ;;  lon_field      20  120[BANK1 ] unsigned char [20]
  1424 ;;  lat_field      20  100[BANK1 ] unsigned char [20]
  1425 ;;  token           2  152[BANK1 ] PTR unsigned char 
  1426 ;;		 -> NULL(0), parse_nmea_line@tmp(100), 
  1427 ;;  field           2  150[BANK1 ] int 
  1428 ;;  lon_hemi        1  149[BANK1 ] unsigned char 
  1429 ;;  lat_hemi        1  148[BANK1 ] unsigned char 
  1430 ;; Return value:  Size  Location     Type
  1431 ;;                  1    wreg      void 
  1432 ;; Registers used:
  1433 ;;		wreg, fsr1l, fsr1h, fsr2l, fsr2h, status,2, status,0, tblptrl, tblptrh, tblptru, prodl, prodh, cstack
  1434 ;; Tracked objects:
  1435 ;;		On entry : 0/0
  1436 ;;		On exit  : 0/0
  1437 ;;		Unchanged: 0/0
  1438 ;; Data sizes:     COMRAM   BANK0   BANK1   BANK2   BANK3   BANK4   BANK5   BANK6   BANK7
  1439 ;;      Params:         0       2       0       0       0       0       0       0       0
  1440 ;;      Locals:         0       0     154       0       0       0       0       0       0
  1441 ;;      Temps:          0       0       0       0       0       0       0       0       0
  1442 ;;      Totals:         0       2     154       0       0       0       0       0       0
  1443 ;;Total ram usage:      156 bytes
  1444 ;; Hardware stack levels used: 1
  1445 ;; Hardware stack levels required when called: 9
  1446 ;; This function calls:
  1447 ;;		_display_latlon
  1448 ;;		_nmea_latlon_to_decimal
  1449 ;;		_strcpy
  1450 ;;		_strlen
  1451 ;;		_strncmp
  1452 ;;		_strncpy
  1453 ;;		_strtok
  1454 ;; This function is called by:
  1455 ;;		_main
  1456 ;; This function uses a non-reentrant model
  1457 ;;
  1458                           
  1459                           	psect	text1
  1460   002EEA                     __ptext1:
  1461                           	callstack 0
  1462   002EEA                     _parse_nmea_line:
  1463                           	callstack 21
  1464   002EEA                     
  1465                           ;GPS_I2C.c: 179: void parse_nmea_line(const char *line);GPS_I2C.c: 180: {;GPS_I2C.c: 181
      +                          :     if (strncmp(line, "$GPRMC", 6) == 0 || strncmp(line, "$GPGGA", 6) == 0)
  1466   002EEA  C0AE  F001         	movff	parse_nmea_line@line,strncmp@l
  1467   002EEE  C0AF  F002         	movff	parse_nmea_line@line+1,strncmp@l+1
  1468   002EF2  0E3F               	movlw	low STR_2
  1469   002EF4  6E03               	movwf	strncmp@r^0,c
  1470   002EF6  0E00               	movlw	0
  1471   002EF8  6E05               	movwf	(strncmp@n+1)^0,c
  1472   002EFA  0E06               	movlw	6
  1473   002EFC  6E04               	movwf	strncmp@n^0,c
  1474   002EFE  EC55  F01E         	call	_strncmp	;wreg free
  1475   002F02  5001               	movf	?_strncmp^0,w,c
  1476   002F04  1002               	iorwf	(?_strncmp+1)^0,w,c
  1477   002F06  B4D8               	btfsc	status,2,c
  1478   002F08  EF88  F017         	goto	u6231
  1479   002F0C  EF8A  F017         	goto	u6230
  1480   002F10                     u6231:
  1481   002F10  EF9F  F017         	goto	l4733
  1482   002F14                     u6230:
  1483   002F14  C0AE  F001         	movff	parse_nmea_line@line,strncmp@l
  1484   002F18  C0AF  F002         	movff	parse_nmea_line@line+1,strncmp@l+1
  1485   002F1C  0E38               	movlw	low STR_3
  1486   002F1E  6E03               	movwf	strncmp@r^0,c
  1487   002F20  0E00               	movlw	0
  1488   002F22  6E05               	movwf	(strncmp@n+1)^0,c
  1489   002F24  0E06               	movlw	6
  1490   002F26  6E04               	movwf	strncmp@n^0,c
  1491   002F28  EC55  F01E         	call	_strncmp	;wreg free
  1492   002F2C  5001               	movf	?_strncmp^0,w,c
  1493   002F2E  1002               	iorwf	(?_strncmp+1)^0,w,c
  1494   002F30  A4D8               	btfss	status,2,c
  1495   002F32  EF9D  F017         	goto	u6241
  1496   002F36  EF9F  F017         	goto	u6240
  1497   002F3A                     u6241:
  1498   002F3A  EFE6  F018         	goto	l143
  1499   002F3E                     u6240:
  1500   002F3E                     l4733:
  1501                           
  1502                           ;GPS_I2C.c: 182:     {;GPS_I2C.c: 183:         char tmp[100];;GPS_I2C.c: 184:         st
      +                          rncpy(tmp, line, 100 - 1);
  1503   002F3E  0E00               	movlw	low parse_nmea_line@tmp
  1504   002F40  6E01               	movwf	strncpy@d^0,c
  1505   002F42  0E01               	movlw	high parse_nmea_line@tmp
  1506   002F44  6E02               	movwf	(strncpy@d+1)^0,c
  1507   002F46  C0AE  F003         	movff	parse_nmea_line@line,strncpy@s
  1508   002F4A  C0AF  F004         	movff	parse_nmea_line@line+1,strncpy@s+1
  1509   002F4E  0E00               	movlw	0
  1510   002F50  6E06               	movwf	(strncpy@n+1)^0,c
  1511   002F52  0E63               	movlw	99
  1512   002F54  6E05               	movwf	strncpy@n^0,c
  1513   002F56  EC0D  F020         	call	_strncpy	;wreg free
  1514   002F5A                     
  1515                           ;GPS_I2C.c: 185:         tmp[100 - 1] = '\0';
  1516   002F5A  0101               	movlb	1	; () banked
  1517   002F5C  6B63               	clrf	(parse_nmea_line@tmp+99)& (0+255),b
  1518   002F5E                     
  1519                           ; BSR set to: 1
  1520                           ;GPS_I2C.c: 187:         char *token;;GPS_I2C.c: 188:         int field = 0;
  1521   002F5E  0E00               	movlw	0
  1522   002F60  6F97               	movwf	(parse_nmea_line@field+1)& (0+255),b
  1523   002F62  0E00               	movlw	0
  1524   002F64  6F96               	movwf	parse_nmea_line@field& (0+255),b
  1525   002F66                     
  1526                           ; BSR set to: 1
  1527                           ;GPS_I2C.c: 189:         char lat_field[20] = "";
  1528   002F66  EE21  F064         	lfsr	2,parse_nmea_line@lat_field
  1529   002F6A  0E13               	movlw	19
  1530   002F6C                     u6251:
  1531   002F6C  6ADE               	clrf	postinc2,c
  1532   002F6E  06E8               	decf	wreg,f,c
  1533   002F70  E2FD               	bc	u6251
  1534   002F72                     
  1535                           ; BSR set to: 1
  1536                           ;GPS_I2C.c: 190:         char lon_field[20] = "";
  1537   002F72  EE21  F078         	lfsr	2,parse_nmea_line@lon_field
  1538   002F76  0E13               	movlw	19
  1539   002F78                     u6261:
  1540   002F78  6ADE               	clrf	postinc2,c
  1541   002F7A  06E8               	decf	wreg,f,c
  1542   002F7C  E2FD               	bc	u6261
  1543   002F7E                     
  1544                           ; BSR set to: 1
  1545                           ;GPS_I2C.c: 191:         char lat_hemi = 'N';
  1546   002F7E  0E4E               	movlw	78
  1547   002F80  6F94               	movwf	parse_nmea_line@lat_hemi& (0+255),b
  1548   002F82                     
  1549                           ; BSR set to: 1
  1550                           ;GPS_I2C.c: 192:         char lon_hemi = 'E';
  1551   002F82  0E45               	movlw	69
  1552   002F84  6F95               	movwf	parse_nmea_line@lon_hemi& (0+255),b
  1553   002F86                     
  1554                           ; BSR set to: 1
  1555                           ;GPS_I2C.c: 194:         token = strtok(tmp, ",");
  1556   002F86  0E00               	movlw	low parse_nmea_line@tmp
  1557   002F88  6E0B               	movwf	strtok@s^0,c
  1558   002F8A  0E01               	movlw	high parse_nmea_line@tmp
  1559   002F8C  6E0C               	movwf	(strtok@s+1)^0,c
  1560   002F8E  0E52               	movlw	low STR_4
  1561   002F90  6E0D               	movwf	strtok@sep^0,c
  1562   002F92  ECEB  F01D         	call	_strtok	;wreg free
  1563   002F96  C00B  F198         	movff	?_strtok,parse_nmea_line@token
  1564   002F9A  C00C  F199         	movff	?_strtok+1,parse_nmea_line@token+1
  1565                           
  1566                           ;GPS_I2C.c: 195:         while (token != ((void*)0))
  1567   002F9E  EF8C  F018         	goto	l4787
  1568   002FA2                     l4749:
  1569                           
  1570                           ; BSR set to: 1
  1571                           ;GPS_I2C.c: 196:         {;GPS_I2C.c: 197:             field++;
  1572   002FA2  4B96               	infsnz	parse_nmea_line@field& (0+255),f,b
  1573   002FA4  2B97               	incf	(parse_nmea_line@field+1)& (0+255),f,b
  1574   002FA6                     
  1575                           ; BSR set to: 1
  1576                           ;GPS_I2C.c: 199:             if (strncmp(line, "$GPRMC", 6) == 0)
  1577   002FA6  C0AE  F001         	movff	parse_nmea_line@line,strncmp@l
  1578   002FAA  C0AF  F002         	movff	parse_nmea_line@line+1,strncmp@l+1
  1579   002FAE  0E3F               	movlw	low STR_2
  1580   002FB0  6E03               	movwf	strncmp@r^0,c
  1581   002FB2  0E00               	movlw	0
  1582   002FB4  6E05               	movwf	(strncmp@n+1)^0,c
  1583   002FB6  0E06               	movlw	6
  1584   002FB8  6E04               	movwf	strncmp@n^0,c
  1585   002FBA  EC55  F01E         	call	_strncmp	;wreg free
  1586   002FBE  5001               	movf	?_strncmp^0,w,c
  1587   002FC0  1002               	iorwf	(?_strncmp+1)^0,w,c
  1588   002FC2  A4D8               	btfss	status,2,c
  1589   002FC4  EFE6  F017         	goto	u6271
  1590   002FC8  EFE8  F017         	goto	u6270
  1591   002FCC                     u6271:
  1592   002FCC  EF3B  F018         	goto	l4769
  1593   002FD0                     u6270:
  1594   002FD0                     
  1595                           ;GPS_I2C.c: 200:             {;GPS_I2C.c: 201:                 if (field == 3)
  1596   002FD0  0E03               	movlw	3
  1597   002FD2  0101               	movlb	1	; () banked
  1598   002FD4  1996               	xorwf	parse_nmea_line@field& (0+255),w,b
  1599   002FD6  1197               	iorwf	(parse_nmea_line@field+1)& (0+255),w,b
  1600   002FD8  A4D8               	btfss	status,2,c
  1601   002FDA  EFF1  F017         	goto	u6281
  1602   002FDE  EFF3  F017         	goto	u6280
  1603   002FE2                     u6281:
  1604   002FE2  EFFF  F017         	goto	l4757
  1605   002FE6                     u6280:
  1606   002FE6                     
  1607                           ; BSR set to: 1
  1608                           ;GPS_I2C.c: 202:                     strcpy(lat_field, token);
  1609   002FE6  0E64               	movlw	low parse_nmea_line@lat_field
  1610   002FE8  6E01               	movwf	strcpy@dest^0,c
  1611   002FEA  0E01               	movlw	high parse_nmea_line@lat_field
  1612   002FEC  6E02               	movwf	(strcpy@dest+1)^0,c
  1613   002FEE  C198  F003         	movff	parse_nmea_line@token,strcpy@src
  1614   002FF2  C199  F004         	movff	parse_nmea_line@token+1,strcpy@src+1
  1615   002FF6  EC2D  F022         	call	_strcpy	;wreg free
  1616   002FFA  EF80  F018         	goto	l4785
  1617   002FFE                     l4757:
  1618                           
  1619                           ; BSR set to: 1
  1620   002FFE  0E04               	movlw	4
  1621   003000  1996               	xorwf	parse_nmea_line@field& (0+255),w,b
  1622   003002  1197               	iorwf	(parse_nmea_line@field+1)& (0+255),w,b
  1623   003004  A4D8               	btfss	status,2,c
  1624   003006  EF07  F018         	goto	u6291
  1625   00300A  EF09  F018         	goto	u6290
  1626   00300E                     u6291:
  1627   00300E  EF11  F018         	goto	l4761
  1628   003012                     u6290:
  1629   003012                     l4759:
  1630                           
  1631                           ; BSR set to: 1
  1632                           ;GPS_I2C.c: 204:                     lat_hemi = token[0];
  1633   003012  C198  FFD9         	movff	parse_nmea_line@token,fsr2l
  1634   003016  C199  FFDA         	movff	parse_nmea_line@token+1,fsr2h
  1635   00301A  50DF               	movf	indf2,w,c
  1636   00301C  6F94               	movwf	parse_nmea_line@lat_hemi& (0+255),b
  1637   00301E  EF80  F018         	goto	l4785
  1638   003022                     l4761:
  1639                           
  1640                           ; BSR set to: 1
  1641   003022  0E05               	movlw	5
  1642   003024  1996               	xorwf	parse_nmea_line@field& (0+255),w,b
  1643   003026  1197               	iorwf	(parse_nmea_line@field+1)& (0+255),w,b
  1644   003028  A4D8               	btfss	status,2,c
  1645   00302A  EF19  F018         	goto	u6301
  1646   00302E  EF1B  F018         	goto	u6300
  1647   003032                     u6301:
  1648   003032  EF27  F018         	goto	l4765
  1649   003036                     u6300:
  1650   003036                     
  1651                           ; BSR set to: 1
  1652                           ;GPS_I2C.c: 206:                     strcpy(lon_field, token);
  1653   003036  0E78               	movlw	low parse_nmea_line@lon_field
  1654   003038  6E01               	movwf	strcpy@dest^0,c
  1655   00303A  0E01               	movlw	high parse_nmea_line@lon_field
  1656   00303C  6E02               	movwf	(strcpy@dest+1)^0,c
  1657   00303E  C198  F003         	movff	parse_nmea_line@token,strcpy@src
  1658   003042  C199  F004         	movff	parse_nmea_line@token+1,strcpy@src+1
  1659   003046  EC2D  F022         	call	_strcpy	;wreg free
  1660   00304A  EF80  F018         	goto	l4785
  1661   00304E                     l4765:
  1662                           
  1663                           ; BSR set to: 1
  1664   00304E  0E06               	movlw	6
  1665   003050  1996               	xorwf	parse_nmea_line@field& (0+255),w,b
  1666   003052  1197               	iorwf	(parse_nmea_line@field+1)& (0+255),w,b
  1667   003054  A4D8               	btfss	status,2,c
  1668   003056  EF2F  F018         	goto	u6311
  1669   00305A  EF31  F018         	goto	u6310
  1670   00305E                     u6311:
  1671   00305E  EF39  F018         	goto	l127
  1672   003062                     u6310:
  1673   003062                     l4767:
  1674                           
  1675                           ; BSR set to: 1
  1676                           ;GPS_I2C.c: 208:                     lon_hemi = token[0];
  1677   003062  C198  FFD9         	movff	parse_nmea_line@token,fsr2l
  1678   003066  C199  FFDA         	movff	parse_nmea_line@token+1,fsr2h
  1679   00306A  50DF               	movf	indf2,w,c
  1680   00306C  6F95               	movwf	parse_nmea_line@lon_hemi& (0+255),b
  1681   00306E  EF80  F018         	goto	l4785
  1682   003072                     l127:
  1683                           
  1684                           ; BSR set to: 1
  1685                           ;GPS_I2C.c: 209:             }
  1686   003072  EF80  F018         	goto	l4785
  1687   003076                     l4769:
  1688                           
  1689                           ;GPS_I2C.c: 211:             {;GPS_I2C.c: 212:                 if (field == 2)
  1690   003076  0E02               	movlw	2
  1691   003078  0101               	movlb	1	; () banked
  1692   00307A  1996               	xorwf	parse_nmea_line@field& (0+255),w,b
  1693   00307C  1197               	iorwf	(parse_nmea_line@field+1)& (0+255),w,b
  1694   00307E  A4D8               	btfss	status,2,c
  1695   003080  EF44  F018         	goto	u6321
  1696   003084  EF46  F018         	goto	u6320
  1697   003088                     u6321:
  1698   003088  EF52  F018         	goto	l4773
  1699   00308C                     u6320:
  1700   00308C                     
  1701                           ; BSR set to: 1
  1702                           ;GPS_I2C.c: 213:                     strcpy(lat_field, token);
  1703   00308C  0E64               	movlw	low parse_nmea_line@lat_field
  1704   00308E  6E01               	movwf	strcpy@dest^0,c
  1705   003090  0E01               	movlw	high parse_nmea_line@lat_field
  1706   003092  6E02               	movwf	(strcpy@dest+1)^0,c
  1707   003094  C198  F003         	movff	parse_nmea_line@token,strcpy@src
  1708   003098  C199  F004         	movff	parse_nmea_line@token+1,strcpy@src+1
  1709   00309C  EC2D  F022         	call	_strcpy	;wreg free
  1710   0030A0  EF80  F018         	goto	l4785
  1711   0030A4                     l4773:
  1712                           
  1713                           ; BSR set to: 1
  1714   0030A4  0E03               	movlw	3
  1715   0030A6  1996               	xorwf	parse_nmea_line@field& (0+255),w,b
  1716   0030A8  1197               	iorwf	(parse_nmea_line@field+1)& (0+255),w,b
  1717   0030AA  A4D8               	btfss	status,2,c
  1718   0030AC  EF5A  F018         	goto	u6331
  1719   0030B0  EF5C  F018         	goto	u6330
  1720   0030B4                     u6331:
  1721   0030B4  EF5E  F018         	goto	l4777
  1722   0030B8                     u6330:
  1723   0030B8  EF09  F018         	goto	l4759
  1724   0030BC                     l4777:
  1725                           
  1726                           ; BSR set to: 1
  1727   0030BC  0E04               	movlw	4
  1728   0030BE  1996               	xorwf	parse_nmea_line@field& (0+255),w,b
  1729   0030C0  1197               	iorwf	(parse_nmea_line@field+1)& (0+255),w,b
  1730   0030C2  A4D8               	btfss	status,2,c
  1731   0030C4  EF66  F018         	goto	u6341
  1732   0030C8  EF68  F018         	goto	u6340
  1733   0030CC                     u6341:
  1734   0030CC  EF74  F018         	goto	l4781
  1735   0030D0                     u6340:
  1736   0030D0                     
  1737                           ; BSR set to: 1
  1738                           ;GPS_I2C.c: 217:                     strcpy(lon_field, token);
  1739   0030D0  0E78               	movlw	low parse_nmea_line@lon_field
  1740   0030D2  6E01               	movwf	strcpy@dest^0,c
  1741   0030D4  0E01               	movlw	high parse_nmea_line@lon_field
  1742   0030D6  6E02               	movwf	(strcpy@dest+1)^0,c
  1743   0030D8  C198  F003         	movff	parse_nmea_line@token,strcpy@src
  1744   0030DC  C199  F004         	movff	parse_nmea_line@token+1,strcpy@src+1
  1745   0030E0  EC2D  F022         	call	_strcpy	;wreg free
  1746   0030E4  EF80  F018         	goto	l4785
  1747   0030E8                     l4781:
  1748                           
  1749                           ; BSR set to: 1
  1750   0030E8  0E05               	movlw	5
  1751   0030EA  1996               	xorwf	parse_nmea_line@field& (0+255),w,b
  1752   0030EC  1197               	iorwf	(parse_nmea_line@field+1)& (0+255),w,b
  1753   0030EE  A4D8               	btfss	status,2,c
  1754   0030F0  EF7C  F018         	goto	u6351
  1755   0030F4  EF7E  F018         	goto	u6350
  1756   0030F8                     u6351:
  1757   0030F8  EF39  F018         	goto	l127
  1758   0030FC                     u6350:
  1759   0030FC  EF31  F018         	goto	l4767
  1760   003100                     l4785:
  1761                           
  1762                           ;GPS_I2C.c: 222:             token = strtok(((void*)0), ",");
  1763   003100  0E00               	movlw	0
  1764   003102  6E0B               	movwf	strtok@s^0,c
  1765   003104  0E00               	movlw	0
  1766   003106  6E0C               	movwf	(strtok@s+1)^0,c
  1767   003108  0E52               	movlw	low STR_4
  1768   00310A  6E0D               	movwf	strtok@sep^0,c
  1769   00310C  ECEB  F01D         	call	_strtok	;wreg free
  1770   003110  C00B  F198         	movff	?_strtok,parse_nmea_line@token
  1771   003114  C00C  F199         	movff	?_strtok+1,parse_nmea_line@token+1
  1772   003118                     l4787:
  1773                           
  1774                           ;GPS_I2C.c: 195:         while (token != ((void*)0))
  1775   003118  0101               	movlb	1	; () banked
  1776   00311A  5198               	movf	parse_nmea_line@token& (0+255),w,b
  1777   00311C  1199               	iorwf	(parse_nmea_line@token+1)& (0+255),w,b
  1778   00311E  A4D8               	btfss	status,2,c
  1779   003120  EF94  F018         	goto	u6361
  1780   003124  EF96  F018         	goto	u6360
  1781   003128                     u6361:
  1782   003128  EFD1  F017         	goto	l4749
  1783   00312C                     u6360:
  1784   00312C                     
  1785                           ; BSR set to: 1
  1786                           ;GPS_I2C.c: 225:         if (strlen(lat_field) && strlen(lon_field))
  1787   00312C  0E64               	movlw	low parse_nmea_line@lat_field
  1788   00312E  6E01               	movwf	strlen@s^0,c
  1789   003130  0E01               	movlw	high parse_nmea_line@lat_field
  1790   003132  6E02               	movwf	(strlen@s+1)^0,c
  1791   003134  EC5B  F023         	call	_strlen	;wreg free
  1792   003138  5001               	movf	?_strlen^0,w,c
  1793   00313A  1002               	iorwf	(?_strlen+1)^0,w,c
  1794   00313C  B4D8               	btfsc	status,2,c
  1795   00313E  EFA3  F018         	goto	u6371
  1796   003142  EFA5  F018         	goto	u6370
  1797   003146                     u6371:
  1798   003146  EFE6  F018         	goto	l143
  1799   00314A                     u6370:
  1800   00314A  0E78               	movlw	low parse_nmea_line@lon_field
  1801   00314C  6E01               	movwf	strlen@s^0,c
  1802   00314E  0E01               	movlw	high parse_nmea_line@lon_field
  1803   003150  6E02               	movwf	(strlen@s+1)^0,c
  1804   003152  EC5B  F023         	call	_strlen	;wreg free
  1805   003156  5001               	movf	?_strlen^0,w,c
  1806   003158  1002               	iorwf	(?_strlen+1)^0,w,c
  1807   00315A  B4D8               	btfsc	status,2,c
  1808   00315C  EFB2  F018         	goto	u6381
  1809   003160  EFB4  F018         	goto	u6380
  1810   003164                     u6381:
  1811   003164  EFE6  F018         	goto	l143
  1812   003168                     u6380:
  1813   003168                     
  1814                           ;GPS_I2C.c: 226:         {;GPS_I2C.c: 227:             double lat = nmea_latlon_to_decim
      +                          al(lat_field, lat_hemi);
  1815   003168  0E64               	movlw	low parse_nmea_line@lat_field
  1816   00316A  6E3F               	movwf	nmea_latlon_to_decimal@nmea^0,c
  1817   00316C  0E01               	movlw	high parse_nmea_line@lat_field
  1818   00316E  6E40               	movwf	(nmea_latlon_to_decimal@nmea+1)^0,c
  1819   003170  C194  F041         	movff	parse_nmea_line@lat_hemi,nmea_latlon_to_decimal@hemi
  1820   003174  ECB1  F01B         	call	_nmea_latlon_to_decimal	;wreg free
  1821   003178  C03F  F18C         	movff	?_nmea_latlon_to_decimal,parse_nmea_line@lat
  1822   00317C  C040  F18D         	movff	?_nmea_latlon_to_decimal+1,parse_nmea_line@lat+1
  1823   003180  C041  F18E         	movff	?_nmea_latlon_to_decimal+2,parse_nmea_line@lat+2
  1824   003184  C042  F18F         	movff	?_nmea_latlon_to_decimal+3,parse_nmea_line@lat+3
  1825                           
  1826                           ;GPS_I2C.c: 228:             double lon = nmea_latlon_to_decimal(lon_field, lon_hemi);
  1827   003188  0E78               	movlw	low parse_nmea_line@lon_field
  1828   00318A  6E3F               	movwf	nmea_latlon_to_decimal@nmea^0,c
  1829   00318C  0E01               	movlw	high parse_nmea_line@lon_field
  1830   00318E  6E40               	movwf	(nmea_latlon_to_decimal@nmea+1)^0,c
  1831   003190  C195  F041         	movff	parse_nmea_line@lon_hemi,nmea_latlon_to_decimal@hemi
  1832   003194  ECB1  F01B         	call	_nmea_latlon_to_decimal	;wreg free
  1833   003198  C03F  F190         	movff	?_nmea_latlon_to_decimal,parse_nmea_line@lon
  1834   00319C  C040  F191         	movff	?_nmea_latlon_to_decimal+1,parse_nmea_line@lon+1
  1835   0031A0  C041  F192         	movff	?_nmea_latlon_to_decimal+2,parse_nmea_line@lon+2
  1836   0031A4  C042  F193         	movff	?_nmea_latlon_to_decimal+3,parse_nmea_line@lon+3
  1837                           
  1838                           ;GPS_I2C.c: 229:             display_latlon(lat, lon);
  1839   0031A8  C18C  F095         	movff	parse_nmea_line@lat,display_latlon@lat
  1840   0031AC  C18D  F096         	movff	parse_nmea_line@lat+1,display_latlon@lat+1
  1841   0031B0  C18E  F097         	movff	parse_nmea_line@lat+2,display_latlon@lat+2
  1842   0031B4  C18F  F098         	movff	parse_nmea_line@lat+3,display_latlon@lat+3
  1843   0031B8  C190  F099         	movff	parse_nmea_line@lon,display_latlon@lon
  1844   0031BC  C191  F09A         	movff	parse_nmea_line@lon+1,display_latlon@lon+1
  1845   0031C0  C192  F09B         	movff	parse_nmea_line@lon+2,display_latlon@lon+2
  1846   0031C4  C193  F09C         	movff	parse_nmea_line@lon+3,display_latlon@lon+3
  1847   0031C8  EC83  F020         	call	_display_latlon	;wreg free
  1848   0031CC                     l143:
  1849   0031CC  0012               	return		;funcret
  1850   0031CE                     __end_of_parse_nmea_line:
  1851                           	callstack 0
  1852                           
  1853 ;; *************** function _strtok *****************
  1854 ;; Defined at:
  1855 ;;		line 3 in file "C:\Program Files\Microchip\xc8\v3.00\pic\sources\c99\common\strtok.c"
  1856 ;; Parameters:    Size  Location     Type
  1857 ;;  s               2   10[COMRAM] PTR unsigned char 
  1858 ;;		 -> NULL(0), parse_nmea_line@tmp(100), 
  1859 ;;  sep             1   12[COMRAM] PTR const unsigned char 
  1860 ;;		 -> STR_6(2), STR_4(2), 
  1861 ;; Auto vars:     Size  Location     Type
  1862 ;;		None
  1863 ;; Return value:  Size  Location     Type
  1864 ;;                  2   10[COMRAM] PTR unsigned char 
  1865 ;; Registers used:
  1866 ;;		wreg, fsr2l, fsr2h, status,2, status,0, tblptrl, tblptrh, tblptru, cstack
  1867 ;; Tracked objects:
  1868 ;;		On entry : 0/0
  1869 ;;		On exit  : 0/0
  1870 ;;		Unchanged: 0/0
  1871 ;; Data sizes:     COMRAM   BANK0   BANK1   BANK2   BANK3   BANK4   BANK5   BANK6   BANK7
  1872 ;;      Params:         3       0       0       0       0       0       0       0       0
  1873 ;;      Locals:         0       0       0       0       0       0       0       0       0
  1874 ;;      Temps:          0       0       0       0       0       0       0       0       0
  1875 ;;      Totals:         3       0       0       0       0       0       0       0       0
  1876 ;;Total ram usage:        3 bytes
  1877 ;; Hardware stack levels used: 1
  1878 ;; Hardware stack levels required when called: 2
  1879 ;; This function calls:
  1880 ;;		_strcspn
  1881 ;;		_strspn
  1882 ;; This function is called by:
  1883 ;;		_parse_nmea_line
  1884 ;; This function uses a non-reentrant model
  1885 ;;
  1886                           
  1887                           	psect	text2
  1888   003BD6                     __ptext2:
  1889                           	callstack 0
  1890   003BD6                     _strtok:
  1891                           	callstack 27
  1892   003BD6  500B               	movf	strtok@s^0,w,c
  1893   003BD8  100C               	iorwf	(strtok@s+1)^0,w,c
  1894   003BDA  A4D8               	btfss	status,2,c
  1895   003BDC  EFF2  F01D         	goto	u6141
  1896   003BE0  EFF4  F01D         	goto	u6140
  1897   003BE4                     u6141:
  1898   003BE4  EF07  F01E         	goto	l4641
  1899   003BE8                     u6140:
  1900   003BE8  C056  F00B         	movff	strtok@p,strtok@s
  1901   003BEC  C057  F00C         	movff	strtok@p+1,strtok@s+1
  1902   003BF0  500B               	movf	strtok@s^0,w,c
  1903   003BF2  100C               	iorwf	(strtok@s+1)^0,w,c
  1904   003BF4  A4D8               	btfss	status,2,c
  1905   003BF6  EFFF  F01D         	goto	u6151
  1906   003BFA  EF01  F01E         	goto	u6150
  1907   003BFE                     u6151:
  1908   003BFE  EF07  F01E         	goto	l4641
  1909   003C02                     u6150:
  1910   003C02  0E00               	movlw	0
  1911   003C04  6E0B               	movwf	?_strtok^0,c
  1912   003C06  0E00               	movlw	0
  1913   003C08  6E0C               	movwf	(?_strtok+1)^0,c
  1914   003C0A  EF54  F01E         	goto	l1239
  1915   003C0E                     l4641:
  1916   003C0E  C00B  F005         	movff	strtok@s,strspn@s
  1917   003C12  C00C  F006         	movff	strtok@s+1,strspn@s+1
  1918   003C16  C00D  F007         	movff	strtok@sep,strspn@c
  1919   003C1A  ECEB  F020         	call	_strspn	;wreg free
  1920   003C1E  5005               	movf	?_strspn^0,w,c
  1921   003C20  260B               	addwf	strtok@s^0,f,c
  1922   003C22  5006               	movf	(?_strspn+1)^0,w,c
  1923   003C24  220C               	addwfc	(strtok@s+1)^0,f,c
  1924   003C26  C00B  FFD9         	movff	strtok@s,fsr2l
  1925   003C2A  C00C  FFDA         	movff	strtok@s+1,fsr2h
  1926   003C2E  50DF               	movf	indf2,w,c
  1927   003C30  A4D8               	btfss	status,2,c
  1928   003C32  EF1D  F01E         	goto	u6161
  1929   003C36  EF1F  F01E         	goto	u6160
  1930   003C3A                     u6161:
  1931   003C3A  EF29  F01E         	goto	l4649
  1932   003C3E                     u6160:
  1933   003C3E  0E00               	movlw	0
  1934   003C40  6E56               	movwf	strtok@p^0,c
  1935   003C42  0E00               	movlw	0
  1936   003C44  6E57               	movwf	(strtok@p+1)^0,c
  1937   003C46  C056  F00B         	movff	strtok@p,?_strtok
  1938   003C4A  C057  F00C         	movff	strtok@p+1,?_strtok+1
  1939   003C4E  EF54  F01E         	goto	l1239
  1940   003C52                     l4649:
  1941   003C52  C00B  F005         	movff	strtok@s,strcspn@s
  1942   003C56  C00C  F006         	movff	strtok@s+1,strcspn@s+1
  1943   003C5A  C00D  F007         	movff	strtok@sep,strcspn@c
  1944   003C5E  EC1B  F021         	call	_strcspn	;wreg free
  1945   003C62  5005               	movf	?_strcspn^0,w,c
  1946   003C64  240B               	addwf	strtok@s^0,w,c
  1947   003C66  6E56               	movwf	strtok@p^0,c
  1948   003C68  5006               	movf	(?_strcspn+1)^0,w,c
  1949   003C6A  200C               	addwfc	(strtok@s+1)^0,w,c
  1950   003C6C  6E57               	movwf	(strtok@p+1)^0,c
  1951   003C6E  C056  FFD9         	movff	strtok@p,fsr2l
  1952   003C72  C057  FFDA         	movff	strtok@p+1,fsr2h
  1953   003C76  50DF               	movf	indf2,w,c
  1954   003C78  B4D8               	btfsc	status,2,c
  1955   003C7A  EF41  F01E         	goto	u6171
  1956   003C7E  EF43  F01E         	goto	u6170
  1957   003C82                     u6171:
  1958   003C82  EF4C  F01E         	goto	l4657
  1959   003C86                     u6170:
  1960   003C86  C056  FFD9         	movff	strtok@p,fsr2l
  1961   003C8A  C057  FFDA         	movff	strtok@p+1,fsr2h
  1962   003C8E  6ADF               	clrf	indf2,c
  1963   003C90  4A56               	infsnz	strtok@p^0,f,c
  1964   003C92  2A57               	incf	(strtok@p+1)^0,f,c
  1965   003C94  EF50  F01E         	goto	l1242
  1966   003C98                     l4657:
  1967   003C98  0E00               	movlw	0
  1968   003C9A  6E56               	movwf	strtok@p^0,c
  1969   003C9C  0E00               	movlw	0
  1970   003C9E  6E57               	movwf	(strtok@p+1)^0,c
  1971   003CA0                     l1242:
  1972   003CA0  C00B  F00B         	movff	strtok@s,?_strtok
  1973   003CA4  C00C  F00C         	movff	strtok@s+1,?_strtok+1
  1974   003CA8                     l1239:
  1975   003CA8  0012               	return		;funcret
  1976   003CAA                     __end_of_strtok:
  1977                           	callstack 0
  1978                           
  1979 ;; *************** function _strspn *****************
  1980 ;; Defined at:
  1981 ;;		line 3 in file "C:\Program Files\Microchip\xc8\v3.00\pic\sources\c99\common\strspn.c"
  1982 ;; Parameters:    Size  Location     Type
  1983 ;;  s               2    4[COMRAM] PTR const unsigned char 
  1984 ;;		 -> NULL(0), parse_nmea_line@tmp(100), 
  1985 ;;  c               1    6[COMRAM] PTR const unsigned char 
  1986 ;;		 -> STR_6(2), STR_4(2), 
  1987 ;; Auto vars:     Size  Location     Type
  1988 ;;  i               2    8[COMRAM] unsigned int 
  1989 ;; Return value:  Size  Location     Type
  1990 ;;                  2    4[COMRAM] unsigned int 
  1991 ;; Registers used:
  1992 ;;		wreg, fsr2l, fsr2h, status,2, status,0, tblptrl, tblptrh, tblptru, cstack
  1993 ;; Tracked objects:
  1994 ;;		On entry : 0/0
  1995 ;;		On exit  : 0/0
  1996 ;;		Unchanged: 0/0
  1997 ;; Data sizes:     COMRAM   BANK0   BANK1   BANK2   BANK3   BANK4   BANK5   BANK6   BANK7
  1998 ;;      Params:         3       0       0       0       0       0       0       0       0
  1999 ;;      Locals:         2       0       0       0       0       0       0       0       0
  2000 ;;      Temps:          1       0       0       0       0       0       0       0       0
  2001 ;;      Totals:         6       0       0       0       0       0       0       0       0
  2002 ;;Total ram usage:        6 bytes
  2003 ;; Hardware stack levels used: 1
  2004 ;; Hardware stack levels required when called: 1
  2005 ;; This function calls:
  2006 ;;		_strchr
  2007 ;; This function is called by:
  2008 ;;		_strtok
  2009 ;; This function uses a non-reentrant model
  2010 ;;
  2011                           
  2012                           	psect	text3
  2013   0041D6                     __ptext3:
  2014                           	callstack 0
  2015   0041D6                     _strspn:
  2016                           	callstack 27
  2017   0041D6  0E00               	movlw	0
  2018   0041D8  6E0A               	movwf	(strspn@i+1)^0,c
  2019   0041DA  0E00               	movlw	0
  2020   0041DC  6E09               	movwf	strspn@i^0,c
  2021   0041DE  EFF5  F020         	goto	l4601
  2022   0041E2                     l4599:
  2023   0041E2  4A05               	infsnz	strspn@s^0,f,c
  2024   0041E4  2A06               	incf	(strspn@s+1)^0,f,c
  2025   0041E6  4A09               	infsnz	strspn@i^0,f,c
  2026   0041E8  2A0A               	incf	(strspn@i+1)^0,f,c
  2027   0041EA                     l4601:
  2028   0041EA  C005  FFD9         	movff	strspn@s,fsr2l
  2029   0041EE  C006  FFDA         	movff	strspn@s+1,fsr2h
  2030   0041F2  50DF               	movf	indf2,w,c
  2031   0041F4  B4D8               	btfsc	status,2,c
  2032   0041F6  EFFF  F020         	goto	u6051
  2033   0041FA  EF01  F021         	goto	u6050
  2034   0041FE                     u6051:
  2035   0041FE  EF16  F021         	goto	l1267
  2036   004202                     u6050:
  2037   004202  C007  F001         	movff	strspn@c,strchr@s
  2038   004206  C005  FFD9         	movff	strspn@s,fsr2l
  2039   00420A  C006  FFDA         	movff	strspn@s+1,fsr2h
  2040   00420E  50DF               	movf	indf2,w,c
  2041   004210  6E08               	movwf	??_strspn^0,c
  2042   004212  5008               	movf	??_strspn^0,w,c
  2043   004214  6E02               	movwf	strchr@c^0,c
  2044   004216  6A03               	clrf	(strchr@c+1)^0,c
  2045   004218  EC7F  F022         	call	_strchr	;wreg free
  2046   00421C  0900               	iorlw	0
  2047   00421E  A4D8               	btfss	status,2,c
  2048   004220  EF14  F021         	goto	u6061
  2049   004224  EF16  F021         	goto	u6060
  2050   004228                     u6061:
  2051   004228  EFF1  F020         	goto	l4599
  2052   00422C                     u6060:
  2053   00422C                     l1267:
  2054   00422C  C009  F005         	movff	strspn@i,?_strspn
  2055   004230  C00A  F006         	movff	strspn@i+1,?_strspn+1
  2056   004234  0012               	return		;funcret
  2057   004236                     __end_of_strspn:
  2058                           	callstack 0
  2059                           
  2060 ;; *************** function _strcspn *****************
  2061 ;; Defined at:
  2062 ;;		line 3 in file "C:\Program Files\Microchip\xc8\v3.00\pic\sources\c99\common\strcspn.c"
  2063 ;; Parameters:    Size  Location     Type
  2064 ;;  s               2    4[COMRAM] PTR const unsigned char 
  2065 ;;		 -> NULL(0), parse_nmea_line@tmp(100), 
  2066 ;;  c               1    6[COMRAM] PTR const unsigned char 
  2067 ;;		 -> STR_6(2), STR_4(2), 
  2068 ;; Auto vars:     Size  Location     Type
  2069 ;;  i               2    8[COMRAM] unsigned int 
  2070 ;; Return value:  Size  Location     Type
  2071 ;;                  2    4[COMRAM] unsigned int 
  2072 ;; Registers used:
  2073 ;;		wreg, fsr2l, fsr2h, status,2, status,0, tblptrl, tblptrh, tblptru, cstack
  2074 ;; Tracked objects:
  2075 ;;		On entry : 0/0
  2076 ;;		On exit  : 0/0
  2077 ;;		Unchanged: 0/0
  2078 ;; Data sizes:     COMRAM   BANK0   BANK1   BANK2   BANK3   BANK4   BANK5   BANK6   BANK7
  2079 ;;      Params:         3       0       0       0       0       0       0       0       0
  2080 ;;      Locals:         2       0       0       0       0       0       0       0       0
  2081 ;;      Temps:          1       0       0       0       0       0       0       0       0
  2082 ;;      Totals:         6       0       0       0       0       0       0       0       0
  2083 ;;Total ram usage:        6 bytes
  2084 ;; Hardware stack levels used: 1
  2085 ;; Hardware stack levels required when called: 1
  2086 ;; This function calls:
  2087 ;;		_strchr
  2088 ;; This function is called by:
  2089 ;;		_strtok
  2090 ;; This function uses a non-reentrant model
  2091 ;;
  2092                           
  2093                           	psect	text4
  2094   004236                     __ptext4:
  2095                           	callstack 0
  2096   004236                     _strcspn:
  2097                           	callstack 27
  2098   004236  0E00               	movlw	0
  2099   004238  6E0A               	movwf	(strcspn@i+1)^0,c
  2100   00423A  0E00               	movlw	0
  2101   00423C  6E09               	movwf	strcspn@i^0,c
  2102   00423E  EF25  F021         	goto	l4609
  2103   004242                     l4607:
  2104   004242  4A05               	infsnz	strcspn@s^0,f,c
  2105   004244  2A06               	incf	(strcspn@s+1)^0,f,c
  2106   004246  4A09               	infsnz	strcspn@i^0,f,c
  2107   004248  2A0A               	incf	(strcspn@i+1)^0,f,c
  2108   00424A                     l4609:
  2109   00424A  C005  FFD9         	movff	strcspn@s,fsr2l
  2110   00424E  C006  FFDA         	movff	strcspn@s+1,fsr2h
  2111   004252  50DF               	movf	indf2,w,c
  2112   004254  B4D8               	btfsc	status,2,c
  2113   004256  EF2F  F021         	goto	u6071
  2114   00425A  EF31  F021         	goto	u6070
  2115   00425E                     u6071:
  2116   00425E  EF46  F021         	goto	l1251
  2117   004262                     u6070:
  2118   004262  C007  F001         	movff	strcspn@c,strchr@s
  2119   004266  C005  FFD9         	movff	strcspn@s,fsr2l
  2120   00426A  C006  FFDA         	movff	strcspn@s+1,fsr2h
  2121   00426E  50DF               	movf	indf2,w,c
  2122   004270  6E08               	movwf	??_strcspn^0,c
  2123   004272  5008               	movf	??_strcspn^0,w,c
  2124   004274  6E02               	movwf	strchr@c^0,c
  2125   004276  6A03               	clrf	(strchr@c+1)^0,c
  2126   004278  EC7F  F022         	call	_strchr	;wreg free
  2127   00427C  0900               	iorlw	0
  2128   00427E  B4D8               	btfsc	status,2,c
  2129   004280  EF44  F021         	goto	u6081
  2130   004284  EF46  F021         	goto	u6080
  2131   004288                     u6081:
  2132   004288  EF21  F021         	goto	l4607
  2133   00428C                     u6080:
  2134   00428C                     l1251:
  2135   00428C  C009  F005         	movff	strcspn@i,?_strcspn
  2136   004290  C00A  F006         	movff	strcspn@i+1,?_strcspn+1
  2137   004294  0012               	return		;funcret
  2138   004296                     __end_of_strcspn:
  2139                           	callstack 0
  2140                           
  2141 ;; *************** function _strchr *****************
  2142 ;; Defined at:
  2143 ;;		line 3 in file "C:\Program Files\Microchip\xc8\v3.00\pic\sources\c99\common\strchr.c"
  2144 ;; Parameters:    Size  Location     Type
  2145 ;;  s               1    0[COMRAM] PTR const unsigned char 
  2146 ;;		 -> STR_6(2), STR_4(2), 
  2147 ;;  c               2    1[COMRAM] int 
  2148 ;; Auto vars:     Size  Location     Type
  2149 ;;		None
  2150 ;; Return value:  Size  Location     Type
  2151 ;;                  1    0[COMRAM] PTR unsigned char 
  2152 ;; Registers used:
  2153 ;;		wreg, status,2, status,0, tblptrl, tblptrh, tblptru
  2154 ;; Tracked objects:
  2155 ;;		On entry : 0/0
  2156 ;;		On exit  : 0/0
  2157 ;;		Unchanged: 0/0
  2158 ;; Data sizes:     COMRAM   BANK0   BANK1   BANK2   BANK3   BANK4   BANK5   BANK6   BANK7
  2159 ;;      Params:         3       0       0       0       0       0       0       0       0
  2160 ;;      Locals:         0       0       0       0       0       0       0       0       0
  2161 ;;      Temps:          1       0       0       0       0       0       0       0       0
  2162 ;;      Totals:         4       0       0       0       0       0       0       0       0
  2163 ;;Total ram usage:        4 bytes
  2164 ;; Hardware stack levels used: 1
  2165 ;; This function calls:
  2166 ;;		Nothing
  2167 ;; This function is called by:
  2168 ;;		_strcspn
  2169 ;;		_strspn
  2170 ;; This function uses a non-reentrant model
  2171 ;;
  2172                           
  2173                           	psect	text5
  2174   0044FE                     __ptext5:
  2175                           	callstack 0
  2176   0044FE                     _strchr:
  2177                           	callstack 27
  2178   0044FE                     l1255:
  2179   0044FE  C001  FFF6         	movff	strchr@s,tblptrl
  2180   004502                     	if	1	;There is more than 1 active tblptr byte
  2181   004502  0E08               	movlw	high __smallconst
  2182   004504  6EF7               	movwf	tblptrh,c
  2183   004506                     	endif
  2184   004506                     	if	0	;tblptru may be non-zero
  2185   004506                     	endif
  2186   004506                     	if	0	;tblptru may be non-zero
  2187   004506                     	endif
  2188   004506  0008               	tblrd		*
  2189   004508  50F5               	movf	tablat,w,c
  2190   00450A  1802               	xorwf	strchr@c^0,w,c
  2191   00450C  A4D8               	btfss	status,2,c
  2192   00450E  EF8B  F022         	goto	u5021
  2193   004512  EF8D  F022         	goto	u5020
  2194   004516                     u5021:
  2195   004516  EF90  F022         	goto	l4139
  2196   00451A                     u5020:
  2197   00451A  5001               	movf	strchr@s^0,w,c
  2198   00451C  EFA2  F022         	goto	l1257
  2199   004520                     l4139:
  2200   004520  2A01               	incf	strchr@s^0,f,c
  2201   004522  0401               	decf	strchr@s^0,w,c
  2202   004524  6E04               	movwf	??_strchr^0,c
  2203   004526  C004  FFF6         	movff	??_strchr,tblptrl
  2204   00452A                     	if	1	;There is more than 1 active tblptr byte
  2205   00452A  0E08               	movlw	high __smallconst
  2206   00452C  6EF7               	movwf	tblptrh,c
  2207   00452E                     	endif
  2208   00452E                     	if	0	;tblptru may be non-zero
  2209   00452E                     	endif
  2210   00452E                     	if	0	;tblptru may be non-zero
  2211   00452E                     	endif
  2212   00452E  0008               	tblrd		*
  2213   004530  50F5               	movf	tablat,w,c
  2214   004532  0900               	iorlw	0
  2215   004534  A4D8               	btfss	status,2,c
  2216   004536  EF9F  F022         	goto	u5031
  2217   00453A  EFA1  F022         	goto	u5030
  2218   00453E                     u5031:
  2219   00453E  EF7F  F022         	goto	l1255
  2220   004542                     u5030:
  2221   004542  0E00               	movlw	0
  2222   004544                     l1257:
  2223   004544  0012               	return		;funcret
  2224   004546                     __end_of_strchr:
  2225                           	callstack 0
  2226                           
  2227 ;; *************** function _strncmp *****************
  2228 ;; Defined at:
  2229 ;;		line 3 in file "C:\Program Files\Microchip\xc8\v3.00\pic\sources\c99\common\strncmp.c"
  2230 ;; Parameters:    Size  Location     Type
  2231 ;;  l               2    0[COMRAM] PTR const unsigned char 
  2232 ;;		 -> nmea_buffer(100), 
  2233 ;;  r               1    2[COMRAM] PTR const unsigned char 
  2234 ;;		 -> STR_5(7), STR_3(7), STR_2(7), 
  2235 ;;  n               2    3[COMRAM] unsigned int 
  2236 ;; Auto vars:     Size  Location     Type
  2237 ;;		None
  2238 ;; Return value:  Size  Location     Type
  2239 ;;                  2    0[COMRAM] int 
  2240 ;; Registers used:
  2241 ;;		wreg, fsr2l, fsr2h, status,2, status,0, tblptrl, tblptrh, tblptru
  2242 ;; Tracked objects:
  2243 ;;		On entry : 0/0
  2244 ;;		On exit  : 0/0
  2245 ;;		Unchanged: 0/0
  2246 ;; Data sizes:     COMRAM   BANK0   BANK1   BANK2   BANK3   BANK4   BANK5   BANK6   BANK7
  2247 ;;      Params:         5       0       0       0       0       0       0       0       0
  2248 ;;      Locals:         0       0       0       0       0       0       0       0       0
  2249 ;;      Temps:          1       0       0       0       0       0       0       0       0
  2250 ;;      Totals:         6       0       0       0       0       0       0       0       0
  2251 ;;Total ram usage:        6 bytes
  2252 ;; Hardware stack levels used: 1
  2253 ;; This function calls:
  2254 ;;		Nothing
  2255 ;; This function is called by:
  2256 ;;		_parse_nmea_line
  2257 ;; This function uses a non-reentrant model
  2258 ;;
  2259                           
  2260                           	psect	text6
  2261   003CAA                     __ptext6:
  2262                           	callstack 0
  2263   003CAA                     _strncmp:
  2264                           	callstack 29
  2265   003CAA  0604               	decf	strncmp@n^0,f,c
  2266   003CAC  A0D8               	btfss	status,0,c
  2267   003CAE  0605               	decf	(strncmp@n+1)^0,f,c
  2268   003CB0  2804               	incf	strncmp@n^0,w,c
  2269   003CB2  E106               	bnz	u6091
  2270   003CB4  2805               	incf	(strncmp@n+1)^0,w,c
  2271   003CB6  A4D8               	btfss	status,2,c
  2272   003CB8  EF60  F01E         	goto	u6091
  2273   003CBC  EF62  F01E         	goto	u6090
  2274   003CC0                     u6091:
  2275   003CC0  EF6E  F01E         	goto	l4621
  2276   003CC4                     u6090:
  2277   003CC4  0E00               	movlw	0
  2278   003CC6  6E02               	movwf	(?_strncmp+1)^0,c
  2279   003CC8  0E00               	movlw	0
  2280   003CCA  6E01               	movwf	?_strncmp^0,c
  2281   003CCC  EFB6  F01E         	goto	l1033
  2282   003CD0                     l4619:
  2283   003CD0  4A01               	infsnz	strncmp@l^0,f,c
  2284   003CD2  2A02               	incf	(strncmp@l+1)^0,f,c
  2285   003CD4  2A03               	incf	strncmp@r^0,f,c
  2286   003CD6  0604               	decf	strncmp@n^0,f,c
  2287   003CD8  A0D8               	btfss	status,0,c
  2288   003CDA  0605               	decf	(strncmp@n+1)^0,f,c
  2289   003CDC                     l4621:
  2290   003CDC  C001  FFD9         	movff	strncmp@l,fsr2l
  2291   003CE0  C002  FFDA         	movff	strncmp@l+1,fsr2h
  2292   003CE4  50DF               	movf	indf2,w,c
  2293   003CE6  B4D8               	btfsc	status,2,c
  2294   003CE8  EF78  F01E         	goto	u6101
  2295   003CEC  EF7A  F01E         	goto	u6100
  2296   003CF0                     u6101:
  2297   003CF0  EFA5  F01E         	goto	l4629
  2298   003CF4                     u6100:
  2299   003CF4  C003  FFF6         	movff	strncmp@r,tblptrl
  2300   003CF8                     	if	1	;There is more than 1 active tblptr byte
  2301   003CF8  0E08               	movlw	high __smallconst
  2302   003CFA  6EF7               	movwf	tblptrh,c
  2303   003CFC                     	endif
  2304   003CFC                     	if	0	;tblptru may be non-zero
  2305   003CFC                     	endif
  2306   003CFC                     	if	0	;tblptru may be non-zero
  2307   003CFC                     	endif
  2308   003CFC  0008               	tblrd		*
  2309   003CFE  50F5               	movf	tablat,w,c
  2310   003D00  0900               	iorlw	0
  2311   003D02  B4D8               	btfsc	status,2,c
  2312   003D04  EF86  F01E         	goto	u6111
  2313   003D08  EF88  F01E         	goto	u6110
  2314   003D0C                     u6111:
  2315   003D0C  EFA5  F01E         	goto	l4629
  2316   003D10                     u6110:
  2317   003D10  5004               	movf	strncmp@n^0,w,c
  2318   003D12  1005               	iorwf	(strncmp@n+1)^0,w,c
  2319   003D14  B4D8               	btfsc	status,2,c
  2320   003D16  EF8F  F01E         	goto	u6121
  2321   003D1A  EF91  F01E         	goto	u6120
  2322   003D1E                     u6121:
  2323   003D1E  EFA5  F01E         	goto	l4629
  2324   003D22                     u6120:
  2325   003D22  C001  FFD9         	movff	strncmp@l,fsr2l
  2326   003D26  C002  FFDA         	movff	strncmp@l+1,fsr2h
  2327   003D2A  50DF               	movf	indf2,w,c
  2328   003D2C  6E06               	movwf	??_strncmp^0,c
  2329   003D2E  C003  FFF6         	movff	strncmp@r,tblptrl
  2330   003D32                     	if	1	;There is more than 1 active tblptr byte
  2331   003D32  0E08               	movlw	high __smallconst
  2332   003D34  6EF7               	movwf	tblptrh,c
  2333   003D36                     	endif
  2334   003D36                     	if	0	;tblptru may be non-zero
  2335   003D36                     	endif
  2336   003D36                     	if	0	;tblptru may be non-zero
  2337   003D36                     	endif
  2338   003D36  0008               	tblrd		*
  2339   003D38  50F5               	movf	tablat,w,c
  2340   003D3A  1806               	xorwf	??_strncmp^0,w,c
  2341   003D3C  B4D8               	btfsc	status,2,c
  2342   003D3E  EFA3  F01E         	goto	u6131
  2343   003D42  EFA5  F01E         	goto	u6130
  2344   003D46                     u6131:
  2345   003D46  EF68  F01E         	goto	l4619
  2346   003D4A                     u6130:
  2347   003D4A                     l4629:
  2348   003D4A  C001  FFD9         	movff	strncmp@l,fsr2l
  2349   003D4E  C002  FFDA         	movff	strncmp@l+1,fsr2h
  2350   003D52  50DF               	movf	indf2,w,c
  2351   003D54  6E06               	movwf	??_strncmp^0,c
  2352   003D56  C003  FFF6         	movff	strncmp@r,tblptrl
  2353   003D5A                     	if	1	;There is more than 1 active tblptr byte
  2354   003D5A  0E08               	movlw	high __smallconst
  2355   003D5C  6EF7               	movwf	tblptrh,c
  2356   003D5E                     	endif
  2357   003D5E                     	if	0	;tblptru may be non-zero
  2358   003D5E                     	endif
  2359   003D5E                     	if	0	;tblptru may be non-zero
  2360   003D5E                     	endif
  2361   003D5E  0008               	tblrd		*
  2362   003D60  50F5               	movf	tablat,w,c
  2363   003D62  5C06               	subwf	??_strncmp^0,w,c
  2364   003D64  6E01               	movwf	?_strncmp^0,c
  2365   003D66  6A02               	clrf	(?_strncmp+1)^0,c
  2366   003D68  A0D8               	btfss	status,0,c
  2367   003D6A  0602               	decf	(?_strncmp+1)^0,f,c
  2368   003D6C                     l1033:
  2369   003D6C  0012               	return		;funcret
  2370   003D6E                     __end_of_strncmp:
  2371                           	callstack 0
  2372                           
  2373 ;; *************** function _nmea_latlon_to_decimal *****************
  2374 ;; Defined at:
  2375 ;;		line 234 in file "GPS_I2C.c"
  2376 ;; Parameters:    Size  Location     Type
  2377 ;;  nmea            2   62[COMRAM] PTR const unsigned char 
  2378 ;;		 -> parse_nmea_line@lon_field(20), parse_nmea_line@lat_field(20), 
  2379 ;;  hemi            1   64[COMRAM] unsigned char 
  2380 ;; Auto vars:     Size  Location     Type
  2381 ;;  deg_str         4   80[COMRAM] unsigned char [4]
  2382 ;;  decimal         4   74[COMRAM] unsigned char [4]
  2383 ;;  min             4   70[COMRAM] unsigned char [4]
  2384 ;;  deg             4   66[COMRAM] unsigned char [4]
  2385 ;;  deg_digits      2   78[COMRAM] int 
  2386 ;; Return value:  Size  Location     Type
  2387 ;;                  4   62[COMRAM] int 
  2388 ;; Registers used:
  2389 ;;		wreg, fsr1l, fsr1h, fsr2l, fsr2h, status,2, status,0, tblptrl, tblptrh, tblptru, prodl, prodh, cstack
  2390 ;; Tracked objects:
  2391 ;;		On entry : 0/0
  2392 ;;		On exit  : 0/0
  2393 ;;		Unchanged: 0/0
  2394 ;; Data sizes:     COMRAM   BANK0   BANK1   BANK2   BANK3   BANK4   BANK5   BANK6   BANK7
  2395 ;;      Params:         4       0       0       0       0       0       0       0       0
  2396 ;;      Locals:        18       0       0       0       0       0       0       0       0
  2397 ;;      Temps:          0       0       0       0       0       0       0       0       0
  2398 ;;      Totals:        22       0       0       0       0       0       0       0       0
  2399 ;;Total ram usage:       22 bytes
  2400 ;; Hardware stack levels used: 1
  2401 ;; Hardware stack levels required when called: 2
  2402 ;; This function calls:
  2403 ;;		___fladd
  2404 ;;		___fldiv
  2405 ;;		___flmul
  2406 ;;		_strlen
  2407 ;;		_strncpy
  2408 ;;		_strtof
  2409 ;; This function is called by:
  2410 ;;		_parse_nmea_line
  2411 ;; This function uses a non-reentrant model
  2412 ;;
  2413                           
  2414                           	psect	text7
  2415   003762                     __ptext7:
  2416                           	callstack 0
  2417   003762                     _nmea_latlon_to_decimal:
  2418                           	callstack 27
  2419   003762                     
  2420                           ;GPS_I2C.c: 234: double nmea_latlon_to_decimal(const char *nmea, char hemi);GPS_I2C.c: 2
      +                          35: {;GPS_I2C.c: 236:     int deg_digits = (strlen(nmea) > 5) ? 2 : 3;
  2421   003762  C03F  F001         	movff	nmea_latlon_to_decimal@nmea,strlen@s
  2422   003766  C040  F002         	movff	nmea_latlon_to_decimal@nmea+1,strlen@s+1
  2423   00376A  EC5B  F023         	call	_strlen	;wreg free
  2424   00376E  5002               	movf	(?_strlen+1)^0,w,c
  2425   003770  E107               	bnz	u6181
  2426   003772  0E06               	movlw	6
  2427   003774  5C01               	subwf	?_strlen^0,w,c
  2428   003776  B0D8               	btfsc	status,0,c
  2429   003778  EFC0  F01B         	goto	u6181
  2430   00377C  EFC2  F01B         	goto	u6180
  2431   003780                     u6181:
  2432   003780  EFC8  F01B         	goto	l4665
  2433   003784                     u6180:
  2434   003784  0E00               	movlw	0
  2435   003786  6E50               	movwf	(nmea_latlon_to_decimal@deg_digits+1)^0,c
  2436   003788  0E03               	movlw	3
  2437   00378A  6E4F               	movwf	nmea_latlon_to_decimal@deg_digits^0,c
  2438   00378C  EFCC  F01B         	goto	l149
  2439   003790                     l4665:
  2440   003790  0E00               	movlw	0
  2441   003792  6E50               	movwf	(nmea_latlon_to_decimal@deg_digits+1)^0,c
  2442   003794  0E02               	movlw	2
  2443   003796  6E4F               	movwf	nmea_latlon_to_decimal@deg_digits^0,c
  2444   003798                     l149:
  2445                           
  2446                           ;GPS_I2C.c: 237:     char deg_str[4] = {0};
  2447   003798  0E00               	movlw	0
  2448   00379A  6E51               	movwf	nmea_latlon_to_decimal@deg_str^0,c
  2449   00379C  0E00               	movlw	0
  2450   00379E  6E52               	movwf	(nmea_latlon_to_decimal@deg_str+1)^0,c
  2451   0037A0  0E00               	movlw	0
  2452   0037A2  6E53               	movwf	(nmea_latlon_to_decimal@deg_str+2)^0,c
  2453   0037A4  0E00               	movlw	0
  2454   0037A6  6E54               	movwf	(nmea_latlon_to_decimal@deg_str+3)^0,c
  2455   0037A8                     
  2456                           ;GPS_I2C.c: 238:     strncpy(deg_str, nmea, (size_t)deg_digits);
  2457   0037A8  0E51               	movlw	low nmea_latlon_to_decimal@deg_str
  2458   0037AA  6E01               	movwf	strncpy@d^0,c
  2459   0037AC  6A02               	clrf	(strncpy@d+1)^0,c
  2460   0037AE  C03F  F003         	movff	nmea_latlon_to_decimal@nmea,strncpy@s
  2461   0037B2  C040  F004         	movff	nmea_latlon_to_decimal@nmea+1,strncpy@s+1
  2462   0037B6  C04F  F005         	movff	nmea_latlon_to_decimal@deg_digits,strncpy@n
  2463   0037BA  C050  F006         	movff	nmea_latlon_to_decimal@deg_digits+1,strncpy@n+1
  2464   0037BE  EC0D  F020         	call	_strncpy	;wreg free
  2465   0037C2                     
  2466                           ;GPS_I2C.c: 240:     double deg = strtof(deg_str,0);
  2467   0037C2  0E51               	movlw	low nmea_latlon_to_decimal@deg_str
  2468   0037C4  6E26               	movwf	strtof@s^0,c
  2469   0037C6  6A27               	clrf	(strtof@s+1)^0,c
  2470   0037C8  0E00               	movlw	0
  2471   0037CA  6E28               	movwf	strtof@res^0,c
  2472   0037CC  0E00               	movlw	0
  2473   0037CE  6E29               	movwf	(strtof@res+1)^0,c
  2474   0037D0  EC2B  F004         	call	_strtof	;wreg free
  2475   0037D4  C026  F043         	movff	?_strtof,nmea_latlon_to_decimal@deg
  2476   0037D8  C027  F044         	movff	?_strtof+1,nmea_latlon_to_decimal@deg+1
  2477   0037DC  C028  F045         	movff	?_strtof+2,nmea_latlon_to_decimal@deg+2
  2478   0037E0  C029  F046         	movff	?_strtof+3,nmea_latlon_to_decimal@deg+3
  2479   0037E4                     
  2480                           ;GPS_I2C.c: 241:     double min = strtof(nmea + deg_digits,0);
  2481   0037E4  504F               	movf	nmea_latlon_to_decimal@deg_digits^0,w,c
  2482   0037E6  243F               	addwf	nmea_latlon_to_decimal@nmea^0,w,c
  2483   0037E8  6E26               	movwf	strtof@s^0,c
  2484   0037EA  5050               	movf	(nmea_latlon_to_decimal@deg_digits+1)^0,w,c
  2485   0037EC  2040               	addwfc	(nmea_latlon_to_decimal@nmea+1)^0,w,c
  2486   0037EE  6E27               	movwf	(strtof@s+1)^0,c
  2487   0037F0  0E00               	movlw	0
  2488   0037F2  6E28               	movwf	strtof@res^0,c
  2489   0037F4  0E00               	movlw	0
  2490   0037F6  6E29               	movwf	(strtof@res+1)^0,c
  2491   0037F8  EC2B  F004         	call	_strtof	;wreg free
  2492   0037FC  C026  F047         	movff	?_strtof,nmea_latlon_to_decimal@min
  2493   003800  C027  F048         	movff	?_strtof+1,nmea_latlon_to_decimal@min+1
  2494   003804  C028  F049         	movff	?_strtof+2,nmea_latlon_to_decimal@min+2
  2495   003808  C029  F04A         	movff	?_strtof+3,nmea_latlon_to_decimal@min+3
  2496   00380C                     
  2497                           ;GPS_I2C.c: 242:     double decimal = deg + (min / 60.0);
  2498   00380C  0E00               	movlw	0
  2499   00380E  6E05               	movwf	___fldiv@a^0,c
  2500   003810  0E00               	movlw	0
  2501   003812  6E06               	movwf	(___fldiv@a+1)^0,c
  2502   003814  0E70               	movlw	112
  2503   003816  6E07               	movwf	(___fldiv@a+2)^0,c
  2504   003818  0E42               	movlw	66
  2505   00381A  6E08               	movwf	(___fldiv@a+3)^0,c
  2506   00381C  C047  F001         	movff	nmea_latlon_to_decimal@min,___fldiv@b
  2507   003820  C048  F002         	movff	nmea_latlon_to_decimal@min+1,___fldiv@b+1
  2508   003824  C049  F003         	movff	nmea_latlon_to_decimal@min+2,___fldiv@b+2
  2509   003828  C04A  F004         	movff	nmea_latlon_to_decimal@min+3,___fldiv@b+3
  2510   00382C  ECAD  F015         	call	___fldiv	;wreg free
  2511   003830  C001  F01A         	movff	?___fldiv,___fladd@b
  2512   003834  C002  F01B         	movff	?___fldiv+1,___fladd@b+1
  2513   003838  C003  F01C         	movff	?___fldiv+2,___fladd@b+2
  2514   00383C  C004  F01D         	movff	?___fldiv+3,___fladd@b+3
  2515   003840  C043  F01E         	movff	nmea_latlon_to_decimal@deg,___fladd@a
  2516   003844  C044  F01F         	movff	nmea_latlon_to_decimal@deg+1,___fladd@a+1
  2517   003848  C045  F020         	movff	nmea_latlon_to_decimal@deg+2,___fladd@a+2
  2518   00384C  C046  F021         	movff	nmea_latlon_to_decimal@deg+3,___fladd@a+3
  2519   003850  EC3F  F011         	call	___fladd	;wreg free
  2520   003854  C01A  F04B         	movff	?___fladd,nmea_latlon_to_decimal@decimal
  2521   003858  C01B  F04C         	movff	?___fladd+1,nmea_latlon_to_decimal@decimal+1
  2522   00385C  C01C  F04D         	movff	?___fladd+2,nmea_latlon_to_decimal@decimal+2
  2523   003860  C01D  F04E         	movff	?___fladd+3,nmea_latlon_to_decimal@decimal+3
  2524   003864                     
  2525                           ;GPS_I2C.c: 244:     if (hemi == 'S' || hemi == 'W')
  2526   003864  0E53               	movlw	83
  2527   003866  1841               	xorwf	nmea_latlon_to_decimal@hemi^0,w,c
  2528   003868  B4D8               	btfsc	status,2,c
  2529   00386A  EF39  F01C         	goto	u6191
  2530   00386E  EF3B  F01C         	goto	u6190
  2531   003872                     u6191:
  2532   003872  EF44  F01C         	goto	l4679
  2533   003876                     u6190:
  2534   003876  0E57               	movlw	87
  2535   003878  1841               	xorwf	nmea_latlon_to_decimal@hemi^0,w,c
  2536   00387A  A4D8               	btfss	status,2,c
  2537   00387C  EF42  F01C         	goto	u6201
  2538   003880  EF44  F01C         	goto	u6200
  2539   003884                     u6201:
  2540   003884  EF5E  F01C         	goto	l4681
  2541   003888                     u6200:
  2542   003888                     l4679:
  2543                           
  2544                           ;GPS_I2C.c: 245:         decimal *= -1;
  2545   003888  C04B  F001         	movff	nmea_latlon_to_decimal@decimal,___flmul@b
  2546   00388C  C04C  F002         	movff	nmea_latlon_to_decimal@decimal+1,___flmul@b+1
  2547   003890  C04D  F003         	movff	nmea_latlon_to_decimal@decimal+2,___flmul@b+2
  2548   003894  C04E  F004         	movff	nmea_latlon_to_decimal@decimal+3,___flmul@b+3
  2549   003898  0E00               	movlw	0
  2550   00389A  6E05               	movwf	___flmul@a^0,c
  2551   00389C  0E00               	movlw	0
  2552   00389E  6E06               	movwf	(___flmul@a+1)^0,c
  2553   0038A0  0E80               	movlw	128
  2554   0038A2  6E07               	movwf	(___flmul@a+2)^0,c
  2555   0038A4  0EBF               	movlw	191
  2556   0038A6  6E08               	movwf	(___flmul@a+3)^0,c
  2557   0038A8  EC9A  F013         	call	___flmul	;wreg free
  2558   0038AC  C001  F04B         	movff	?___flmul,nmea_latlon_to_decimal@decimal
  2559   0038B0  C002  F04C         	movff	?___flmul+1,nmea_latlon_to_decimal@decimal+1
  2560   0038B4  C003  F04D         	movff	?___flmul+2,nmea_latlon_to_decimal@decimal+2
  2561   0038B8  C004  F04E         	movff	?___flmul+3,nmea_latlon_to_decimal@decimal+3
  2562   0038BC                     l4681:
  2563                           
  2564                           ;GPS_I2C.c: 247:     return decimal;
  2565   0038BC  C04B  F03F         	movff	nmea_latlon_to_decimal@decimal,?_nmea_latlon_to_decimal
  2566   0038C0  C04C  F040         	movff	nmea_latlon_to_decimal@decimal+1,?_nmea_latlon_to_decimal+1
  2567   0038C4  C04D  F041         	movff	nmea_latlon_to_decimal@decimal+2,?_nmea_latlon_to_decimal+2
  2568   0038C8  C04E  F042         	movff	nmea_latlon_to_decimal@decimal+3,?_nmea_latlon_to_decimal+3
  2569   0038CC  0012               	return		;funcret
  2570   0038CE                     __end_of_nmea_latlon_to_decimal:
  2571                           	callstack 0
  2572                           
  2573 ;; *************** function _strtof *****************
  2574 ;; Defined at:
  2575 ;;		line 100 in file "C:\Program Files\Microchip\xc8\v3.00\pic\sources\c99\common\strtof.c"
  2576 ;; Parameters:    Size  Location     Type
  2577 ;;  s               2   37[COMRAM] PTR const unsigned char 
  2578 ;;		 -> nmea_latlon_to_decimal@deg_str(4), parse_nmea_line@lon_field(20), parse_nmea_line@lat_field(20), 
  2579 ;;  res             2   39[COMRAM] PTR PTR unsigned char 
  2580 ;;		 -> NULL(0), 
  2581 ;; Auto vars:     Size  Location     Type
  2582 ;;  _u              4   57[COMRAM] struct .
  2583 ;;  eexp            2   55[COMRAM] int 
  2584 ;;  expon           2   53[COMRAM] int 
  2585 ;;  err             2   47[COMRAM] int 
  2586 ;;  i               1   61[COMRAM] unsigned char 
  2587 ;;  flags           1   52[COMRAM] unsigned char 
  2588 ;;  digit           1   51[COMRAM] unsigned char 
  2589 ;;  dpos            1   50[COMRAM] unsigned char 
  2590 ;;  xpos            1   49[COMRAM] unsigned char 
  2591 ;; Return value:  Size  Location     Type
  2592 ;;                  4   37[COMRAM] float 
  2593 ;; Registers used:
  2594 ;;		wreg, fsr2l, fsr2h, status,2, status,0, tblptrl, tblptrh, tblptru, prodl, prodh, cstack
  2595 ;; Tracked objects:
  2596 ;;		On entry : 0/0
  2597 ;;		On exit  : 0/0
  2598 ;;		Unchanged: 0/0
  2599 ;; Data sizes:     COMRAM   BANK0   BANK1   BANK2   BANK3   BANK4   BANK5   BANK6   BANK7
  2600 ;;      Params:         4       0       0       0       0       0       0       0       0
  2601 ;;      Locals:        15       0       0       0       0       0       0       0       0
  2602 ;;      Temps:          6       0       0       0       0       0       0       0       0
  2603 ;;      Totals:        25       0       0       0       0       0       0       0       0
  2604 ;;Total ram usage:       25 bytes
  2605 ;; Hardware stack levels used: 1
  2606 ;; Hardware stack levels required when called: 1
  2607 ;; This function calls:
  2608 ;;		___fldiv
  2609 ;;		___fleq
  2610 ;;		___flge
  2611 ;;		___flmul
  2612 ;;		___flneg
  2613 ;;		___lmul
  2614 ;;		___wmul
  2615 ;;		___xxtofl
  2616 ;;		_isdigit
  2617 ;;		_isxdigit
  2618 ;;		_nanf
  2619 ;;		_toupper
  2620 ;; This function is called by:
  2621 ;;		_nmea_latlon_to_decimal
  2622 ;; This function uses a non-reentrant model
  2623 ;;
  2624                           
  2625                           	psect	text8
  2626   000856                     __ptext8:
  2627                           	callstack 0
  2628   000856                     _strtof:
  2629                           	callstack 27
  2630   000856  0E00               	movlw	0
  2631   000858  6E31               	movwf	(strtof@err+1)^0,c
  2632   00085A  0E00               	movlw	0
  2633   00085C  6E30               	movwf	strtof@err^0,c
  2634   00085E  5028               	movf	strtof@res^0,w,c
  2635   000860  1029               	iorwf	(strtof@res+1)^0,w,c
  2636   000862  B4D8               	btfsc	status,2,c
  2637   000864  EF36  F004         	goto	u5121
  2638   000868  EF38  F004         	goto	u5120
  2639   00086C                     u5121:
  2640   00086C  EF44  F004         	goto	l4199
  2641   000870                     u5120:
  2642   000870  C028  FFD9         	movff	strtof@res,fsr2l
  2643   000874  C029  FFDA         	movff	strtof@res+1,fsr2h
  2644   000878  C026  FFDE         	movff	strtof@s,postinc2
  2645   00087C  C027  FFDD         	movff	strtof@s+1,postdec2
  2646   000880  EF44  F004         	goto	l4199
  2647   000884                     l4197:
  2648   000884  4A26               	infsnz	strtof@s^0,f,c
  2649   000886  2A27               	incf	(strtof@s+1)^0,f,c
  2650   000888                     l4199:
  2651   000888  C026  FFD9         	movff	strtof@s,fsr2l
  2652   00088C  C027  FFDA         	movff	strtof@s+1,fsr2h
  2653   000890  0E20               	movlw	32
  2654   000892  18DE               	xorwf	postinc2,w,c
  2655   000894  B4D8               	btfsc	status,2,c
  2656   000896  EF4F  F004         	goto	u5131
  2657   00089A  EF52  F004         	goto	u5130
  2658   00089E                     u5131:
  2659   00089E  0E01               	movlw	1
  2660   0008A0  EF53  F004         	goto	u5140
  2661   0008A4                     u5130:
  2662   0008A4  0E00               	movlw	0
  2663   0008A6                     u5140:
  2664   0008A6  6E38               	movwf	strtof@eexp^0,c
  2665   0008A8  6A39               	clrf	(strtof@eexp+1)^0,c
  2666   0008AA  5038               	movf	strtof@eexp^0,w,c
  2667   0008AC  1039               	iorwf	(strtof@eexp+1)^0,w,c
  2668   0008AE  A4D8               	btfss	status,2,c
  2669   0008B0  EF5C  F004         	goto	u5151
  2670   0008B4  EF5E  F004         	goto	u5150
  2671   0008B8                     u5151:
  2672   0008B8  EF42  F004         	goto	l4197
  2673   0008BC                     u5150:
  2674   0008BC  C026  FFD9         	movff	strtof@s,fsr2l
  2675   0008C0  C027  FFDA         	movff	strtof@s+1,fsr2h
  2676   0008C4  50DF               	movf	indf2,w,c
  2677   0008C6  6E2A               	movwf	??_strtof^0,c
  2678   0008C8  502A               	movf	??_strtof^0,w,c
  2679   0008CA  6E38               	movwf	strtof@eexp^0,c
  2680   0008CC  6A39               	clrf	(strtof@eexp+1)^0,c
  2681   0008CE  C038  F02B         	movff	strtof@eexp,??_strtof+1
  2682   0008D2  0EF7               	movlw	247
  2683   0008D4  262B               	addwf	(??_strtof+1)^0,f,c
  2684   0008D6  0E04               	movlw	4
  2685   0008D8  642B               	cpfsgt	(??_strtof+1)^0,c
  2686   0008DA  EF71  F004         	goto	u5161
  2687   0008DE  EF73  F004         	goto	u5160
  2688   0008E2                     u5161:
  2689   0008E2  EF42  F004         	goto	l4197
  2690   0008E6                     u5160:
  2691   0008E6  6A35               	clrf	strtof@flags^0,c
  2692   0008E8  0E2D               	movlw	45
  2693   0008EA  1838               	xorwf	strtof@eexp^0,w,c
  2694   0008EC  1039               	iorwf	(strtof@eexp+1)^0,w,c
  2695   0008EE  A4D8               	btfss	status,2,c
  2696   0008F0  EF7C  F004         	goto	u5171
  2697   0008F4  EF7E  F004         	goto	u5170
  2698   0008F8                     u5171:
  2699   0008F8  EF84  F004         	goto	l4209
  2700   0008FC                     u5170:
  2701   0008FC  0E01               	movlw	1
  2702   0008FE  6E35               	movwf	strtof@flags^0,c
  2703   000900                     l4207:
  2704   000900  4A26               	infsnz	strtof@s^0,f,c
  2705   000902  2A27               	incf	(strtof@s+1)^0,f,c
  2706   000904  EF90  F004         	goto	l4213
  2707   000908                     l4209:
  2708   000908  0E2B               	movlw	43
  2709   00090A  1838               	xorwf	strtof@eexp^0,w,c
  2710   00090C  1039               	iorwf	(strtof@eexp+1)^0,w,c
  2711   00090E  A4D8               	btfss	status,2,c
  2712   000910  EF8C  F004         	goto	u5181
  2713   000914  EF8E  F004         	goto	u5180
  2714   000918                     u5181:
  2715   000918  EF90  F004         	goto	l4213
  2716   00091C                     u5180:
  2717   00091C  EF80  F004         	goto	l4207
  2718   000920                     l4213:
  2719   000920  6A3E               	clrf	strtof@i^0,c
  2720   000922  EF94  F004         	goto	l4217
  2721   000926                     l4215:
  2722   000926  2A3E               	incf	strtof@i^0,f,c
  2723   000928                     l4217:
  2724   000928  503E               	movf	strtof@i^0,w,c
  2725   00092A  2426               	addwf	strtof@s^0,w,c
  2726   00092C  6ED9               	movwf	fsr2l,c
  2727   00092E  0E00               	movlw	0
  2728   000930  2027               	addwfc	(strtof@s+1)^0,w,c
  2729   000932  6EDA               	movwf	fsr2h,c
  2730   000934  50DF               	movf	indf2,w,c
  2731   000936  B4D8               	btfsc	status,2,c
  2732   000938  EFA0  F004         	goto	u5191
  2733   00093C  EFA2  F004         	goto	u5190
  2734   000940                     u5191:
  2735   000940  EFD4  F004         	goto	l4223
  2736   000944                     u5190:
  2737   000944  503E               	movf	strtof@i^0,w,c
  2738   000946  2426               	addwf	strtof@s^0,w,c
  2739   000948  6ED9               	movwf	fsr2l,c
  2740   00094A  0E00               	movlw	0
  2741   00094C  2027               	addwfc	(strtof@s+1)^0,w,c
  2742   00094E  6EDA               	movwf	fsr2h,c
  2743   000950  50DF               	movf	indf2,w,c
  2744   000952  6E2A               	movwf	??_strtof^0,c
  2745   000954  503E               	movf	strtof@i^0,w,c
  2746   000956  0F2F               	addlw	low STR_15
  2747   000958  6E2B               	movwf	(??_strtof+1)^0,c
  2748   00095A  C02B  FFF6         	movff	??_strtof+1,tblptrl
  2749   00095E                     	if	1	;There is more than 1 active tblptr byte
  2750   00095E  0E08               	movlw	high __smallconst
  2751   000960  6EF7               	movwf	tblptrh,c
  2752   000962                     	endif
  2753   000962                     	if	0	;tblptru may be non-zero
  2754   000962                     	endif
  2755   000962                     	if	0	;tblptru may be non-zero
  2756   000962                     	endif
  2757   000962  0008               	tblrd		*
  2758   000964  50F5               	movf	tablat,w,c
  2759   000966  182A               	xorwf	??_strtof^0,w,c
  2760   000968  B4D8               	btfsc	status,2,c
  2761   00096A  EFB9  F004         	goto	u5201
  2762   00096E  EFBB  F004         	goto	u5200
  2763   000972                     u5201:
  2764   000972  EF93  F004         	goto	l4215
  2765   000976                     u5200:
  2766   000976  503E               	movf	strtof@i^0,w,c
  2767   000978  2426               	addwf	strtof@s^0,w,c
  2768   00097A  6ED9               	movwf	fsr2l,c
  2769   00097C  0E00               	movlw	0
  2770   00097E  2027               	addwfc	(strtof@s+1)^0,w,c
  2771   000980  6EDA               	movwf	fsr2h,c
  2772   000982  50DF               	movf	indf2,w,c
  2773   000984  6E2A               	movwf	??_strtof^0,c
  2774   000986  503E               	movf	strtof@i^0,w,c
  2775   000988  0F26               	addlw	low STR_16
  2776   00098A  6E2B               	movwf	(??_strtof+1)^0,c
  2777   00098C  C02B  FFF6         	movff	??_strtof+1,tblptrl
  2778   000990                     	if	1	;There is more than 1 active tblptr byte
  2779   000990  0E08               	movlw	high __smallconst
  2780   000992  6EF7               	movwf	tblptrh,c
  2781   000994                     	endif
  2782   000994                     	if	0	;tblptru may be non-zero
  2783   000994                     	endif
  2784   000994                     	if	0	;tblptru may be non-zero
  2785   000994                     	endif
  2786   000994  0008               	tblrd		*
  2787   000996  50F5               	movf	tablat,w,c
  2788   000998  182A               	xorwf	??_strtof^0,w,c
  2789   00099A  B4D8               	btfsc	status,2,c
  2790   00099C  EFD2  F004         	goto	u5211
  2791   0009A0  EFD4  F004         	goto	u5210
  2792   0009A4                     u5211:
  2793   0009A4  EF93  F004         	goto	l4215
  2794   0009A8                     u5210:
  2795   0009A8                     l4223:
  2796   0009A8  0E02               	movlw	2
  2797   0009AA  643E               	cpfsgt	strtof@i^0,c
  2798   0009AC  EFDA  F004         	goto	u5221
  2799   0009B0  EFDC  F004         	goto	u5220
  2800   0009B4                     u5221:
  2801   0009B4  EF08  F005         	goto	l1074
  2802   0009B8                     u5220:
  2803   0009B8  0E00               	movlw	0
  2804   0009BA  6E3A               	movwf	strtof@_u^0,c
  2805   0009BC  0E00               	movlw	0
  2806   0009BE  6E3B               	movwf	(strtof@_u+1)^0,c
  2807   0009C0  0E80               	movlw	128
  2808   0009C2  6E3C               	movwf	(strtof@_u+2)^0,c
  2809   0009C4  0E7F               	movlw	127
  2810   0009C6  6E3D               	movwf	(strtof@_u+3)^0,c
  2811   0009C8  5028               	movf	strtof@res^0,w,c
  2812   0009CA  1029               	iorwf	(strtof@res+1)^0,w,c
  2813   0009CC  B4D8               	btfsc	status,2,c
  2814   0009CE  EFEB  F004         	goto	u5231
  2815   0009D2  EFED  F004         	goto	u5230
  2816   0009D6                     u5231:
  2817   0009D6  EF0E  F00C         	goto	l4571
  2818   0009DA                     u5230:
  2819   0009DA  0E08               	movlw	8
  2820   0009DC  183E               	xorwf	strtof@i^0,w,c
  2821   0009DE  B4D8               	btfsc	status,2,c
  2822   0009E0  EFF4  F004         	goto	u5241
  2823   0009E4  EFF6  F004         	goto	u5240
  2824   0009E8                     u5241:
  2825   0009E8  EFF8  F004         	goto	l4233
  2826   0009EC                     u5240:
  2827   0009EC  0E03               	movlw	3
  2828   0009EE  6E3E               	movwf	strtof@i^0,c
  2829   0009F0                     l4233:
  2830   0009F0  503E               	movf	strtof@i^0,w,c
  2831   0009F2  2426               	addwf	strtof@s^0,w,c
  2832   0009F4  6E2A               	movwf	??_strtof^0,c
  2833   0009F6  0E00               	movlw	0
  2834   0009F8  2027               	addwfc	(strtof@s+1)^0,w,c
  2835   0009FA  6E2B               	movwf	(??_strtof+1)^0,c
  2836   0009FC  C028  FFD9         	movff	strtof@res,fsr2l
  2837   000A00  C029  FFDA         	movff	strtof@res+1,fsr2h
  2838   000A04  C02A  FFDE         	movff	??_strtof,postinc2
  2839   000A08  C02B  FFDD         	movff	??_strtof+1,postdec2
  2840   000A0C  EF0E  F00C         	goto	l4571
  2841   000A10                     l1074:
  2842   000A10  6A3E               	clrf	strtof@i^0,c
  2843   000A12  EF0C  F005         	goto	l4237
  2844   000A16                     l4235:
  2845   000A16  2A3E               	incf	strtof@i^0,f,c
  2846   000A18                     l4237:
  2847   000A18  503E               	movf	strtof@i^0,w,c
  2848   000A1A  2426               	addwf	strtof@s^0,w,c
  2849   000A1C  6ED9               	movwf	fsr2l,c
  2850   000A1E  0E00               	movlw	0
  2851   000A20  2027               	addwfc	(strtof@s+1)^0,w,c
  2852   000A22  6EDA               	movwf	fsr2h,c
  2853   000A24  50DF               	movf	indf2,w,c
  2854   000A26  B4D8               	btfsc	status,2,c
  2855   000A28  EF18  F005         	goto	u5251
  2856   000A2C  EF1A  F005         	goto	u5250
  2857   000A30                     u5251:
  2858   000A30  EF4C  F005         	goto	l4243
  2859   000A34                     u5250:
  2860   000A34  503E               	movf	strtof@i^0,w,c
  2861   000A36  2426               	addwf	strtof@s^0,w,c
  2862   000A38  6ED9               	movwf	fsr2l,c
  2863   000A3A  0E00               	movlw	0
  2864   000A3C  2027               	addwfc	(strtof@s+1)^0,w,c
  2865   000A3E  6EDA               	movwf	fsr2h,c
  2866   000A40  50DF               	movf	indf2,w,c
  2867   000A42  6E2A               	movwf	??_strtof^0,c
  2868   000A44  503E               	movf	strtof@i^0,w,c
  2869   000A46  0F4E               	addlw	low STR_12
  2870   000A48  6E2B               	movwf	(??_strtof+1)^0,c
  2871   000A4A  C02B  FFF6         	movff	??_strtof+1,tblptrl
  2872   000A4E                     	if	1	;There is more than 1 active tblptr byte
  2873   000A4E  0E08               	movlw	high __smallconst
  2874   000A50  6EF7               	movwf	tblptrh,c
  2875   000A52                     	endif
  2876   000A52                     	if	0	;tblptru may be non-zero
  2877   000A52                     	endif
  2878   000A52                     	if	0	;tblptru may be non-zero
  2879   000A52                     	endif
  2880   000A52  0008               	tblrd		*
  2881   000A54  50F5               	movf	tablat,w,c
  2882   000A56  182A               	xorwf	??_strtof^0,w,c
  2883   000A58  B4D8               	btfsc	status,2,c
  2884   000A5A  EF31  F005         	goto	u5261
  2885   000A5E  EF33  F005         	goto	u5260
  2886   000A62                     u5261:
  2887   000A62  EF0B  F005         	goto	l4235
  2888   000A66                     u5260:
  2889   000A66  503E               	movf	strtof@i^0,w,c
  2890   000A68  2426               	addwf	strtof@s^0,w,c
  2891   000A6A  6ED9               	movwf	fsr2l,c
  2892   000A6C  0E00               	movlw	0
  2893   000A6E  2027               	addwfc	(strtof@s+1)^0,w,c
  2894   000A70  6EDA               	movwf	fsr2h,c
  2895   000A72  50DF               	movf	indf2,w,c
  2896   000A74  6E2A               	movwf	??_strtof^0,c
  2897   000A76  503E               	movf	strtof@i^0,w,c
  2898   000A78  0F46               	addlw	low STR_21
  2899   000A7A  6E2B               	movwf	(??_strtof+1)^0,c
  2900   000A7C  C02B  FFF6         	movff	??_strtof+1,tblptrl
  2901   000A80                     	if	1	;There is more than 1 active tblptr byte
  2902   000A80  0E08               	movlw	high __smallconst
  2903   000A82  6EF7               	movwf	tblptrh,c
  2904   000A84                     	endif
  2905   000A84                     	if	0	;tblptru may be non-zero
  2906   000A84                     	endif
  2907   000A84                     	if	0	;tblptru may be non-zero
  2908   000A84                     	endif
  2909   000A84  0008               	tblrd		*
  2910   000A86  50F5               	movf	tablat,w,c
  2911   000A88  182A               	xorwf	??_strtof^0,w,c
  2912   000A8A  B4D8               	btfsc	status,2,c
  2913   000A8C  EF4A  F005         	goto	u5271
  2914   000A90  EF4C  F005         	goto	u5270
  2915   000A94                     u5271:
  2916   000A94  EF0B  F005         	goto	l4235
  2917   000A98                     u5270:
  2918   000A98                     l4243:
  2919   000A98  0E03               	movlw	3
  2920   000A9A  183E               	xorwf	strtof@i^0,w,c
  2921   000A9C  A4D8               	btfss	status,2,c
  2922   000A9E  EF53  F005         	goto	u5281
  2923   000AA2  EF55  F005         	goto	u5280
  2924   000AA6                     u5281:
  2925   000AA6  EFC0  F005         	goto	l4267
  2926   000AAA                     u5280:
  2927   000AAA  0E53               	movlw	low (STR_4+1)
  2928   000AAC  6E01               	movwf	nanf@s^0,c
  2929   000AAE  ECE2  F023         	call	_nanf	;wreg free
  2930   000AB2  C001  F03A         	movff	?_nanf,strtof@_u
  2931   000AB6  C002  F03B         	movff	?_nanf+1,strtof@_u+1
  2932   000ABA  C003  F03C         	movff	?_nanf+2,strtof@_u+2
  2933   000ABE  C004  F03D         	movff	?_nanf+3,strtof@_u+3
  2934   000AC2  5028               	movf	strtof@res^0,w,c
  2935   000AC4  1029               	iorwf	(strtof@res+1)^0,w,c
  2936   000AC6  B4D8               	btfsc	status,2,c
  2937   000AC8  EF68  F005         	goto	u5291
  2938   000ACC  EF6A  F005         	goto	u5290
  2939   000AD0                     u5291:
  2940   000AD0  EF0E  F00C         	goto	l4571
  2941   000AD4                     u5290:
  2942   000AD4  503E               	movf	strtof@i^0,w,c
  2943   000AD6  2626               	addwf	strtof@s^0,f,c
  2944   000AD8  0E00               	movlw	0
  2945   000ADA  2227               	addwfc	(strtof@s+1)^0,f,c
  2946   000ADC  C026  FFD9         	movff	strtof@s,fsr2l
  2947   000AE0  C027  FFDA         	movff	strtof@s+1,fsr2h
  2948   000AE4  0E28               	movlw	40
  2949   000AE6  18DE               	xorwf	postinc2,w,c
  2950   000AE8  A4D8               	btfss	status,2,c
  2951   000AEA  EF79  F005         	goto	u5301
  2952   000AEE  EF7B  F005         	goto	u5300
  2953   000AF2                     u5301:
  2954   000AF2  EFB6  F005         	goto	l4265
  2955   000AF6                     u5300:
  2956   000AF6  6A3E               	clrf	strtof@i^0,c
  2957   000AF8  EF7F  F005         	goto	l4257
  2958   000AFC                     l4255:
  2959   000AFC  2A3E               	incf	strtof@i^0,f,c
  2960   000AFE                     l4257:
  2961   000AFE  503E               	movf	strtof@i^0,w,c
  2962   000B00  2426               	addwf	strtof@s^0,w,c
  2963   000B02  6ED9               	movwf	fsr2l,c
  2964   000B04  0E00               	movlw	0
  2965   000B06  2027               	addwfc	(strtof@s+1)^0,w,c
  2966   000B08  6EDA               	movwf	fsr2h,c
  2967   000B0A  50DF               	movf	indf2,w,c
  2968   000B0C  B4D8               	btfsc	status,2,c
  2969   000B0E  EF8B  F005         	goto	u5311
  2970   000B12  EF8D  F005         	goto	u5310
  2971   000B16                     u5311:
  2972   000B16  EF9C  F005         	goto	l4261
  2973   000B1A                     u5310:
  2974   000B1A  503E               	movf	strtof@i^0,w,c
  2975   000B1C  2426               	addwf	strtof@s^0,w,c
  2976   000B1E  6ED9               	movwf	fsr2l,c
  2977   000B20  0E00               	movlw	0
  2978   000B22  2027               	addwfc	(strtof@s+1)^0,w,c
  2979   000B24  6EDA               	movwf	fsr2h,c
  2980   000B26  0E29               	movlw	41
  2981   000B28  18DE               	xorwf	postinc2,w,c
  2982   000B2A  A4D8               	btfss	status,2,c
  2983   000B2C  EF9A  F005         	goto	u5321
  2984   000B30  EF9C  F005         	goto	u5320
  2985   000B34                     u5321:
  2986   000B34  EF7E  F005         	goto	l4255
  2987   000B38                     u5320:
  2988   000B38                     l4261:
  2989   000B38  503E               	movf	strtof@i^0,w,c
  2990   000B3A  2426               	addwf	strtof@s^0,w,c
  2991   000B3C  6ED9               	movwf	fsr2l,c
  2992   000B3E  0E00               	movlw	0
  2993   000B40  2027               	addwfc	(strtof@s+1)^0,w,c
  2994   000B42  6EDA               	movwf	fsr2h,c
  2995   000B44  0E29               	movlw	41
  2996   000B46  18DE               	xorwf	postinc2,w,c
  2997   000B48  A4D8               	btfss	status,2,c
  2998   000B4A  EFA9  F005         	goto	u5331
  2999   000B4E  EFAB  F005         	goto	u5330
  3000   000B52                     u5331:
  3001   000B52  EFB6  F005         	goto	l4265
  3002   000B56                     u5330:
  3003   000B56  503E               	movf	strtof@i^0,w,c
  3004   000B58  6E2A               	movwf	??_strtof^0,c
  3005   000B5A  6A2B               	clrf	(??_strtof+1)^0,c
  3006   000B5C  0E01               	movlw	1
  3007   000B5E  262A               	addwf	??_strtof^0,f,c
  3008   000B60  0E00               	movlw	0
  3009   000B62  222B               	addwfc	(??_strtof+1)^0,f,c
  3010   000B64  502A               	movf	??_strtof^0,w,c
  3011   000B66  2626               	addwf	strtof@s^0,f,c
  3012   000B68  502B               	movf	(??_strtof+1)^0,w,c
  3013   000B6A  2227               	addwfc	(strtof@s+1)^0,f,c
  3014   000B6C                     l4265:
  3015   000B6C  C028  FFD9         	movff	strtof@res,fsr2l
  3016   000B70  C029  FFDA         	movff	strtof@res+1,fsr2h
  3017   000B74  C026  FFDE         	movff	strtof@s,postinc2
  3018   000B78  C027  FFDD         	movff	strtof@s+1,postdec2
  3019   000B7C  EF0E  F00C         	goto	l4571
  3020   000B80                     l4267:
  3021   000B80  0E00               	movlw	0
  3022   000B82  6E39               	movwf	(strtof@eexp+1)^0,c
  3023   000B84  0E00               	movlw	0
  3024   000B86  6E38               	movwf	strtof@eexp^0,c
  3025   000B88  0E00               	movlw	0
  3026   000B8A  6E3A               	movwf	strtof@_u^0,c
  3027   000B8C  0E00               	movlw	0
  3028   000B8E  6E3B               	movwf	(strtof@_u+1)^0,c
  3029   000B90  0E00               	movlw	0
  3030   000B92  6E3C               	movwf	(strtof@_u+2)^0,c
  3031   000B94  0E00               	movlw	0
  3032   000B96  6E3D               	movwf	(strtof@_u+3)^0,c
  3033   000B98  6A32               	clrf	strtof@xpos^0,c
  3034   000B9A  6A33               	clrf	strtof@dpos^0,c
  3035   000B9C  0E00               	movlw	0
  3036   000B9E  6E37               	movwf	(strtof@expon+1)^0,c
  3037   000BA0  0E00               	movlw	0
  3038   000BA2  6E36               	movwf	strtof@expon^0,c
  3039   000BA4  6A3E               	clrf	strtof@i^0,c
  3040   000BA6  EFD6  F005         	goto	l4277
  3041   000BAA                     l4275:
  3042   000BAA  2A3E               	incf	strtof@i^0,f,c
  3043   000BAC                     l4277:
  3044   000BAC  503E               	movf	strtof@i^0,w,c
  3045   000BAE  2426               	addwf	strtof@s^0,w,c
  3046   000BB0  6ED9               	movwf	fsr2l,c
  3047   000BB2  0E00               	movlw	0
  3048   000BB4  2027               	addwfc	(strtof@s+1)^0,w,c
  3049   000BB6  6EDA               	movwf	fsr2h,c
  3050   000BB8  0E30               	movlw	48
  3051   000BBA  18DE               	xorwf	postinc2,w,c
  3052   000BBC  B4D8               	btfsc	status,2,c
  3053   000BBE  EFE3  F005         	goto	u5341
  3054   000BC2  EFE5  F005         	goto	u5340
  3055   000BC6                     u5341:
  3056   000BC6  EFD5  F005         	goto	l4275
  3057   000BCA                     u5340:
  3058   000BCA  503E               	movf	strtof@i^0,w,c
  3059   000BCC  B4D8               	btfsc	status,2,c
  3060   000BCE  EFEB  F005         	goto	u5351
  3061   000BD2  EFED  F005         	goto	u5350
  3062   000BD6                     u5351:
  3063   000BD6  EF89  F009         	goto	l1157
  3064   000BDA                     u5350:
  3065   000BDA  503E               	movf	strtof@i^0,w,c
  3066   000BDC  2426               	addwf	strtof@s^0,w,c
  3067   000BDE  6ED9               	movwf	fsr2l,c
  3068   000BE0  0E00               	movlw	0
  3069   000BE2  2027               	addwfc	(strtof@s+1)^0,w,c
  3070   000BE4  6EDA               	movwf	fsr2h,c
  3071   000BE6  0E78               	movlw	120
  3072   000BE8  18DE               	xorwf	postinc2,w,c
  3073   000BEA  B4D8               	btfsc	status,2,c
  3074   000BEC  EFFA  F005         	goto	u5361
  3075   000BF0  EFFC  F005         	goto	u5360
  3076   000BF4                     u5361:
  3077   000BF4  EF0B  F006         	goto	l4285
  3078   000BF8                     u5360:
  3079   000BF8  503E               	movf	strtof@i^0,w,c
  3080   000BFA  2426               	addwf	strtof@s^0,w,c
  3081   000BFC  6ED9               	movwf	fsr2l,c
  3082   000BFE  0E00               	movlw	0
  3083   000C00  2027               	addwfc	(strtof@s+1)^0,w,c
  3084   000C02  6EDA               	movwf	fsr2h,c
  3085   000C04  0E58               	movlw	88
  3086   000C06  18DE               	xorwf	postinc2,w,c
  3087   000C08  A4D8               	btfss	status,2,c
  3088   000C0A  EF09  F006         	goto	u5371
  3089   000C0E  EF0B  F006         	goto	u5370
  3090   000C12                     u5371:
  3091   000C12  EF89  F009         	goto	l1157
  3092   000C16                     u5370:
  3093   000C16                     l4285:
  3094   000C16  503E               	movf	strtof@i^0,w,c
  3095   000C18  2426               	addwf	strtof@s^0,w,c
  3096   000C1A  6E2A               	movwf	??_strtof^0,c
  3097   000C1C  0E00               	movlw	0
  3098   000C1E  2027               	addwfc	(strtof@s+1)^0,w,c
  3099   000C20  6E2B               	movwf	(??_strtof+1)^0,c
  3100   000C22  0E01               	movlw	1
  3101   000C24  242A               	addwf	??_strtof^0,w,c
  3102   000C26  6ED9               	movwf	fsr2l,c
  3103   000C28  0E00               	movlw	0
  3104   000C2A  202B               	addwfc	(??_strtof+1)^0,w,c
  3105   000C2C  6EDA               	movwf	fsr2h,c
  3106   000C2E  50DF               	movf	indf2,w,c
  3107   000C30  6E2C               	movwf	(??_strtof+2)^0,c
  3108   000C32  502C               	movf	(??_strtof+2)^0,w,c
  3109   000C34  6E01               	movwf	isxdigit@c^0,c
  3110   000C36  6A02               	clrf	(isxdigit@c+1)^0,c
  3111   000C38  EC03  F022         	call	_isxdigit	;wreg free
  3112   000C3C  5001               	movf	?_isxdigit^0,w,c
  3113   000C3E  1002               	iorwf	(?_isxdigit+1)^0,w,c
  3114   000C40  A4D8               	btfss	status,2,c
  3115   000C42  EF25  F006         	goto	u5381
  3116   000C46  EF27  F006         	goto	u5380
  3117   000C4A                     u5381:
  3118   000C4A  EF3E  F006         	goto	l1101
  3119   000C4E                     u5380:
  3120   000C4E  503E               	movf	strtof@i^0,w,c
  3121   000C50  2426               	addwf	strtof@s^0,w,c
  3122   000C52  6E2A               	movwf	??_strtof^0,c
  3123   000C54  0E00               	movlw	0
  3124   000C56  2027               	addwfc	(strtof@s+1)^0,w,c
  3125   000C58  6E2B               	movwf	(??_strtof+1)^0,c
  3126   000C5A  0E01               	movlw	1
  3127   000C5C  242A               	addwf	??_strtof^0,w,c
  3128   000C5E  6ED9               	movwf	fsr2l,c
  3129   000C60  0E00               	movlw	0
  3130   000C62  202B               	addwfc	(??_strtof+1)^0,w,c
  3131   000C64  6EDA               	movwf	fsr2h,c
  3132   000C66  0E2E               	movlw	46
  3133   000C68  18DE               	xorwf	postinc2,w,c
  3134   000C6A  B4D8               	btfsc	status,2,c
  3135   000C6C  EF3A  F006         	goto	u5391
  3136   000C70  EF3C  F006         	goto	u5390
  3137   000C74                     u5391:
  3138   000C74  EF3E  F006         	goto	l1101
  3139   000C78                     u5390:
  3140   000C78  EFAD  F008         	goto	l4417
  3141   000C7C                     l1101:
  3142   000C7C  C03E  F032         	movff	strtof@i,strtof@xpos
  3143   000C80                     l4291:
  3144   000C80  2A3E               	incf	strtof@i^0,f,c
  3145   000C82  503E               	movf	strtof@i^0,w,c
  3146   000C84  2426               	addwf	strtof@s^0,w,c
  3147   000C86  6ED9               	movwf	fsr2l,c
  3148   000C88  0E00               	movlw	0
  3149   000C8A  2027               	addwfc	(strtof@s+1)^0,w,c
  3150   000C8C  6EDA               	movwf	fsr2h,c
  3151   000C8E  0E30               	movlw	48
  3152   000C90  18DE               	xorwf	postinc2,w,c
  3153   000C92  B4D8               	btfsc	status,2,c
  3154   000C94  EF4E  F006         	goto	u5401
  3155   000C98  EF50  F006         	goto	u5400
  3156   000C9C                     u5401:
  3157   000C9C  EF40  F006         	goto	l4291
  3158   000CA0                     u5400:
  3159   000CA0                     l4297:
  3160   000CA0  503E               	movf	strtof@i^0,w,c
  3161   000CA2  2426               	addwf	strtof@s^0,w,c
  3162   000CA4  6ED9               	movwf	fsr2l,c
  3163   000CA6  0E00               	movlw	0
  3164   000CA8  2027               	addwfc	(strtof@s+1)^0,w,c
  3165   000CAA  6EDA               	movwf	fsr2h,c
  3166   000CAC  0E70               	movlw	112
  3167   000CAE  18DE               	xorwf	postinc2,w,c
  3168   000CB0  B4D8               	btfsc	status,2,c
  3169   000CB2  EF5D  F006         	goto	u5411
  3170   000CB6  EF5F  F006         	goto	u5410
  3171   000CBA                     u5411:
  3172   000CBA  EFCB  F007         	goto	l4361
  3173   000CBE                     u5410:
  3174   000CBE  503E               	movf	strtof@i^0,w,c
  3175   000CC0  2426               	addwf	strtof@s^0,w,c
  3176   000CC2  6ED9               	movwf	fsr2l,c
  3177   000CC4  0E00               	movlw	0
  3178   000CC6  2027               	addwfc	(strtof@s+1)^0,w,c
  3179   000CC8  6EDA               	movwf	fsr2h,c
  3180   000CCA  0E50               	movlw	80
  3181   000CCC  18DE               	xorwf	postinc2,w,c
  3182   000CCE  A4D8               	btfss	status,2,c
  3183   000CD0  EF6C  F006         	goto	u5421
  3184   000CD4  EF6E  F006         	goto	u5420
  3185   000CD8                     u5421:
  3186   000CD8  EF70  F006         	goto	l4303
  3187   000CDC                     u5420:
  3188   000CDC  EFCB  F007         	goto	l4361
  3189   000CE0                     l4303:
  3190   000CE0  503E               	movf	strtof@i^0,w,c
  3191   000CE2  2426               	addwf	strtof@s^0,w,c
  3192   000CE4  6ED9               	movwf	fsr2l,c
  3193   000CE6  0E00               	movlw	0
  3194   000CE8  2027               	addwfc	(strtof@s+1)^0,w,c
  3195   000CEA  6EDA               	movwf	fsr2h,c
  3196   000CEC  0E2E               	movlw	46
  3197   000CEE  18DE               	xorwf	postinc2,w,c
  3198   000CF0  A4D8               	btfss	status,2,c
  3199   000CF2  EF7D  F006         	goto	u5431
  3200   000CF6  EF7F  F006         	goto	u5430
  3201   000CFA                     u5431:
  3202   000CFA  EF85  F006         	goto	l4311
  3203   000CFE                     u5430:
  3204   000CFE  8835               	bsf	strtof@flags^0,4,c
  3205   000D00  C03E  F033         	movff	strtof@i,strtof@dpos
  3206   000D04  2A3E               	incf	strtof@i^0,f,c
  3207   000D06  EFCB  F007         	goto	l4361
  3208   000D0A                     l4311:
  3209   000D0A  503E               	movf	strtof@i^0,w,c
  3210   000D0C  2426               	addwf	strtof@s^0,w,c
  3211   000D0E  6ED9               	movwf	fsr2l,c
  3212   000D10  0E00               	movlw	0
  3213   000D12  2027               	addwfc	(strtof@s+1)^0,w,c
  3214   000D14  6EDA               	movwf	fsr2h,c
  3215   000D16  50DF               	movf	indf2,w,c
  3216   000D18  6E2A               	movwf	??_strtof^0,c
  3217   000D1A  502A               	movf	??_strtof^0,w,c
  3218   000D1C  6E01               	movwf	isxdigit@c^0,c
  3219   000D1E  6A02               	clrf	(isxdigit@c+1)^0,c
  3220   000D20  EC03  F022         	call	_isxdigit	;wreg free
  3221   000D24  5001               	movf	?_isxdigit^0,w,c
  3222   000D26  1002               	iorwf	(?_isxdigit+1)^0,w,c
  3223   000D28  B4D8               	btfsc	status,2,c
  3224   000D2A  EF99  F006         	goto	u5441
  3225   000D2E  EF9B  F006         	goto	u5440
  3226   000D32                     u5441:
  3227   000D32  EFAD  F008         	goto	l4417
  3228   000D36                     u5440:
  3229   000D36  6A34               	clrf	strtof@digit^0,c
  3230   000D38  503E               	movf	strtof@i^0,w,c
  3231   000D3A  2426               	addwf	strtof@s^0,w,c
  3232   000D3C  6ED9               	movwf	fsr2l,c
  3233   000D3E  0E00               	movlw	0
  3234   000D40  2027               	addwfc	(strtof@s+1)^0,w,c
  3235   000D42  6EDA               	movwf	fsr2h,c
  3236   000D44  50DF               	movf	indf2,w,c
  3237   000D46  6E2A               	movwf	??_strtof^0,c
  3238   000D48  502A               	movf	??_strtof^0,w,c
  3239   000D4A  6E01               	movwf	isdigit@c^0,c
  3240   000D4C  6A02               	clrf	(isdigit@c+1)^0,c
  3241   000D4E  ECA4  F023         	call	_isdigit	;wreg free
  3242   000D52  5001               	movf	?_isdigit^0,w,c
  3243   000D54  1002               	iorwf	(?_isdigit+1)^0,w,c
  3244   000D56  B4D8               	btfsc	status,2,c
  3245   000D58  EFB0  F006         	goto	u5451
  3246   000D5C  EFB2  F006         	goto	u5450
  3247   000D60                     u5451:
  3248   000D60  EFBD  F006         	goto	l4319
  3249   000D64                     u5450:
  3250   000D64  503E               	movf	strtof@i^0,w,c
  3251   000D66  2426               	addwf	strtof@s^0,w,c
  3252   000D68  6ED9               	movwf	fsr2l,c
  3253   000D6A  0E00               	movlw	0
  3254   000D6C  2027               	addwfc	(strtof@s+1)^0,w,c
  3255   000D6E  6EDA               	movwf	fsr2h,c
  3256   000D70  50DF               	movf	indf2,w,c
  3257   000D72  0FD0               	addlw	208
  3258   000D74  6E34               	movwf	strtof@digit^0,c
  3259   000D76  EFCD  F006         	goto	l4321
  3260   000D7A                     l4319:
  3261   000D7A  503E               	movf	strtof@i^0,w,c
  3262   000D7C  2426               	addwf	strtof@s^0,w,c
  3263   000D7E  6ED9               	movwf	fsr2l,c
  3264   000D80  0E00               	movlw	0
  3265   000D82  2027               	addwfc	(strtof@s+1)^0,w,c
  3266   000D84  6EDA               	movwf	fsr2h,c
  3267   000D86  50DF               	movf	indf2,w,c
  3268   000D88  6E2A               	movwf	??_strtof^0,c
  3269   000D8A  502A               	movf	??_strtof^0,w,c
  3270   000D8C  6E01               	movwf	toupper@c^0,c
  3271   000D8E  6A02               	clrf	(toupper@c+1)^0,c
  3272   000D90  EC76  F023         	call	_toupper	;wreg free
  3273   000D94  5001               	movf	?_toupper^0,w,c
  3274   000D96  0FC9               	addlw	201
  3275   000D98  6E34               	movwf	strtof@digit^0,c
  3276   000D9A                     l4321:
  3277   000D9A  BE39               	btfsc	(strtof@eexp+1)^0,7,c
  3278   000D9C  EFDB  F006         	goto	u5460
  3279   000DA0  5039               	movf	(strtof@eexp+1)^0,w,c
  3280   000DA2  E107               	bnz	u5461
  3281   000DA4  0E08               	movlw	8
  3282   000DA6  5C38               	subwf	strtof@eexp^0,w,c
  3283   000DA8  B0D8               	btfsc	status,0,c
  3284   000DAA  EFD9  F006         	goto	u5461
  3285   000DAE  EFDB  F006         	goto	u5460
  3286   000DB2                     u5461:
  3287   000DB2  EFFA  F006         	goto	l4325
  3288   000DB6                     u5460:
  3289   000DB6  5038               	movf	strtof@eexp^0,w,c
  3290   000DB8  0807               	sublw	7
  3291   000DBA  6E2A               	movwf	??_strtof^0,c
  3292   000DBC  90D8               	bcf	status,0,c
  3293   000DBE  362A               	rlcf	??_strtof^0,f,c
  3294   000DC0  90D8               	bcf	status,0,c
  3295   000DC2  362A               	rlcf	??_strtof^0,f,c
  3296   000DC4  C034  F02B         	movff	strtof@digit,??_strtof+1
  3297   000DC8  6A2C               	clrf	(??_strtof+2)^0,c
  3298   000DCA  6A2D               	clrf	(??_strtof+3)^0,c
  3299   000DCC  6A2E               	clrf	(??_strtof+4)^0,c
  3300   000DCE  2A2A               	incf	??_strtof^0,f,c
  3301   000DD0  EFEF  F006         	goto	u5470
  3302   000DD4                     u5475:
  3303   000DD4  90D8               	bcf	status,0,c
  3304   000DD6  362B               	rlcf	(??_strtof+1)^0,f,c
  3305   000DD8  362C               	rlcf	(??_strtof+2)^0,f,c
  3306   000DDA  362D               	rlcf	(??_strtof+3)^0,f,c
  3307   000DDC  362E               	rlcf	(??_strtof+4)^0,f,c
  3308   000DDE                     u5470:
  3309   000DDE  2E2A               	decfsz	??_strtof^0,f,c
  3310   000DE0  EFEA  F006         	goto	u5475
  3311   000DE4  502B               	movf	(??_strtof+1)^0,w,c
  3312   000DE6  123A               	iorwf	strtof@_u^0,f,c
  3313   000DE8  502C               	movf	(??_strtof+2)^0,w,c
  3314   000DEA  123B               	iorwf	(strtof@_u+1)^0,f,c
  3315   000DEC  502D               	movf	(??_strtof+3)^0,w,c
  3316   000DEE  123C               	iorwf	(strtof@_u+2)^0,f,c
  3317   000DF0  502E               	movf	(??_strtof+4)^0,w,c
  3318   000DF2  123D               	iorwf	(strtof@_u+3)^0,f,c
  3319   000DF4                     l4325:
  3320   000DF4  4A38               	infsnz	strtof@eexp^0,f,c
  3321   000DF6  2A39               	incf	(strtof@eexp+1)^0,f,c
  3322   000DF8  0E04               	movlw	4
  3323   000DFA  2636               	addwf	strtof@expon^0,f,c
  3324   000DFC  0E00               	movlw	0
  3325   000DFE  2237               	addwfc	(strtof@expon+1)^0,f,c
  3326   000E00  2A3E               	incf	strtof@i^0,f,c
  3327   000E02  EF50  F006         	goto	l4297
  3328   000E06                     l4331:
  3329   000E06  503E               	movf	strtof@i^0,w,c
  3330   000E08  2426               	addwf	strtof@s^0,w,c
  3331   000E0A  6ED9               	movwf	fsr2l,c
  3332   000E0C  0E00               	movlw	0
  3333   000E0E  2027               	addwfc	(strtof@s+1)^0,w,c
  3334   000E10  6EDA               	movwf	fsr2h,c
  3335   000E12  0E30               	movlw	48
  3336   000E14  18DE               	xorwf	postinc2,w,c
  3337   000E16  A4D8               	btfss	status,2,c
  3338   000E18  EF10  F007         	goto	u5481
  3339   000E1C  EF12  F007         	goto	u5480
  3340   000E20                     u5481:
  3341   000E20  EF21  F007         	goto	l4337
  3342   000E24                     u5480:
  3343   000E24  5038               	movf	strtof@eexp^0,w,c
  3344   000E26  1039               	iorwf	(strtof@eexp+1)^0,w,c
  3345   000E28  A4D8               	btfss	status,2,c
  3346   000E2A  EF19  F007         	goto	u5491
  3347   000E2E  EF1B  F007         	goto	u5490
  3348   000E32                     u5491:
  3349   000E32  EF21  F007         	goto	l4337
  3350   000E36                     u5490:
  3351   000E36  0EFC               	movlw	252
  3352   000E38  2636               	addwf	strtof@expon^0,f,c
  3353   000E3A  0EFF               	movlw	255
  3354   000E3C  2237               	addwfc	(strtof@expon+1)^0,f,c
  3355   000E3E  EFCA  F007         	goto	l4359
  3356   000E42                     l4337:
  3357   000E42  503E               	movf	strtof@i^0,w,c
  3358   000E44  2426               	addwf	strtof@s^0,w,c
  3359   000E46  6ED9               	movwf	fsr2l,c
  3360   000E48  0E00               	movlw	0
  3361   000E4A  2027               	addwfc	(strtof@s+1)^0,w,c
  3362   000E4C  6EDA               	movwf	fsr2h,c
  3363   000E4E  50DF               	movf	indf2,w,c
  3364   000E50  6E2A               	movwf	??_strtof^0,c
  3365   000E52  502A               	movf	??_strtof^0,w,c
  3366   000E54  6E01               	movwf	isxdigit@c^0,c
  3367   000E56  6A02               	clrf	(isxdigit@c+1)^0,c
  3368   000E58  EC03  F022         	call	_isxdigit	;wreg free
  3369   000E5C  5001               	movf	?_isxdigit^0,w,c
  3370   000E5E  1002               	iorwf	(?_isxdigit+1)^0,w,c
  3371   000E60  B4D8               	btfsc	status,2,c
  3372   000E62  EF35  F007         	goto	u5501
  3373   000E66  EF37  F007         	goto	u5500
  3374   000E6A                     u5501:
  3375   000E6A  EF9A  F007         	goto	l4353
  3376   000E6E                     u5500:
  3377   000E6E  6A34               	clrf	strtof@digit^0,c
  3378   000E70  503E               	movf	strtof@i^0,w,c
  3379   000E72  2426               	addwf	strtof@s^0,w,c
  3380   000E74  6ED9               	movwf	fsr2l,c
  3381   000E76  0E00               	movlw	0
  3382   000E78  2027               	addwfc	(strtof@s+1)^0,w,c
  3383   000E7A  6EDA               	movwf	fsr2h,c
  3384   000E7C  50DF               	movf	indf2,w,c
  3385   000E7E  6E2A               	movwf	??_strtof^0,c
  3386   000E80  502A               	movf	??_strtof^0,w,c
  3387   000E82  6E01               	movwf	isdigit@c^0,c
  3388   000E84  6A02               	clrf	(isdigit@c+1)^0,c
  3389   000E86  ECA4  F023         	call	_isdigit	;wreg free
  3390   000E8A  5001               	movf	?_isdigit^0,w,c
  3391   000E8C  1002               	iorwf	(?_isdigit+1)^0,w,c
  3392   000E8E  B4D8               	btfsc	status,2,c
  3393   000E90  EF4C  F007         	goto	u5511
  3394   000E94  EF4E  F007         	goto	u5510
  3395   000E98                     u5511:
  3396   000E98  EF59  F007         	goto	l4345
  3397   000E9C                     u5510:
  3398   000E9C  503E               	movf	strtof@i^0,w,c
  3399   000E9E  2426               	addwf	strtof@s^0,w,c
  3400   000EA0  6ED9               	movwf	fsr2l,c
  3401   000EA2  0E00               	movlw	0
  3402   000EA4  2027               	addwfc	(strtof@s+1)^0,w,c
  3403   000EA6  6EDA               	movwf	fsr2h,c
  3404   000EA8  50DF               	movf	indf2,w,c
  3405   000EAA  0FD0               	addlw	208
  3406   000EAC  6E34               	movwf	strtof@digit^0,c
  3407   000EAE  EF69  F007         	goto	l4347
  3408   000EB2                     l4345:
  3409   000EB2  503E               	movf	strtof@i^0,w,c
  3410   000EB4  2426               	addwf	strtof@s^0,w,c
  3411   000EB6  6ED9               	movwf	fsr2l,c
  3412   000EB8  0E00               	movlw	0
  3413   000EBA  2027               	addwfc	(strtof@s+1)^0,w,c
  3414   000EBC  6EDA               	movwf	fsr2h,c
  3415   000EBE  50DF               	movf	indf2,w,c
  3416   000EC0  6E2A               	movwf	??_strtof^0,c
  3417   000EC2  502A               	movf	??_strtof^0,w,c
  3418   000EC4  6E01               	movwf	toupper@c^0,c
  3419   000EC6  6A02               	clrf	(toupper@c+1)^0,c
  3420   000EC8  EC76  F023         	call	_toupper	;wreg free
  3421   000ECC  5001               	movf	?_toupper^0,w,c
  3422   000ECE  0FC9               	addlw	201
  3423   000ED0  6E34               	movwf	strtof@digit^0,c
  3424   000ED2                     l4347:
  3425   000ED2  BE39               	btfsc	(strtof@eexp+1)^0,7,c
  3426   000ED4  EF77  F007         	goto	u5520
  3427   000ED8  5039               	movf	(strtof@eexp+1)^0,w,c
  3428   000EDA  E107               	bnz	u5521
  3429   000EDC  0E08               	movlw	8
  3430   000EDE  5C38               	subwf	strtof@eexp^0,w,c
  3431   000EE0  B0D8               	btfsc	status,0,c
  3432   000EE2  EF75  F007         	goto	u5521
  3433   000EE6  EF77  F007         	goto	u5520
  3434   000EEA                     u5521:
  3435   000EEA  EF96  F007         	goto	l4351
  3436   000EEE                     u5520:
  3437   000EEE  5038               	movf	strtof@eexp^0,w,c
  3438   000EF0  0807               	sublw	7
  3439   000EF2  6E2A               	movwf	??_strtof^0,c
  3440   000EF4  90D8               	bcf	status,0,c
  3441   000EF6  362A               	rlcf	??_strtof^0,f,c
  3442   000EF8  90D8               	bcf	status,0,c
  3443   000EFA  362A               	rlcf	??_strtof^0,f,c
  3444   000EFC  C034  F02B         	movff	strtof@digit,??_strtof+1
  3445   000F00  6A2C               	clrf	(??_strtof+2)^0,c
  3446   000F02  6A2D               	clrf	(??_strtof+3)^0,c
  3447   000F04  6A2E               	clrf	(??_strtof+4)^0,c
  3448   000F06  2A2A               	incf	??_strtof^0,f,c
  3449   000F08  EF8B  F007         	goto	u5530
  3450   000F0C                     u5535:
  3451   000F0C  90D8               	bcf	status,0,c
  3452   000F0E  362B               	rlcf	(??_strtof+1)^0,f,c
  3453   000F10  362C               	rlcf	(??_strtof+2)^0,f,c
  3454   000F12  362D               	rlcf	(??_strtof+3)^0,f,c
  3455   000F14  362E               	rlcf	(??_strtof+4)^0,f,c
  3456   000F16                     u5530:
  3457   000F16  2E2A               	decfsz	??_strtof^0,f,c
  3458   000F18  EF86  F007         	goto	u5535
  3459   000F1C  502B               	movf	(??_strtof+1)^0,w,c
  3460   000F1E  123A               	iorwf	strtof@_u^0,f,c
  3461   000F20  502C               	movf	(??_strtof+2)^0,w,c
  3462   000F22  123B               	iorwf	(strtof@_u+1)^0,f,c
  3463   000F24  502D               	movf	(??_strtof+3)^0,w,c
  3464   000F26  123C               	iorwf	(strtof@_u+2)^0,f,c
  3465   000F28  502E               	movf	(??_strtof+4)^0,w,c
  3466   000F2A  123D               	iorwf	(strtof@_u+3)^0,f,c
  3467   000F2C                     l4351:
  3468   000F2C  4A38               	infsnz	strtof@eexp^0,f,c
  3469   000F2E  2A39               	incf	(strtof@eexp+1)^0,f,c
  3470   000F30  EFCA  F007         	goto	l4359
  3471   000F34                     l4353:
  3472   000F34  503E               	movf	strtof@i^0,w,c
  3473   000F36  6E2A               	movwf	??_strtof^0,c
  3474   000F38  6A2B               	clrf	(??_strtof+1)^0,c
  3475   000F3A  5033               	movf	strtof@dpos^0,w,c
  3476   000F3C  6E2C               	movwf	(??_strtof+2)^0,c
  3477   000F3E  6A2D               	clrf	(??_strtof+3)^0,c
  3478   000F40  0E01               	movlw	1
  3479   000F42  262C               	addwf	(??_strtof+2)^0,f,c
  3480   000F44  0E00               	movlw	0
  3481   000F46  222D               	addwfc	(??_strtof+3)^0,f,c
  3482   000F48  502A               	movf	??_strtof^0,w,c
  3483   000F4A  182C               	xorwf	(??_strtof+2)^0,w,c
  3484   000F4C  E107               	bnz	u5541
  3485   000F4E  502B               	movf	(??_strtof+1)^0,w,c
  3486   000F50  182D               	xorwf	(??_strtof+3)^0,w,c
  3487   000F52  A4D8               	btfss	status,2,c
  3488   000F54  EFAE  F007         	goto	u5541
  3489   000F58  EFB0  F007         	goto	u5540
  3490   000F5C                     u5541:
  3491   000F5C  EFD2  F007         	goto	l4363
  3492   000F60                     u5540:
  3493   000F60  5033               	movf	strtof@dpos^0,w,c
  3494   000F62  6E2A               	movwf	??_strtof^0,c
  3495   000F64  6A2B               	clrf	(??_strtof+1)^0,c
  3496   000F66  5032               	movf	strtof@xpos^0,w,c
  3497   000F68  6E2C               	movwf	(??_strtof+2)^0,c
  3498   000F6A  6A2D               	clrf	(??_strtof+3)^0,c
  3499   000F6C  0E01               	movlw	1
  3500   000F6E  262C               	addwf	(??_strtof+2)^0,f,c
  3501   000F70  0E00               	movlw	0
  3502   000F72  222D               	addwfc	(??_strtof+3)^0,f,c
  3503   000F74  502A               	movf	??_strtof^0,w,c
  3504   000F76  182C               	xorwf	(??_strtof+2)^0,w,c
  3505   000F78  E107               	bnz	u5551
  3506   000F7A  502B               	movf	(??_strtof+1)^0,w,c
  3507   000F7C  182D               	xorwf	(??_strtof+3)^0,w,c
  3508   000F7E  A4D8               	btfss	status,2,c
  3509   000F80  EFC4  F007         	goto	u5551
  3510   000F84  EFC6  F007         	goto	u5550
  3511   000F88                     u5551:
  3512   000F88  EFD2  F007         	goto	l4363
  3513   000F8C                     u5550:
  3514   000F8C  C032  F03E         	movff	strtof@xpos,strtof@i
  3515   000F90  EFAD  F008         	goto	l4417
  3516   000F94                     l4359:
  3517   000F94  2A3E               	incf	strtof@i^0,f,c
  3518   000F96                     l4361:
  3519   000F96  B835               	btfsc	strtof@flags^0,4,c
  3520   000F98  EFD0  F007         	goto	u5561
  3521   000F9C  EFD2  F007         	goto	u5560
  3522   000FA0                     u5561:
  3523   000FA0  EF03  F007         	goto	l4331
  3524   000FA4                     u5560:
  3525   000FA4                     l4363:
  3526   000FA4  503E               	movf	strtof@i^0,w,c
  3527   000FA6  2626               	addwf	strtof@s^0,f,c
  3528   000FA8  0E00               	movlw	0
  3529   000FAA  2227               	addwfc	(strtof@s+1)^0,f,c
  3530   000FAC  6A3E               	clrf	strtof@i^0,c
  3531   000FAE  C026  FFD9         	movff	strtof@s,fsr2l
  3532   000FB2  C027  FFDA         	movff	strtof@s+1,fsr2h
  3533   000FB6  0E70               	movlw	112
  3534   000FB8  18DE               	xorwf	postinc2,w,c
  3535   000FBA  B4D8               	btfsc	status,2,c
  3536   000FBC  EFE2  F007         	goto	u5571
  3537   000FC0  EFE4  F007         	goto	u5570
  3538   000FC4                     u5571:
  3539   000FC4  EFF3  F007         	goto	l4373
  3540   000FC8                     u5570:
  3541   000FC8  C026  FFD9         	movff	strtof@s,fsr2l
  3542   000FCC  C027  FFDA         	movff	strtof@s+1,fsr2h
  3543   000FD0  0E50               	movlw	80
  3544   000FD2  18DE               	xorwf	postinc2,w,c
  3545   000FD4  B4D8               	btfsc	status,2,c
  3546   000FD6  EFEF  F007         	goto	u5581
  3547   000FDA  EFF1  F007         	goto	u5580
  3548   000FDE                     u5581:
  3549   000FDE  EFF3  F007         	goto	l4373
  3550   000FE2                     u5580:
  3551   000FE2  EFAD  F008         	goto	l4417
  3552   000FE6                     l4373:
  3553   000FE6  2A3E               	incf	strtof@i^0,f,c
  3554   000FE8  EE20 F001          	lfsr	2,1
  3555   000FEC  5026               	movf	strtof@s^0,w,c
  3556   000FEE  26D9               	addwf	fsr2l,f,c
  3557   000FF0  5027               	movf	(strtof@s+1)^0,w,c
  3558   000FF2  22DA               	addwfc	fsr2h,f,c
  3559   000FF4  0E2B               	movlw	43
  3560   000FF6  18DE               	xorwf	postinc2,w,c
  3561   000FF8  A4D8               	btfss	status,2,c
  3562   000FFA  EF01  F008         	goto	u5591
  3563   000FFE  EF03  F008         	goto	u5590
  3564   001002                     u5591:
  3565   001002  EF06  F008         	goto	l4379
  3566   001006                     u5590:
  3567   001006  2A3E               	incf	strtof@i^0,f,c
  3568   001008  EF17  F008         	goto	l4383
  3569   00100C                     l4379:
  3570   00100C  EE20 F001          	lfsr	2,1
  3571   001010  5026               	movf	strtof@s^0,w,c
  3572   001012  26D9               	addwf	fsr2l,f,c
  3573   001014  5027               	movf	(strtof@s+1)^0,w,c
  3574   001016  22DA               	addwfc	fsr2h,f,c
  3575   001018  0E2D               	movlw	45
  3576   00101A  18DE               	xorwf	postinc2,w,c
  3577   00101C  A4D8               	btfss	status,2,c
  3578   00101E  EF13  F008         	goto	u5601
  3579   001022  EF15  F008         	goto	u5600
  3580   001026                     u5601:
  3581   001026  EF17  F008         	goto	l4383
  3582   00102A                     u5600:
  3583   00102A  8635               	bsf	strtof@flags^0,3,c
  3584   00102C  2A3E               	incf	strtof@i^0,f,c
  3585   00102E                     l4383:
  3586   00102E  503E               	movf	strtof@i^0,w,c
  3587   001030  2426               	addwf	strtof@s^0,w,c
  3588   001032  6ED9               	movwf	fsr2l,c
  3589   001034  0E00               	movlw	0
  3590   001036  2027               	addwfc	(strtof@s+1)^0,w,c
  3591   001038  6EDA               	movwf	fsr2h,c
  3592   00103A  50DF               	movf	indf2,w,c
  3593   00103C  6E2A               	movwf	??_strtof^0,c
  3594   00103E  502A               	movf	??_strtof^0,w,c
  3595   001040  6E01               	movwf	isdigit@c^0,c
  3596   001042  6A02               	clrf	(isdigit@c+1)^0,c
  3597   001044  ECA4  F023         	call	_isdigit	;wreg free
  3598   001048  5001               	movf	?_isdigit^0,w,c
  3599   00104A  1002               	iorwf	(?_isdigit+1)^0,w,c
  3600   00104C  A4D8               	btfss	status,2,c
  3601   00104E  EF2B  F008         	goto	u5611
  3602   001052  EF2D  F008         	goto	u5610
  3603   001056                     u5611:
  3604   001056  EF30  F008         	goto	l4387
  3605   00105A                     u5610:
  3606   00105A  6A3E               	clrf	strtof@i^0,c
  3607   00105C  EFAD  F008         	goto	l4417
  3608   001060                     l4387:
  3609   001060  503E               	movf	strtof@i^0,w,c
  3610   001062  2626               	addwf	strtof@s^0,f,c
  3611   001064  0E00               	movlw	0
  3612   001066  2227               	addwfc	(strtof@s+1)^0,f,c
  3613   001068  6A3E               	clrf	strtof@i^0,c
  3614   00106A  EF38  F008         	goto	l4393
  3615   00106E                     l4391:
  3616   00106E  2A3E               	incf	strtof@i^0,f,c
  3617   001070                     l4393:
  3618   001070  503E               	movf	strtof@i^0,w,c
  3619   001072  2426               	addwf	strtof@s^0,w,c
  3620   001074  6ED9               	movwf	fsr2l,c
  3621   001076  0E00               	movlw	0
  3622   001078  2027               	addwfc	(strtof@s+1)^0,w,c
  3623   00107A  6EDA               	movwf	fsr2h,c
  3624   00107C  0E30               	movlw	48
  3625   00107E  18DE               	xorwf	postinc2,w,c
  3626   001080  B4D8               	btfsc	status,2,c
  3627   001082  EF45  F008         	goto	u5621
  3628   001086  EF47  F008         	goto	u5620
  3629   00108A                     u5621:
  3630   00108A  EF37  F008         	goto	l4391
  3631   00108E                     u5620:
  3632   00108E  0E00               	movlw	0
  3633   001090  6E39               	movwf	(strtof@eexp+1)^0,c
  3634   001092  0E00               	movlw	0
  3635   001094  6E38               	movwf	strtof@eexp^0,c
  3636   001096  EF76  F008         	goto	l4405
  3637   00109A                     l4397:
  3638   00109A  503E               	movf	strtof@i^0,w,c
  3639   00109C  B4D8               	btfsc	status,2,c
  3640   00109E  EF53  F008         	goto	u5631
  3641   0010A2  EF55  F008         	goto	u5630
  3642   0010A6                     u5631:
  3643   0010A6  EF63  F008         	goto	l4401
  3644   0010AA                     u5630:
  3645   0010AA  C038  F001         	movff	strtof@eexp,___wmul@multiplier
  3646   0010AE  C039  F002         	movff	strtof@eexp+1,___wmul@multiplier+1
  3647   0010B2  0E00               	movlw	0
  3648   0010B4  6E04               	movwf	(___wmul@multiplicand+1)^0,c
  3649   0010B6  0E0A               	movlw	10
  3650   0010B8  6E03               	movwf	___wmul@multiplicand^0,c
  3651   0010BA  ECCF  F023         	call	___wmul	;wreg free
  3652   0010BE  C001  F038         	movff	?___wmul,strtof@eexp
  3653   0010C2  C002  F039         	movff	?___wmul+1,strtof@eexp+1
  3654   0010C6                     l4401:
  3655   0010C6  503E               	movf	strtof@i^0,w,c
  3656   0010C8  2426               	addwf	strtof@s^0,w,c
  3657   0010CA  6ED9               	movwf	fsr2l,c
  3658   0010CC  0E00               	movlw	0
  3659   0010CE  2027               	addwfc	(strtof@s+1)^0,w,c
  3660   0010D0  6EDA               	movwf	fsr2h,c
  3661   0010D2  50DF               	movf	indf2,w,c
  3662   0010D4  6E2A               	movwf	??_strtof^0,c
  3663   0010D6  0ED0               	movlw	208
  3664   0010D8  242A               	addwf	??_strtof^0,w,c
  3665   0010DA  6E2B               	movwf	(??_strtof+1)^0,c
  3666   0010DC  6A2C               	clrf	(??_strtof+2)^0,c
  3667   0010DE  0EFF               	movlw	255
  3668   0010E0  222C               	addwfc	(??_strtof+2)^0,f,c
  3669   0010E2  502B               	movf	(??_strtof+1)^0,w,c
  3670   0010E4  2638               	addwf	strtof@eexp^0,f,c
  3671   0010E6  502C               	movf	(??_strtof+2)^0,w,c
  3672   0010E8  2239               	addwfc	(strtof@eexp+1)^0,f,c
  3673   0010EA  2A3E               	incf	strtof@i^0,f,c
  3674   0010EC                     l4405:
  3675   0010EC  503E               	movf	strtof@i^0,w,c
  3676   0010EE  2426               	addwf	strtof@s^0,w,c
  3677   0010F0  6ED9               	movwf	fsr2l,c
  3678   0010F2  0E00               	movlw	0
  3679   0010F4  2027               	addwfc	(strtof@s+1)^0,w,c
  3680   0010F6  6EDA               	movwf	fsr2h,c
  3681   0010F8  50DF               	movf	indf2,w,c
  3682   0010FA  6E2A               	movwf	??_strtof^0,c
  3683   0010FC  502A               	movf	??_strtof^0,w,c
  3684   0010FE  6E01               	movwf	isdigit@c^0,c
  3685   001100  6A02               	clrf	(isdigit@c+1)^0,c
  3686   001102  ECA4  F023         	call	_isdigit	;wreg free
  3687   001106  5001               	movf	?_isdigit^0,w,c
  3688   001108  1002               	iorwf	(?_isdigit+1)^0,w,c
  3689   00110A  A4D8               	btfss	status,2,c
  3690   00110C  EF8A  F008         	goto	u5641
  3691   001110  EF8C  F008         	goto	u5640
  3692   001114                     u5641:
  3693   001114  EF4D  F008         	goto	l4397
  3694   001118                     u5640:
  3695   001118  503E               	movf	strtof@i^0,w,c
  3696   00111A  A4D8               	btfss	status,2,c
  3697   00111C  EF92  F008         	goto	u5651
  3698   001120  EF94  F008         	goto	u5650
  3699   001124                     u5651:
  3700   001124  EF9E  F008         	goto	l1145
  3701   001128                     u5650:
  3702   001128  0E00               	movlw	0
  3703   00112A  6E26               	movwf	?_strtof^0,c
  3704   00112C  0E00               	movlw	0
  3705   00112E  6E27               	movwf	(?_strtof+1)^0,c
  3706   001130  0E00               	movlw	0
  3707   001132  6E28               	movwf	(?_strtof+2)^0,c
  3708   001134  0E00               	movlw	0
  3709   001136  6E29               	movwf	(?_strtof+3)^0,c
  3710   001138  EF44  F00C         	goto	l1146
  3711   00113C                     l1145:
  3712   00113C  A635               	btfss	strtof@flags^0,3,c
  3713   00113E  EFA3  F008         	goto	u5661
  3714   001142  EFA5  F008         	goto	u5660
  3715   001146                     u5661:
  3716   001146  EFA9  F008         	goto	l4415
  3717   00114A                     u5660:
  3718   00114A  6C38               	negf	strtof@eexp^0,c
  3719   00114C  1E39               	comf	(strtof@eexp+1)^0,f,c
  3720   00114E  B0D8               	btfsc	status,0,c
  3721   001150  2A39               	incf	(strtof@eexp+1)^0,f,c
  3722   001152                     l4415:
  3723   001152  5038               	movf	strtof@eexp^0,w,c
  3724   001154  2636               	addwf	strtof@expon^0,f,c
  3725   001156  5039               	movf	(strtof@eexp+1)^0,w,c
  3726   001158  2237               	addwfc	(strtof@expon+1)^0,f,c
  3727   00115A                     l4417:
  3728   00115A  5028               	movf	strtof@res^0,w,c
  3729   00115C  1029               	iorwf	(strtof@res+1)^0,w,c
  3730   00115E  B4D8               	btfsc	status,2,c
  3731   001160  EFB4  F008         	goto	u5671
  3732   001164  EFB6  F008         	goto	u5670
  3733   001168                     u5671:
  3734   001168  EFC4  F008         	goto	l4421
  3735   00116C                     u5670:
  3736   00116C  503E               	movf	strtof@i^0,w,c
  3737   00116E  2426               	addwf	strtof@s^0,w,c
  3738   001170  6E2A               	movwf	??_strtof^0,c
  3739   001172  0E00               	movlw	0
  3740   001174  2027               	addwfc	(strtof@s+1)^0,w,c
  3741   001176  6E2B               	movwf	(??_strtof+1)^0,c
  3742   001178  C028  FFD9         	movff	strtof@res,fsr2l
  3743   00117C  C029  FFDA         	movff	strtof@res+1,fsr2h
  3744   001180  C02A  FFDE         	movff	??_strtof,postinc2
  3745   001184  C02B  FFDD         	movff	??_strtof+1,postdec2
  3746   001188                     l4421:
  3747   001188  503A               	movf	strtof@_u^0,w,c
  3748   00118A  103B               	iorwf	(strtof@_u+1)^0,w,c
  3749   00118C  103C               	iorwf	(strtof@_u+2)^0,w,c
  3750   00118E  103D               	iorwf	(strtof@_u+3)^0,w,c
  3751   001190  A4D8               	btfss	status,2,c
  3752   001192  EFCD  F008         	goto	u5681
  3753   001196  EFCF  F008         	goto	u5680
  3754   00119A                     u5681:
  3755   00119A  EFD9  F008         	goto	l4427
  3756   00119E                     u5680:
  3757   00119E  0E00               	movlw	0
  3758   0011A0  6E26               	movwf	?_strtof^0,c
  3759   0011A2  0E00               	movlw	0
  3760   0011A4  6E27               	movwf	(?_strtof+1)^0,c
  3761   0011A6  0E00               	movlw	0
  3762   0011A8  6E28               	movwf	(?_strtof+2)^0,c
  3763   0011AA  0E00               	movlw	0
  3764   0011AC  6E29               	movwf	(?_strtof+3)^0,c
  3765   0011AE  EF44  F00C         	goto	l1146
  3766   0011B2                     l4427:
  3767   0011B2  0EFF               	movlw	255
  3768   0011B4  143A               	andwf	strtof@_u^0,w,c
  3769   0011B6  6E2A               	movwf	??_strtof^0,c
  3770   0011B8  0E00               	movlw	0
  3771   0011BA  143B               	andwf	(strtof@_u+1)^0,w,c
  3772   0011BC  6E2B               	movwf	(??_strtof+1)^0,c
  3773   0011BE  0E00               	movlw	0
  3774   0011C0  143C               	andwf	(strtof@_u+2)^0,w,c
  3775   0011C2  6E2C               	movwf	(??_strtof+2)^0,c
  3776   0011C4  0E00               	movlw	0
  3777   0011C6  143D               	andwf	(strtof@_u+3)^0,w,c
  3778   0011C8  6E2D               	movwf	(??_strtof+3)^0,c
  3779   0011CA  502D               	movf	(??_strtof+3)^0,w,c
  3780   0011CC  102C               	iorwf	(??_strtof+2)^0,w,c
  3781   0011CE  102B               	iorwf	(??_strtof+1)^0,w,c
  3782   0011D0  E109               	bnz	u5690
  3783   0011D2  0E81               	movlw	129
  3784   0011D4  5C2A               	subwf	??_strtof^0,w,c
  3785   0011D6  A0D8               	btfss	status,0,c
  3786   0011D8  EFF0  F008         	goto	u5691
  3787   0011DC  EFF2  F008         	goto	u5690
  3788   0011E0                     u5691:
  3789   0011E0  EF04  F009         	goto	l4433
  3790   0011E4                     u5690:
  3791   0011E4  0E00               	movlw	0
  3792   0011E6  263A               	addwf	strtof@_u^0,f,c
  3793   0011E8  0E01               	movlw	1
  3794   0011EA  223B               	addwfc	(strtof@_u+1)^0,f,c
  3795   0011EC  0E00               	movlw	0
  3796   0011EE  223C               	addwfc	(strtof@_u+2)^0,f,c
  3797   0011F0  0E00               	movlw	0
  3798   0011F2  223D               	addwfc	(strtof@_u+3)^0,f,c
  3799   0011F4  EF04  F009         	goto	l4433
  3800   0011F8                     l4431:
  3801   0011F8  90D8               	bcf	status,0,c
  3802   0011FA  363A               	rlcf	strtof@_u^0,f,c
  3803   0011FC  363B               	rlcf	(strtof@_u+1)^0,f,c
  3804   0011FE  363C               	rlcf	(strtof@_u+2)^0,f,c
  3805   001200  363D               	rlcf	(strtof@_u+3)^0,f,c
  3806   001202  0636               	decf	strtof@expon^0,f,c
  3807   001204  A0D8               	btfss	status,0,c
  3808   001206  0637               	decf	(strtof@expon+1)^0,f,c
  3809   001208                     l4433:
  3810   001208  AE3D               	btfss	(strtof@_u+3)^0,7,c
  3811   00120A  EF09  F009         	goto	u5701
  3812   00120E  EF0B  F009         	goto	u5700
  3813   001212                     u5701:
  3814   001212  EFFC  F008         	goto	l4431
  3815   001216                     u5700:
  3816   001216  AE37               	btfss	(strtof@expon+1)^0,7,c
  3817   001218  EF17  F009         	goto	u5711
  3818   00121C  0E83               	movlw	131
  3819   00121E  5C36               	subwf	strtof@expon^0,w,c
  3820   001220  0EFF               	movlw	255
  3821   001222  5837               	subwfb	(strtof@expon+1)^0,w,c
  3822   001224  B0D8               	btfsc	status,0,c
  3823   001226  EF17  F009         	goto	u5711
  3824   00122A  EF19  F009         	goto	u5710
  3825   00122E                     u5711:
  3826   00122E  EF25  F009         	goto	l4439
  3827   001232                     u5710:
  3828   001232  0EFF               	movlw	255
  3829   001234  6E37               	movwf	(strtof@expon+1)^0,c
  3830   001236  0E81               	movlw	129
  3831   001238  6E36               	movwf	strtof@expon^0,c
  3832   00123A  0E00               	movlw	0
  3833   00123C  6E3A               	movwf	strtof@_u^0,c
  3834   00123E  0E00               	movlw	0
  3835   001240  6E3B               	movwf	(strtof@_u+1)^0,c
  3836   001242  0E00               	movlw	0
  3837   001244  6E3C               	movwf	(strtof@_u+2)^0,c
  3838   001246  0E00               	movlw	0
  3839   001248  6E3D               	movwf	(strtof@_u+3)^0,c
  3840   00124A                     l4439:
  3841   00124A  0E81               	movlw	129
  3842   00124C  1836               	xorwf	strtof@expon^0,w,c
  3843   00124E  E108               	bnz	u5720
  3844   001250  2837               	incf	(strtof@expon+1)^0,w,c
  3845   001252  B4D8               	btfsc	status,2,c
  3846   001254  EF2E  F009         	goto	u5721
  3847   001258  EF30  F009         	goto	u5720
  3848   00125C                     u5721:
  3849   00125C  EF38  F009         	goto	l4443
  3850   001260                     u5720:
  3851   001260  90D8               	bcf	status,0,c
  3852   001262  363A               	rlcf	strtof@_u^0,f,c
  3853   001264  363B               	rlcf	(strtof@_u+1)^0,f,c
  3854   001266  363C               	rlcf	(strtof@_u+2)^0,f,c
  3855   001268  363D               	rlcf	(strtof@_u+3)^0,f,c
  3856   00126A  0636               	decf	strtof@expon^0,f,c
  3857   00126C  A0D8               	btfss	status,0,c
  3858   00126E  0637               	decf	(strtof@expon+1)^0,f,c
  3859   001270                     l4443:
  3860   001270  BE37               	btfsc	(strtof@expon+1)^0,7,c
  3861   001272  EF44  F009         	goto	u5731
  3862   001276  5037               	movf	(strtof@expon+1)^0,w,c
  3863   001278  E109               	bnz	u5730
  3864   00127A  0E80               	movlw	128
  3865   00127C  5C36               	subwf	strtof@expon^0,w,c
  3866   00127E  A0D8               	btfss	status,0,c
  3867   001280  EF44  F009         	goto	u5731
  3868   001284  EF46  F009         	goto	u5730
  3869   001288                     u5731:
  3870   001288  EF58  F009         	goto	l4447
  3871   00128C                     u5730:
  3872   00128C  0E00               	movlw	0
  3873   00128E  6E3A               	movwf	strtof@_u^0,c
  3874   001290  0E00               	movlw	0
  3875   001292  6E3B               	movwf	(strtof@_u+1)^0,c
  3876   001294  0E00               	movlw	0
  3877   001296  6E3C               	movwf	(strtof@_u+2)^0,c
  3878   001298  0E00               	movlw	0
  3879   00129A  6E3D               	movwf	(strtof@_u+3)^0,c
  3880   00129C  0E00               	movlw	0
  3881   00129E  6E37               	movwf	(strtof@expon+1)^0,c
  3882   0012A0  0E80               	movlw	128
  3883   0012A2  6E36               	movwf	strtof@expon^0,c
  3884   0012A4  0E00               	movlw	0
  3885   0012A6  6E31               	movwf	(strtof@err+1)^0,c
  3886   0012A8  0E22               	movlw	34
  3887   0012AA  6E30               	movwf	strtof@err^0,c
  3888   0012AC  EF0E  F00C         	goto	l4571
  3889   0012B0                     l4447:
  3890   0012B0  0E09               	movlw	9
  3891   0012B2  6E2A               	movwf	??_strtof^0,c
  3892   0012B4                     u5745:
  3893   0012B4  90D8               	bcf	status,0,c
  3894   0012B6  323D               	rrcf	(strtof@_u+3)^0,f,c
  3895   0012B8  323C               	rrcf	(strtof@_u+2)^0,f,c
  3896   0012BA  323B               	rrcf	(strtof@_u+1)^0,f,c
  3897   0012BC  323A               	rrcf	strtof@_u^0,f,c
  3898   0012BE  2E2A               	decfsz	??_strtof^0,f,c
  3899   0012C0  EF5A  F009         	goto	u5745
  3900   0012C4  0EFF               	movlw	255
  3901   0012C6  163A               	andwf	strtof@_u^0,f,c
  3902   0012C8  0EFF               	movlw	255
  3903   0012CA  163B               	andwf	(strtof@_u+1)^0,f,c
  3904   0012CC  0E7F               	movlw	127
  3905   0012CE  163C               	andwf	(strtof@_u+2)^0,f,c
  3906   0012D0  0E00               	movlw	0
  3907   0012D2  163D               	andwf	(strtof@_u+3)^0,f,c
  3908   0012D4  0E7F               	movlw	127
  3909   0012D6  2436               	addwf	strtof@expon^0,w,c
  3910   0012D8  6E2A               	movwf	??_strtof^0,c
  3911   0012DA  0E00               	movlw	0
  3912   0012DC  2037               	addwfc	(strtof@expon+1)^0,w,c
  3913   0012DE  6E2B               	movwf	(??_strtof+1)^0,c
  3914   0012E0  0EFF               	movlw	255
  3915   0012E2  142A               	andwf	??_strtof^0,w,c
  3916   0012E4  6E2C               	movwf	(??_strtof+2)^0,c
  3917   0012E6  6A2D               	clrf	(??_strtof+3)^0,c
  3918   0012E8  6A2E               	clrf	(??_strtof+4)^0,c
  3919   0012EA  6A2F               	clrf	(??_strtof+5)^0,c
  3920   0012EC  0E17               	movlw	23
  3921   0012EE                     u5755:
  3922   0012EE  90D8               	bcf	status,0,c
  3923   0012F0  362C               	rlcf	(??_strtof+2)^0,f,c
  3924   0012F2  362D               	rlcf	(??_strtof+3)^0,f,c
  3925   0012F4  362E               	rlcf	(??_strtof+4)^0,f,c
  3926   0012F6  362F               	rlcf	(??_strtof+5)^0,f,c
  3927   0012F8  2EE8               	decfsz	wreg,f,c
  3928   0012FA  EF77  F009         	goto	u5755
  3929   0012FE  502C               	movf	(??_strtof+2)^0,w,c
  3930   001300  123A               	iorwf	strtof@_u^0,f,c
  3931   001302  502D               	movf	(??_strtof+3)^0,w,c
  3932   001304  123B               	iorwf	(strtof@_u+1)^0,f,c
  3933   001306  502E               	movf	(??_strtof+4)^0,w,c
  3934   001308  123C               	iorwf	(strtof@_u+2)^0,f,c
  3935   00130A  502F               	movf	(??_strtof+5)^0,w,c
  3936   00130C  123D               	iorwf	(strtof@_u+3)^0,f,c
  3937   00130E  EF0E  F00C         	goto	l4571
  3938   001312                     l1157:
  3939   001312  B835               	btfsc	strtof@flags^0,4,c
  3940   001314  EF8E  F009         	goto	u5761
  3941   001318  EF90  F009         	goto	u5760
  3942   00131C                     u5761:
  3943   00131C  EFA2  F009         	goto	l4453
  3944   001320                     u5760:
  3945   001320  C026  FFD9         	movff	strtof@s,fsr2l
  3946   001324  C027  FFDA         	movff	strtof@s+1,fsr2h
  3947   001328  0E2E               	movlw	46
  3948   00132A  18DE               	xorwf	postinc2,w,c
  3949   00132C  A4D8               	btfss	status,2,c
  3950   00132E  EF9B  F009         	goto	u5771
  3951   001332  EF9D  F009         	goto	u5770
  3952   001336                     u5771:
  3953   001336  EFA2  F009         	goto	l4453
  3954   00133A                     u5770:
  3955   00133A  8835               	bsf	strtof@flags^0,4,c
  3956   00133C  4A26               	infsnz	strtof@s^0,f,c
  3957   00133E  2A27               	incf	(strtof@s+1)^0,f,c
  3958   001340  EF89  F009         	goto	l1157
  3959   001344                     l4453:
  3960   001344  C026  FFD9         	movff	strtof@s,fsr2l
  3961   001348  C027  FFDA         	movff	strtof@s+1,fsr2h
  3962   00134C  50DF               	movf	indf2,w,c
  3963   00134E  6E2A               	movwf	??_strtof^0,c
  3964   001350  502A               	movf	??_strtof^0,w,c
  3965   001352  6E01               	movwf	isdigit@c^0,c
  3966   001354  6A02               	clrf	(isdigit@c+1)^0,c
  3967   001356  ECA4  F023         	call	_isdigit	;wreg free
  3968   00135A  5001               	movf	?_isdigit^0,w,c
  3969   00135C  1002               	iorwf	(?_isdigit+1)^0,w,c
  3970   00135E  A4D8               	btfss	status,2,c
  3971   001360  EFB4  F009         	goto	u5781
  3972   001364  EFB6  F009         	goto	u5780
  3973   001368                     u5781:
  3974   001368  EFB8  F009         	goto	l4457
  3975   00136C                     u5780:
  3976   00136C  EF06  F00A         	goto	l4471
  3977   001370                     l4457:
  3978   001370  8235               	bsf	strtof@flags^0,1,c
  3979   001372  0E09               	movlw	9
  3980   001374  1838               	xorwf	strtof@eexp^0,w,c
  3981   001376  1039               	iorwf	(strtof@eexp+1)^0,w,c
  3982   001378  B4D8               	btfsc	status,2,c
  3983   00137A  EFC1  F009         	goto	u5791
  3984   00137E  EFC3  F009         	goto	u5790
  3985   001382                     u5791:
  3986   001382  EFF9  F009         	goto	l1162
  3987   001386                     u5790:
  3988   001386  A835               	btfss	strtof@flags^0,4,c
  3989   001388  EFC8  F009         	goto	u5801
  3990   00138C  EFCA  F009         	goto	u5800
  3991   001390                     u5801:
  3992   001390  EFCD  F009         	goto	l1163
  3993   001394                     u5800:
  3994   001394  0636               	decf	strtof@expon^0,f,c
  3995   001396  A0D8               	btfss	status,0,c
  3996   001398  0637               	decf	(strtof@expon+1)^0,f,c
  3997   00139A                     l1163:
  3998   00139A  4A38               	infsnz	strtof@eexp^0,f,c
  3999   00139C  2A39               	incf	(strtof@eexp+1)^0,f,c
  4000   00139E  C03A  F001         	movff	strtof@_u,___lmul@multiplier
  4001   0013A2  C03B  F002         	movff	strtof@_u+1,___lmul@multiplier+1
  4002   0013A6  C03C  F003         	movff	strtof@_u+2,___lmul@multiplier+2
  4003   0013AA  C03D  F004         	movff	strtof@_u+3,___lmul@multiplier+3
  4004   0013AE  0E0A               	movlw	10
  4005   0013B0  6E05               	movwf	___lmul@multiplicand^0,c
  4006   0013B2  0E00               	movlw	0
  4007   0013B4  6E06               	movwf	(___lmul@multiplicand+1)^0,c
  4008   0013B6  0E00               	movlw	0
  4009   0013B8  6E07               	movwf	(___lmul@multiplicand+2)^0,c
  4010   0013BA  0E00               	movlw	0
  4011   0013BC  6E08               	movwf	(___lmul@multiplicand+3)^0,c
  4012   0013BE  EC4E  F020         	call	___lmul	;wreg free
  4013   0013C2  C001  F03A         	movff	?___lmul,strtof@_u
  4014   0013C6  C002  F03B         	movff	?___lmul+1,strtof@_u+1
  4015   0013CA  C003  F03C         	movff	?___lmul+2,strtof@_u+2
  4016   0013CE  C004  F03D         	movff	?___lmul+3,strtof@_u+3
  4017   0013D2  C026  FFD9         	movff	strtof@s,fsr2l
  4018   0013D6  C027  FFDA         	movff	strtof@s+1,fsr2h
  4019   0013DA  50DF               	movf	indf2,w,c
  4020   0013DC  6E2A               	movwf	??_strtof^0,c
  4021   0013DE  0ED0               	movlw	208
  4022   0013E0  262A               	addwf	??_strtof^0,f,c
  4023   0013E2  502A               	movf	??_strtof^0,w,c
  4024   0013E4  263A               	addwf	strtof@_u^0,f,c
  4025   0013E6  0E00               	movlw	0
  4026   0013E8  223B               	addwfc	(strtof@_u+1)^0,f,c
  4027   0013EA  223C               	addwfc	(strtof@_u+2)^0,f,c
  4028   0013EC  223D               	addwfc	(strtof@_u+3)^0,f,c
  4029   0013EE  EF02  F00A         	goto	l1164
  4030   0013F2                     l1162:
  4031   0013F2  B835               	btfsc	strtof@flags^0,4,c
  4032   0013F4  EFFE  F009         	goto	u5811
  4033   0013F8  EF00  F00A         	goto	u5810
  4034   0013FC                     u5811:
  4035   0013FC  EF02  F00A         	goto	l1164
  4036   001400                     u5810:
  4037   001400  4A36               	infsnz	strtof@expon^0,f,c
  4038   001402  2A37               	incf	(strtof@expon+1)^0,f,c
  4039   001404                     l1164:
  4040   001404  4A26               	infsnz	strtof@s^0,f,c
  4041   001406  2A27               	incf	(strtof@s+1)^0,f,c
  4042   001408  EF89  F009         	goto	l1157
  4043   00140C                     l4471:
  4044   00140C  0E00               	movlw	0
  4045   00140E  6E39               	movwf	(strtof@eexp+1)^0,c
  4046   001410  0E00               	movlw	0
  4047   001412  6E38               	movwf	strtof@eexp^0,c
  4048   001414  C026  FFD9         	movff	strtof@s,fsr2l
  4049   001418  C027  FFDA         	movff	strtof@s+1,fsr2h
  4050   00141C  0E65               	movlw	101
  4051   00141E  18DE               	xorwf	postinc2,w,c
  4052   001420  B4D8               	btfsc	status,2,c
  4053   001422  EF15  F00A         	goto	u5821
  4054   001426  EF17  F00A         	goto	u5820
  4055   00142A                     u5821:
  4056   00142A  EF24  F00A         	goto	l4477
  4057   00142E                     u5820:
  4058   00142E  C026  FFD9         	movff	strtof@s,fsr2l
  4059   001432  C027  FFDA         	movff	strtof@s+1,fsr2h
  4060   001436  0E45               	movlw	69
  4061   001438  18DE               	xorwf	postinc2,w,c
  4062   00143A  A4D8               	btfss	status,2,c
  4063   00143C  EF22  F00A         	goto	u5831
  4064   001440  EF24  F00A         	goto	u5830
  4065   001444                     u5831:
  4066   001444  EFAA  F00A         	goto	l4507
  4067   001448                     u5830:
  4068   001448                     l4477:
  4069   001448  4A26               	infsnz	strtof@s^0,f,c
  4070   00144A  2A27               	incf	(strtof@s+1)^0,f,c
  4071   00144C  C026  FFD9         	movff	strtof@s,fsr2l
  4072   001450  C027  FFDA         	movff	strtof@s+1,fsr2h
  4073   001454  0E2D               	movlw	45
  4074   001456  18DE               	xorwf	postinc2,w,c
  4075   001458  A4D8               	btfss	status,2,c
  4076   00145A  EF31  F00A         	goto	u5841
  4077   00145E  EF33  F00A         	goto	u5840
  4078   001462                     u5841:
  4079   001462  EF38  F00A         	goto	l4481
  4080   001466                     u5840:
  4081   001466  8635               	bsf	strtof@flags^0,3,c
  4082   001468  4A26               	infsnz	strtof@s^0,f,c
  4083   00146A  2A27               	incf	(strtof@s+1)^0,f,c
  4084   00146C  EF47  F00A         	goto	l4487
  4085   001470                     l4481:
  4086   001470  C026  FFD9         	movff	strtof@s,fsr2l
  4087   001474  C027  FFDA         	movff	strtof@s+1,fsr2h
  4088   001478  0E2B               	movlw	43
  4089   00147A  18DE               	xorwf	postinc2,w,c
  4090   00147C  A4D8               	btfss	status,2,c
  4091   00147E  EF43  F00A         	goto	u5851
  4092   001482  EF45  F00A         	goto	u5850
  4093   001486                     u5851:
  4094   001486  EF47  F00A         	goto	l4487
  4095   00148A                     u5850:
  4096   00148A                     l4483:
  4097   00148A  4A26               	infsnz	strtof@s^0,f,c
  4098   00148C  2A27               	incf	(strtof@s+1)^0,f,c
  4099   00148E                     l4487:
  4100   00148E  C026  FFD9         	movff	strtof@s,fsr2l
  4101   001492  C027  FFDA         	movff	strtof@s+1,fsr2h
  4102   001496  0E30               	movlw	48
  4103   001498  18DE               	xorwf	postinc2,w,c
  4104   00149A  B4D8               	btfsc	status,2,c
  4105   00149C  EF52  F00A         	goto	u5861
  4106   0014A0  EF54  F00A         	goto	u5860
  4107   0014A4                     u5861:
  4108   0014A4  EF45  F00A         	goto	l4483
  4109   0014A8                     u5860:
  4110   0014A8  6A34               	clrf	strtof@digit^0,c
  4111   0014AA  EF71  F00A         	goto	l4495
  4112   0014AE                     l4489:
  4113   0014AE  C026  FFD9         	movff	strtof@s,fsr2l
  4114   0014B2  C027  FFDA         	movff	strtof@s+1,fsr2h
  4115   0014B6  50DF               	movf	indf2,w,c
  4116   0014B8  6E2A               	movwf	??_strtof^0,c
  4117   0014BA  0ED0               	movlw	208
  4118   0014BC  262A               	addwf	??_strtof^0,f,c
  4119   0014BE  0E0A               	movlw	10
  4120   0014C0  0238               	mulwf	strtof@eexp^0,c
  4121   0014C2  CFF3 F02B          	movff	prodl,??_strtof+1
  4122   0014C6  CFF4 F02C          	movff	prodh,??_strtof+2
  4123   0014CA  0239               	mulwf	(strtof@eexp+1)^0,c
  4124   0014CC  50F3               	movf	prodl,w,c
  4125   0014CE  262C               	addwf	(??_strtof+2)^0,f,c
  4126   0014D0  502A               	movf	??_strtof^0,w,c
  4127   0014D2  242B               	addwf	(??_strtof+1)^0,w,c
  4128   0014D4  6E38               	movwf	strtof@eexp^0,c
  4129   0014D6  0E00               	movlw	0
  4130   0014D8  202C               	addwfc	(??_strtof+2)^0,w,c
  4131   0014DA  6E39               	movwf	(strtof@eexp+1)^0,c
  4132   0014DC  4A26               	infsnz	strtof@s^0,f,c
  4133   0014DE  2A27               	incf	(strtof@s+1)^0,f,c
  4134   0014E0  2A34               	incf	strtof@digit^0,f,c
  4135   0014E2                     l4495:
  4136   0014E2  C026  FFD9         	movff	strtof@s,fsr2l
  4137   0014E6  C027  FFDA         	movff	strtof@s+1,fsr2h
  4138   0014EA  50DF               	movf	indf2,w,c
  4139   0014EC  6E2A               	movwf	??_strtof^0,c
  4140   0014EE  502A               	movf	??_strtof^0,w,c
  4141   0014F0  6E01               	movwf	isdigit@c^0,c
  4142   0014F2  6A02               	clrf	(isdigit@c+1)^0,c
  4143   0014F4  ECA4  F023         	call	_isdigit	;wreg free
  4144   0014F8  5001               	movf	?_isdigit^0,w,c
  4145   0014FA  1002               	iorwf	(?_isdigit+1)^0,w,c
  4146   0014FC  A4D8               	btfss	status,2,c
  4147   0014FE  EF83  F00A         	goto	u5871
  4148   001502  EF85  F00A         	goto	u5870
  4149   001506                     u5871:
  4150   001506  EF57  F00A         	goto	l4489
  4151   00150A                     u5870:
  4152   00150A  5034               	movf	strtof@digit^0,w,c
  4153   00150C  A4D8               	btfss	status,2,c
  4154   00150E  EF8B  F00A         	goto	u5881
  4155   001512  EF8D  F00A         	goto	u5880
  4156   001516                     u5881:
  4157   001516  EF9F  F00A         	goto	l4503
  4158   00151A                     u5880:
  4159   00151A  EE2F F0FF          	lfsr	2,-1
  4160   00151E  5026               	movf	strtof@s^0,w,c
  4161   001520  26D9               	addwf	fsr2l,f,c
  4162   001522  5027               	movf	(strtof@s+1)^0,w,c
  4163   001524  22DA               	addwfc	fsr2h,f,c
  4164   001526  0E30               	movlw	48
  4165   001528  18DE               	xorwf	postinc2,w,c
  4166   00152A  B4D8               	btfsc	status,2,c
  4167   00152C  EF9A  F00A         	goto	u5891
  4168   001530  EF9C  F00A         	goto	u5890
  4169   001534                     u5891:
  4170   001534  EF9F  F00A         	goto	l4503
  4171   001538                     u5890:
  4172   001538  0626               	decf	strtof@s^0,f,c
  4173   00153A  A0D8               	btfss	status,0,c
  4174   00153C  0627               	decf	(strtof@s+1)^0,f,c
  4175   00153E                     l4503:
  4176   00153E  A635               	btfss	strtof@flags^0,3,c
  4177   001540  EFA4  F00A         	goto	u5901
  4178   001544  EFA6  F00A         	goto	u5900
  4179   001548                     u5901:
  4180   001548  EFAA  F00A         	goto	l4507
  4181   00154C                     u5900:
  4182   00154C  6C38               	negf	strtof@eexp^0,c
  4183   00154E  1E39               	comf	(strtof@eexp+1)^0,f,c
  4184   001550  B0D8               	btfsc	status,0,c
  4185   001552  2A39               	incf	(strtof@eexp+1)^0,f,c
  4186   001554                     l4507:
  4187   001554  5038               	movf	strtof@eexp^0,w,c
  4188   001556  2636               	addwf	strtof@expon^0,f,c
  4189   001558  5039               	movf	(strtof@eexp+1)^0,w,c
  4190   00155A  2237               	addwfc	(strtof@expon+1)^0,f,c
  4191   00155C  5028               	movf	strtof@res^0,w,c
  4192   00155E  1029               	iorwf	(strtof@res+1)^0,w,c
  4193   001560  B4D8               	btfsc	status,2,c
  4194   001562  EFB5  F00A         	goto	u5911
  4195   001566  EFB7  F00A         	goto	u5910
  4196   00156A                     u5911:
  4197   00156A  EFC6  F00A         	goto	l4515
  4198   00156E                     u5910:
  4199   00156E  A235               	btfss	strtof@flags^0,1,c
  4200   001570  EFBC  F00A         	goto	u5921
  4201   001574  EFBE  F00A         	goto	u5920
  4202   001578                     u5921:
  4203   001578  EFC6  F00A         	goto	l4515
  4204   00157C                     u5920:
  4205   00157C  C028  FFD9         	movff	strtof@res,fsr2l
  4206   001580  C029  FFDA         	movff	strtof@res+1,fsr2h
  4207   001584  C026  FFDE         	movff	strtof@s,postinc2
  4208   001588  C027  FFDD         	movff	strtof@s+1,postdec2
  4209   00158C                     l4515:
  4210   00158C  C03A  F001         	movff	strtof@_u,___xxtofl@val
  4211   001590  C03B  F002         	movff	strtof@_u+1,___xxtofl@val+1
  4212   001594  C03C  F003         	movff	strtof@_u+2,___xxtofl@val+2
  4213   001598  C03D  F004         	movff	strtof@_u+3,___xxtofl@val+3
  4214   00159C  0E00               	movlw	0
  4215   00159E  ECD7  F01A         	call	___xxtofl
  4216   0015A2  C001  F03A         	movff	?___xxtofl,strtof@_u
  4217   0015A6  C002  F03B         	movff	?___xxtofl+1,strtof@_u+1
  4218   0015AA  C003  F03C         	movff	?___xxtofl+2,strtof@_u+2
  4219   0015AE  C004  F03D         	movff	?___xxtofl+3,strtof@_u+3
  4220   0015B2  C03A  F001         	movff	strtof@_u,___fleq@ff1
  4221   0015B6  C03B  F002         	movff	strtof@_u+1,___fleq@ff1+1
  4222   0015BA  C03C  F003         	movff	strtof@_u+2,___fleq@ff1+2
  4223   0015BE  C03D  F004         	movff	strtof@_u+3,___fleq@ff1+3
  4224   0015C2  0E00               	movlw	0
  4225   0015C4  6E05               	movwf	___fleq@ff2^0,c
  4226   0015C6  0E00               	movlw	0
  4227   0015C8  6E06               	movwf	(___fleq@ff2+1)^0,c
  4228   0015CA  0E00               	movlw	0
  4229   0015CC  6E07               	movwf	(___fleq@ff2+2)^0,c
  4230   0015CE  0E00               	movlw	0
  4231   0015D0  6E08               	movwf	(___fleq@ff2+3)^0,c
  4232   0015D2  EC66  F01F         	call	___fleq	;wreg free
  4233   0015D6  A0D8               	btfss	status,0,c
  4234   0015D8  EFF0  F00A         	goto	u5931
  4235   0015DC  EFF2  F00A         	goto	u5930
  4236   0015E0                     u5931:
  4237   0015E0  EFFC  F00A         	goto	l4523
  4238   0015E4                     u5930:
  4239   0015E4  0E00               	movlw	0
  4240   0015E6  6E26               	movwf	?_strtof^0,c
  4241   0015E8  0E00               	movlw	0
  4242   0015EA  6E27               	movwf	(?_strtof+1)^0,c
  4243   0015EC  0E00               	movlw	0
  4244   0015EE  6E28               	movwf	(?_strtof+2)^0,c
  4245   0015F0  0E00               	movlw	0
  4246   0015F2  6E29               	movwf	(?_strtof+3)^0,c
  4247   0015F4  EF44  F00C         	goto	l1146
  4248   0015F8                     l4523:
  4249   0015F8  BE37               	btfsc	(strtof@expon+1)^0,7,c
  4250   0015FA  EF03  F00B         	goto	u5940
  4251   0015FE  EF01  F00B         	goto	u5941
  4252   001602                     u5941:
  4253   001602  EF91  F00B         	goto	l4551
  4254   001606                     u5940:
  4255   001606  6C36               	negf	strtof@expon^0,c
  4256   001608  1E37               	comf	(strtof@expon+1)^0,f,c
  4257   00160A  B0D8               	btfsc	status,0,c
  4258   00160C  2A37               	incf	(strtof@expon+1)^0,f,c
  4259   00160E  EF27  F00B         	goto	l4531
  4260   001612                     l4527:
  4261   001612  C03A  F001         	movff	strtof@_u,___fldiv@b
  4262   001616  C03B  F002         	movff	strtof@_u+1,___fldiv@b+1
  4263   00161A  C03C  F003         	movff	strtof@_u+2,___fldiv@b+2
  4264   00161E  C03D  F004         	movff	strtof@_u+3,___fldiv@b+3
  4265   001622  0EF9               	movlw	249
  4266   001624  6E05               	movwf	___fldiv@a^0,c
  4267   001626  0E02               	movlw	2
  4268   001628  6E06               	movwf	(___fldiv@a+1)^0,c
  4269   00162A  0E15               	movlw	21
  4270   00162C  6E07               	movwf	(___fldiv@a+2)^0,c
  4271   00162E  0E50               	movlw	80
  4272   001630  6E08               	movwf	(___fldiv@a+3)^0,c
  4273   001632  ECAD  F015         	call	___fldiv	;wreg free
  4274   001636  C001  F03A         	movff	?___fldiv,strtof@_u
  4275   00163A  C002  F03B         	movff	?___fldiv+1,strtof@_u+1
  4276   00163E  C003  F03C         	movff	?___fldiv+2,strtof@_u+2
  4277   001642  C004  F03D         	movff	?___fldiv+3,strtof@_u+3
  4278   001646  0EF6               	movlw	246
  4279   001648  2636               	addwf	strtof@expon^0,f,c
  4280   00164A  0EFF               	movlw	255
  4281   00164C  2237               	addwfc	(strtof@expon+1)^0,f,c
  4282   00164E                     l4531:
  4283   00164E  BE37               	btfsc	(strtof@expon+1)^0,7,c
  4284   001650  EF35  F00B         	goto	u5950
  4285   001654  5037               	movf	(strtof@expon+1)^0,w,c
  4286   001656  E107               	bnz	u5951
  4287   001658  0E0A               	movlw	10
  4288   00165A  5C36               	subwf	strtof@expon^0,w,c
  4289   00165C  B0D8               	btfsc	status,0,c
  4290   00165E  EF33  F00B         	goto	u5951
  4291   001662  EF35  F00B         	goto	u5950
  4292   001666                     u5951:
  4293   001666  EF09  F00B         	goto	l4527
  4294   00166A                     u5950:
  4295   00166A  EF54  F00B         	goto	l4537
  4296   00166E                     l4533:
  4297   00166E  C03A  F001         	movff	strtof@_u,___fldiv@b
  4298   001672  C03B  F002         	movff	strtof@_u+1,___fldiv@b+1
  4299   001676  C03C  F003         	movff	strtof@_u+2,___fldiv@b+2
  4300   00167A  C03D  F004         	movff	strtof@_u+3,___fldiv@b+3
  4301   00167E  0E00               	movlw	0
  4302   001680  6E05               	movwf	___fldiv@a^0,c
  4303   001682  0E00               	movlw	0
  4304   001684  6E06               	movwf	(___fldiv@a+1)^0,c
  4305   001686  0E20               	movlw	32
  4306   001688  6E07               	movwf	(___fldiv@a+2)^0,c
  4307   00168A  0E41               	movlw	65
  4308   00168C  6E08               	movwf	(___fldiv@a+3)^0,c
  4309   00168E  ECAD  F015         	call	___fldiv	;wreg free
  4310   001692  C001  F03A         	movff	?___fldiv,strtof@_u
  4311   001696  C002  F03B         	movff	?___fldiv+1,strtof@_u+1
  4312   00169A  C003  F03C         	movff	?___fldiv+2,strtof@_u+2
  4313   00169E  C004  F03D         	movff	?___fldiv+3,strtof@_u+3
  4314   0016A2  0636               	decf	strtof@expon^0,f,c
  4315   0016A4  A0D8               	btfss	status,0,c
  4316   0016A6  0637               	decf	(strtof@expon+1)^0,f,c
  4317   0016A8                     l4537:
  4318   0016A8  5036               	movf	strtof@expon^0,w,c
  4319   0016AA  1037               	iorwf	(strtof@expon+1)^0,w,c
  4320   0016AC  A4D8               	btfss	status,2,c
  4321   0016AE  EF5B  F00B         	goto	u5961
  4322   0016B2  EF5D  F00B         	goto	u5960
  4323   0016B6                     u5961:
  4324   0016B6  EF37  F00B         	goto	l4533
  4325   0016BA                     u5960:
  4326   0016BA  C03A  F01A         	movff	strtof@_u,___flge@ff1
  4327   0016BE  C03B  F01B         	movff	strtof@_u+1,___flge@ff1+1
  4328   0016C2  C03C  F01C         	movff	strtof@_u+2,___flge@ff1+2
  4329   0016C6  C03D  F01D         	movff	strtof@_u+3,___flge@ff1+3
  4330   0016CA  0E00               	movlw	0
  4331   0016CC  6E1E               	movwf	___flge@ff2^0,c
  4332   0016CE  0E00               	movlw	0
  4333   0016D0  6E1F               	movwf	(___flge@ff2+1)^0,c
  4334   0016D2  0E80               	movlw	128
  4335   0016D4  6E20               	movwf	(___flge@ff2+2)^0,c
  4336   0016D6  0E00               	movlw	0
  4337   0016D8  6E21               	movwf	(___flge@ff2+3)^0,c
  4338   0016DA  ECEA  F01C         	call	___flge	;wreg free
  4339   0016DE  B0D8               	btfsc	status,0,c
  4340   0016E0  EF74  F00B         	goto	u5971
  4341   0016E4  EF76  F00B         	goto	u5970
  4342   0016E8                     u5971:
  4343   0016E8  EF0E  F00C         	goto	l4571
  4344   0016EC                     u5970:
  4345   0016EC  A035               	btfss	strtof@flags^0,0,c
  4346   0016EE  EF7B  F00B         	goto	u5981
  4347   0016F2  EF7D  F00B         	goto	u5980
  4348   0016F6                     u5981:
  4349   0016F6  EF87  F00B         	goto	l4547
  4350   0016FA                     u5980:
  4351   0016FA  0E00               	movlw	0
  4352   0016FC  6E26               	movwf	?_strtof^0,c
  4353   0016FE  0E00               	movlw	0
  4354   001700  6E27               	movwf	(?_strtof+1)^0,c
  4355   001702  0E80               	movlw	128
  4356   001704  6E28               	movwf	(?_strtof+2)^0,c
  4357   001706  0E80               	movlw	128
  4358   001708  6E29               	movwf	(?_strtof+3)^0,c
  4359   00170A  EF44  F00C         	goto	l1146
  4360   00170E                     l4547:
  4361   00170E  0E00               	movlw	0
  4362   001710  6E26               	movwf	?_strtof^0,c
  4363   001712  0E00               	movlw	0
  4364   001714  6E27               	movwf	(?_strtof+1)^0,c
  4365   001716  0E80               	movlw	128
  4366   001718  6E28               	movwf	(?_strtof+2)^0,c
  4367   00171A  0E00               	movlw	0
  4368   00171C  6E29               	movwf	(?_strtof+3)^0,c
  4369   00171E  EF44  F00C         	goto	l1146
  4370   001722                     l4551:
  4371   001722  BE37               	btfsc	(strtof@expon+1)^0,7,c
  4372   001724  EF9C  F00B         	goto	u5991
  4373   001728  5037               	movf	(strtof@expon+1)^0,w,c
  4374   00172A  E108               	bnz	u5990
  4375   00172C  0436               	decf	strtof@expon^0,w,c
  4376   00172E  A0D8               	btfss	status,0,c
  4377   001730  EF9C  F00B         	goto	u5991
  4378   001734  EF9E  F00B         	goto	u5990
  4379   001738                     u5991:
  4380   001738  EF0E  F00C         	goto	l4571
  4381   00173C                     u5990:
  4382   00173C  EFBE  F00B         	goto	l4559
  4383   001740                     l4555:
  4384   001740  C03A  F001         	movff	strtof@_u,___flmul@b
  4385   001744  C03B  F002         	movff	strtof@_u+1,___flmul@b+1
  4386   001748  C03C  F003         	movff	strtof@_u+2,___flmul@b+2
  4387   00174C  C03D  F004         	movff	strtof@_u+3,___flmul@b+3
  4388   001750  0EF9               	movlw	249
  4389   001752  6E05               	movwf	___flmul@a^0,c
  4390   001754  0E02               	movlw	2
  4391   001756  6E06               	movwf	(___flmul@a+1)^0,c
  4392   001758  0E15               	movlw	21
  4393   00175A  6E07               	movwf	(___flmul@a+2)^0,c
  4394   00175C  0E50               	movlw	80
  4395   00175E  6E08               	movwf	(___flmul@a+3)^0,c
  4396   001760  EC9A  F013         	call	___flmul	;wreg free
  4397   001764  C001  F03A         	movff	?___flmul,strtof@_u
  4398   001768  C002  F03B         	movff	?___flmul+1,strtof@_u+1
  4399   00176C  C003  F03C         	movff	?___flmul+2,strtof@_u+2
  4400   001770  C004  F03D         	movff	?___flmul+3,strtof@_u+3
  4401   001774  0EF6               	movlw	246
  4402   001776  2636               	addwf	strtof@expon^0,f,c
  4403   001778  0EFF               	movlw	255
  4404   00177A  2237               	addwfc	(strtof@expon+1)^0,f,c
  4405   00177C                     l4559:
  4406   00177C  5037               	movf	(strtof@expon+1)^0,w,c
  4407   00177E  E107               	bnz	u6001
  4408   001780  0E0A               	movlw	10
  4409   001782  5C36               	subwf	strtof@expon^0,w,c
  4410   001784  B0D8               	btfsc	status,0,c
  4411   001786  EFC7  F00B         	goto	u6001
  4412   00178A  EFC9  F00B         	goto	u6000
  4413   00178E                     u6001:
  4414   00178E  EFA0  F00B         	goto	l4555
  4415   001792                     u6000:
  4416   001792  EFE8  F00B         	goto	l4565
  4417   001796                     l4561:
  4418   001796  C03A  F001         	movff	strtof@_u,___flmul@b
  4419   00179A  C03B  F002         	movff	strtof@_u+1,___flmul@b+1
  4420   00179E  C03C  F003         	movff	strtof@_u+2,___flmul@b+2
  4421   0017A2  C03D  F004         	movff	strtof@_u+3,___flmul@b+3
  4422   0017A6  0E00               	movlw	0
  4423   0017A8  6E05               	movwf	___flmul@a^0,c
  4424   0017AA  0E00               	movlw	0
  4425   0017AC  6E06               	movwf	(___flmul@a+1)^0,c
  4426   0017AE  0E20               	movlw	32
  4427   0017B0  6E07               	movwf	(___flmul@a+2)^0,c
  4428   0017B2  0E41               	movlw	65
  4429   0017B4  6E08               	movwf	(___flmul@a+3)^0,c
  4430   0017B6  EC9A  F013         	call	___flmul	;wreg free
  4431   0017BA  C001  F03A         	movff	?___flmul,strtof@_u
  4432   0017BE  C002  F03B         	movff	?___flmul+1,strtof@_u+1
  4433   0017C2  C003  F03C         	movff	?___flmul+2,strtof@_u+2
  4434   0017C6  C004  F03D         	movff	?___flmul+3,strtof@_u+3
  4435   0017CA  0636               	decf	strtof@expon^0,f,c
  4436   0017CC  A0D8               	btfss	status,0,c
  4437   0017CE  0637               	decf	(strtof@expon+1)^0,f,c
  4438   0017D0                     l4565:
  4439   0017D0  5036               	movf	strtof@expon^0,w,c
  4440   0017D2  1037               	iorwf	(strtof@expon+1)^0,w,c
  4441   0017D4  A4D8               	btfss	status,2,c
  4442   0017D6  EFEF  F00B         	goto	u6011
  4443   0017DA  EFF1  F00B         	goto	u6010
  4444   0017DE                     u6011:
  4445   0017DE  EFCB  F00B         	goto	l4561
  4446   0017E2                     u6010:
  4447   0017E2  0EFF               	movlw	255
  4448   0017E4  6E1A               	movwf	___flge@ff1^0,c
  4449   0017E6  0EFF               	movlw	255
  4450   0017E8  6E1B               	movwf	(___flge@ff1+1)^0,c
  4451   0017EA  0E7F               	movlw	127
  4452   0017EC  6E1C               	movwf	(___flge@ff1+2)^0,c
  4453   0017EE  0E7F               	movlw	127
  4454   0017F0  6E1D               	movwf	(___flge@ff1+3)^0,c
  4455   0017F2  C03A  F01E         	movff	strtof@_u,___flge@ff2
  4456   0017F6  C03B  F01F         	movff	strtof@_u+1,___flge@ff2+1
  4457   0017FA  C03C  F020         	movff	strtof@_u+2,___flge@ff2+2
  4458   0017FE  C03D  F021         	movff	strtof@_u+3,___flge@ff2+3
  4459   001802  ECEA  F01C         	call	___flge	;wreg free
  4460   001806  B0D8               	btfsc	status,0,c
  4461   001808  EF08  F00C         	goto	u6021
  4462   00180C  EF0A  F00C         	goto	u6020
  4463   001810                     u6021:
  4464   001810  EF0E  F00C         	goto	l4571
  4465   001814                     u6020:
  4466   001814  0E00               	movlw	0
  4467   001816  6E31               	movwf	(strtof@err+1)^0,c
  4468   001818  0E22               	movlw	34
  4469   00181A  6E30               	movwf	strtof@err^0,c
  4470   00181C                     l4571:
  4471   00181C  5030               	movf	strtof@err^0,w,c
  4472   00181E  1031               	iorwf	(strtof@err+1)^0,w,c
  4473   001820  B4D8               	btfsc	status,2,c
  4474   001822  EF15  F00C         	goto	u6031
  4475   001826  EF17  F00C         	goto	u6030
  4476   00182A                     u6031:
  4477   00182A  EF23  F00C         	goto	l4577
  4478   00182E                     u6030:
  4479   00182E  C030  F058         	movff	strtof@err,_errno
  4480   001832  C031  F059         	movff	strtof@err+1,_errno+1
  4481   001836  0E00               	movlw	0
  4482   001838  6E3A               	movwf	strtof@_u^0,c
  4483   00183A  0E00               	movlw	0
  4484   00183C  6E3B               	movwf	(strtof@_u+1)^0,c
  4485   00183E  0E80               	movlw	128
  4486   001840  6E3C               	movwf	(strtof@_u+2)^0,c
  4487   001842  0E7F               	movlw	127
  4488   001844  6E3D               	movwf	(strtof@_u+3)^0,c
  4489   001846                     l4577:
  4490   001846  A035               	btfss	strtof@flags^0,0,c
  4491   001848  EF28  F00C         	goto	u6041
  4492   00184C  EF2A  F00C         	goto	u6040
  4493   001850                     u6041:
  4494   001850  EF3C  F00C         	goto	l4581
  4495   001854                     u6040:
  4496   001854  C03A  F001         	movff	strtof@_u,___flneg@f1
  4497   001858  C03B  F002         	movff	strtof@_u+1,___flneg@f1+1
  4498   00185C  C03C  F003         	movff	strtof@_u+2,___flneg@f1+2
  4499   001860  C03D  F004         	movff	strtof@_u+3,___flneg@f1+3
  4500   001864  EC3F  F023         	call	___flneg	;wreg free
  4501   001868  C001  F03A         	movff	?___flneg,strtof@_u
  4502   00186C  C002  F03B         	movff	?___flneg+1,strtof@_u+1
  4503   001870  C003  F03C         	movff	?___flneg+2,strtof@_u+2
  4504   001874  C004  F03D         	movff	?___flneg+3,strtof@_u+3
  4505   001878                     l4581:
  4506   001878  C03A  F026         	movff	strtof@_u,?_strtof
  4507   00187C  C03B  F027         	movff	strtof@_u+1,?_strtof+1
  4508   001880  C03C  F028         	movff	strtof@_u+2,?_strtof+2
  4509   001884  C03D  F029         	movff	strtof@_u+3,?_strtof+3
  4510   001888                     l1146:
  4511   001888  0012               	return		;funcret
  4512   00188A                     __end_of_strtof:
  4513                           	callstack 0
  4514                           
  4515 ;; *************** function _toupper *****************
  4516 ;; Defined at:
  4517 ;;		line 8 in file "C:\Program Files\Microchip\xc8\v3.00\pic\sources\c99\common\toupper.c"
  4518 ;; Parameters:    Size  Location     Type
  4519 ;;  c               2    0[COMRAM] int 
  4520 ;; Auto vars:     Size  Location     Type
  4521 ;;		None
  4522 ;; Return value:  Size  Location     Type
  4523 ;;                  2    0[COMRAM] int 
  4524 ;; Registers used:
  4525 ;;		wreg, status,2, status,0
  4526 ;; Tracked objects:
  4527 ;;		On entry : 0/0
  4528 ;;		On exit  : 0/0
  4529 ;;		Unchanged: 0/0
  4530 ;; Data sizes:     COMRAM   BANK0   BANK1   BANK2   BANK3   BANK4   BANK5   BANK6   BANK7
  4531 ;;      Params:         2       0       0       0       0       0       0       0       0
  4532 ;;      Locals:         0       0       0       0       0       0       0       0       0
  4533 ;;      Temps:          1       0       0       0       0       0       0       0       0
  4534 ;;      Totals:         3       0       0       0       0       0       0       0       0
  4535 ;;Total ram usage:        3 bytes
  4536 ;; Hardware stack levels used: 1
  4537 ;; This function calls:
  4538 ;;		Nothing
  4539 ;; This function is called by:
  4540 ;;		_strtof
  4541 ;; This function uses a non-reentrant model
  4542 ;;
  4543                           
  4544                           	psect	text9
  4545   0046EC                     __ptext9:
  4546                           	callstack 0
  4547   0046EC                     _toupper:
  4548                           	callstack 27
  4549   0046EC  C001  F003         	movff	toupper@c,??_toupper
  4550   0046F0  0E9F               	movlw	159
  4551   0046F2  2603               	addwf	??_toupper^0,f,c
  4552   0046F4  0E1A               	movlw	26
  4553   0046F6  6003               	cpfslt	??_toupper^0,c
  4554   0046F8  EF80  F023         	goto	u5011
  4555   0046FC  EF82  F023         	goto	u5010
  4556   004700                     u5011:
  4557   004700  EF88  F023         	goto	l1271
  4558   004704                     u5010:
  4559   004704  0E5F               	movlw	95
  4560   004706  1401               	andwf	toupper@c^0,w,c
  4561   004708  6E01               	movwf	?_toupper^0,c
  4562   00470A  6A02               	clrf	(?_toupper+1)^0,c
  4563   00470C  EF8C  F023         	goto	l1272
  4564   004710                     l1271:
  4565   004710  C001  F001         	movff	toupper@c,?_toupper
  4566   004714  C002  F002         	movff	toupper@c+1,?_toupper+1
  4567   004718                     l1272:
  4568   004718  0012               	return		;funcret
  4569   00471A                     __end_of_toupper:
  4570                           	callstack 0
  4571                           
  4572 ;; *************** function _nanf *****************
  4573 ;; Defined at:
  4574 ;;		line 4 in file "C:\Program Files\Microchip\xc8\v3.00\pic\sources\c99\common\nanf.c"
  4575 ;; Parameters:    Size  Location     Type
  4576 ;;  s               1    0[COMRAM] PTR const unsigned char 
  4577 ;;		 -> STR_23(1), 
  4578 ;; Auto vars:     Size  Location     Type
  4579 ;;  u               4    4[COMRAM] struct .
  4580 ;; Return value:  Size  Location     Type
  4581 ;;                  4    0[COMRAM] float 
  4582 ;; Registers used:
  4583 ;;		wreg, status,2
  4584 ;; Tracked objects:
  4585 ;;		On entry : 0/0
  4586 ;;		On exit  : 0/0
  4587 ;;		Unchanged: 0/0
  4588 ;; Data sizes:     COMRAM   BANK0   BANK1   BANK2   BANK3   BANK4   BANK5   BANK6   BANK7
  4589 ;;      Params:         4       0       0       0       0       0       0       0       0
  4590 ;;      Locals:         4       0       0       0       0       0       0       0       0
  4591 ;;      Temps:          0       0       0       0       0       0       0       0       0
  4592 ;;      Totals:         8       0       0       0       0       0       0       0       0
  4593 ;;Total ram usage:        8 bytes
  4594 ;; Hardware stack levels used: 1
  4595 ;; This function calls:
  4596 ;;		Nothing
  4597 ;; This function is called by:
  4598 ;;		_strtof
  4599 ;; This function uses a non-reentrant model
  4600 ;;
  4601                           
  4602                           	psect	text10
  4603   0047C4                     __ptext10:
  4604                           	callstack 0
  4605   0047C4                     _nanf:
  4606                           	callstack 27
  4607   0047C4  0EFF               	movlw	255
  4608   0047C6  6E05               	movwf	nanf@u^0,c
  4609   0047C8  0EFF               	movlw	255
  4610   0047CA  6E06               	movwf	(nanf@u+1)^0,c
  4611   0047CC  0EFF               	movlw	255
  4612   0047CE  6E07               	movwf	(nanf@u+2)^0,c
  4613   0047D0  0E7F               	movlw	127
  4614   0047D2  6E08               	movwf	(nanf@u+3)^0,c
  4615   0047D4  C005  F001         	movff	nanf@u,?_nanf
  4616   0047D8  C006  F002         	movff	nanf@u+1,?_nanf+1
  4617   0047DC  C007  F003         	movff	nanf@u+2,?_nanf+2
  4618   0047E0  C008  F004         	movff	nanf@u+3,?_nanf+3
  4619   0047E4  0012               	return		;funcret
  4620   0047E6                     __end_of_nanf:
  4621                           	callstack 0
  4622                           
  4623 ;; *************** function _isxdigit *****************
  4624 ;; Defined at:
  4625 ;;		line 8 in file "C:\Program Files\Microchip\xc8\v3.00\pic\sources\c99\common\isxdigit.c"
  4626 ;; Parameters:    Size  Location     Type
  4627 ;;  c               2    0[COMRAM] int 
  4628 ;; Auto vars:     Size  Location     Type
  4629 ;;		None
  4630 ;; Return value:  Size  Location     Type
  4631 ;;                  2    0[COMRAM] int 
  4632 ;; Registers used:
  4633 ;;		wreg, status,2, status,0
  4634 ;; Tracked objects:
  4635 ;;		On entry : 0/0
  4636 ;;		On exit  : 0/0
  4637 ;;		Unchanged: 0/0
  4638 ;; Data sizes:     COMRAM   BANK0   BANK1   BANK2   BANK3   BANK4   BANK5   BANK6   BANK7
  4639 ;;      Params:         2       0       0       0       0       0       0       0       0
  4640 ;;      Locals:         1       0       0       0       0       0       0       0       0
  4641 ;;      Temps:          4       0       0       0       0       0       0       0       0
  4642 ;;      Totals:         7       0       0       0       0       0       0       0       0
  4643 ;;Total ram usage:        7 bytes
  4644 ;; Hardware stack levels used: 1
  4645 ;; This function calls:
  4646 ;;		Nothing
  4647 ;; This function is called by:
  4648 ;;		_strtof
  4649 ;; This function uses a non-reentrant model
  4650 ;;
  4651                           
  4652                           	psect	text11
  4653   004406                     __ptext11:
  4654                           	callstack 0
  4655   004406                     _isxdigit:
  4656                           	callstack 27
  4657   004406  0E01               	movlw	1
  4658   004408  6E07               	movwf	_isxdigit$1195^0,c
  4659   00440A  C001  F003         	movff	isxdigit@c,??_isxdigit
  4660   00440E  0ED0               	movlw	208
  4661   004410  2603               	addwf	??_isxdigit^0,f,c
  4662   004412  0E09               	movlw	9
  4663   004414  6403               	cpfsgt	??_isxdigit^0,c
  4664   004416  EF0F  F022         	goto	u4971
  4665   00441A  EF11  F022         	goto	u4970
  4666   00441E                     u4971:
  4667   00441E  EF29  F022         	goto	l1222
  4668   004422                     u4970:
  4669   004422  0E20               	movlw	32
  4670   004424  1001               	iorwf	isxdigit@c^0,w,c
  4671   004426  6E03               	movwf	??_isxdigit^0,c
  4672   004428  0E00               	movlw	0
  4673   00442A  1002               	iorwf	(isxdigit@c+1)^0,w,c
  4674   00442C  6E04               	movwf	(??_isxdigit+1)^0,c
  4675   00442E  0E9F               	movlw	159
  4676   004430  2403               	addwf	??_isxdigit^0,w,c
  4677   004432  6E05               	movwf	(??_isxdigit+2)^0,c
  4678   004434  0EFF               	movlw	255
  4679   004436  2004               	addwfc	(??_isxdigit+1)^0,w,c
  4680   004438  6E06               	movwf	(??_isxdigit+3)^0,c
  4681   00443A  5006               	movf	(??_isxdigit+3)^0,w,c
  4682   00443C  E109               	bnz	u4980
  4683   00443E  0E06               	movlw	6
  4684   004440  5C05               	subwf	(??_isxdigit+2)^0,w,c
  4685   004442  A0D8               	btfss	status,0,c
  4686   004444  EF26  F022         	goto	u4981
  4687   004448  EF28  F022         	goto	u4980
  4688   00444C                     u4981:
  4689   00444C  EF29  F022         	goto	l1222
  4690   004450                     u4980:
  4691   004450  6A07               	clrf	_isxdigit$1195^0,c
  4692   004452                     l1222:
  4693   004452  C007  F001         	movff	_isxdigit$1195,?_isxdigit
  4694   004456  6A02               	clrf	(?_isxdigit+1)^0,c
  4695   004458  0012               	return		;funcret
  4696   00445A                     __end_of_isxdigit:
  4697                           	callstack 0
  4698                           
  4699 ;; *************** function _isdigit *****************
  4700 ;; Defined at:
  4701 ;;		line 5 in file "C:\Program Files\Microchip\xc8\v3.00\pic\sources\c99\common\isdigit.c"
  4702 ;; Parameters:    Size  Location     Type
  4703 ;;  c               2    0[COMRAM] int 
  4704 ;; Auto vars:     Size  Location     Type
  4705 ;;		None
  4706 ;; Return value:  Size  Location     Type
  4707 ;;                  2    0[COMRAM] int 
  4708 ;; Registers used:
  4709 ;;		wreg, status,2, status,0
  4710 ;; Tracked objects:
  4711 ;;		On entry : 0/0
  4712 ;;		On exit  : 0/0
  4713 ;;		Unchanged: 0/0
  4714 ;; Data sizes:     COMRAM   BANK0   BANK1   BANK2   BANK3   BANK4   BANK5   BANK6   BANK7
  4715 ;;      Params:         2       0       0       0       0       0       0       0       0
  4716 ;;      Locals:         0       0       0       0       0       0       0       0       0
  4717 ;;      Temps:          2       0       0       0       0       0       0       0       0
  4718 ;;      Totals:         4       0       0       0       0       0       0       0       0
  4719 ;;Total ram usage:        4 bytes
  4720 ;; Hardware stack levels used: 1
  4721 ;; This function calls:
  4722 ;;		Nothing
  4723 ;; This function is called by:
  4724 ;;		_strtof
  4725 ;; This function uses a non-reentrant model
  4726 ;;
  4727                           
  4728                           	psect	text12
  4729   004748                     __ptext12:
  4730                           	callstack 0
  4731   004748                     _isdigit:
  4732                           	callstack 27
  4733   004748  0ED0               	movlw	208
  4734   00474A  2401               	addwf	isdigit@c^0,w,c
  4735   00474C  6E03               	movwf	??_isdigit^0,c
  4736   00474E  0EFF               	movlw	255
  4737   004750  2002               	addwfc	(isdigit@c+1)^0,w,c
  4738   004752  6E04               	movwf	(??_isdigit+1)^0,c
  4739   004754  5004               	movf	(??_isdigit+1)^0,w,c
  4740   004756  E10A               	bnz	u4990
  4741   004758  0E0A               	movlw	10
  4742   00475A  5C03               	subwf	??_isdigit^0,w,c
  4743   00475C  A0D8               	btfss	status,0,c
  4744   00475E  EFB3  F023         	goto	u4991
  4745   004762  EFB6  F023         	goto	u4990
  4746   004766                     u4991:
  4747   004766  0E01               	movlw	1
  4748   004768  EFB7  F023         	goto	u5000
  4749   00476C                     u4990:
  4750   00476C  0E00               	movlw	0
  4751   00476E                     u5000:
  4752   00476E  6E01               	movwf	?_isdigit^0,c
  4753   004770  6A02               	clrf	(?_isdigit+1)^0,c
  4754   004772  0012               	return		;funcret
  4755   004774                     __end_of_isdigit:
  4756                           	callstack 0
  4757                           
  4758 ;; *************** function ___xxtofl *****************
  4759 ;; Defined at:
  4760 ;;		line 10 in file "C:\Program Files\Microchip\xc8\v3.00\pic\sources\c99\common\xxtofl.c"
  4761 ;; Parameters:    Size  Location     Type
  4762 ;;  sign            1    wreg     unsigned char 
  4763 ;;  val             4    0[COMRAM] long 
  4764 ;; Auto vars:     Size  Location     Type
  4765 ;;  sign            1    8[COMRAM] unsigned char 
  4766 ;;  arg             4   10[COMRAM] unsigned long 
  4767 ;;  exp             1    9[COMRAM] unsigned char 
  4768 ;; Return value:  Size  Location     Type
  4769 ;;                  4    0[COMRAM] unsigned char 
  4770 ;; Registers used:
  4771 ;;		wreg, status,2, status,0
  4772 ;; Tracked objects:
  4773 ;;		On entry : 0/0
  4774 ;;		On exit  : 0/0
  4775 ;;		Unchanged: 0/0
  4776 ;; Data sizes:     COMRAM   BANK0   BANK1   BANK2   BANK3   BANK4   BANK5   BANK6   BANK7
  4777 ;;      Params:         4       0       0       0       0       0       0       0       0
  4778 ;;      Locals:         6       0       0       0       0       0       0       0       0
  4779 ;;      Temps:          4       0       0       0       0       0       0       0       0
  4780 ;;      Totals:        14       0       0       0       0       0       0       0       0
  4781 ;;Total ram usage:       14 bytes
  4782 ;; Hardware stack levels used: 1
  4783 ;; This function calls:
  4784 ;;		Nothing
  4785 ;; This function is called by:
  4786 ;;		_strtof
  4787 ;; This function uses a non-reentrant model
  4788 ;;
  4789                           
  4790                           	psect	text13
  4791   0035AE                     __ptext13:
  4792                           	callstack 0
  4793   0035AE                     ___xxtofl:
  4794                           	callstack 27
  4795                           
  4796                           ;incstack = 0
  4797                           ;___xxtofl@sign stored from wreg
  4798   0035AE  6E09               	movwf	___xxtofl@sign^0,c
  4799   0035B0  5009               	movf	___xxtofl@sign^0,w,c
  4800   0035B2  B4D8               	btfsc	status,2,c
  4801   0035B4  EFDE  F01A         	goto	u4861
  4802   0035B8  EFE0  F01A         	goto	u4860
  4803   0035BC                     u4861:
  4804   0035BC  EF02  F01B         	goto	l816
  4805   0035C0                     u4860:
  4806   0035C0  BE04               	btfsc	(___xxtofl@val+3)^0,7,c
  4807   0035C2  EFE7  F01A         	goto	u4870
  4808   0035C6  EFE5  F01A         	goto	u4871
  4809   0035CA                     u4871:
  4810   0035CA  EF02  F01B         	goto	l816
  4811   0035CE                     u4870:
  4812   0035CE  C001  F005         	movff	___xxtofl@val,??___xxtofl
  4813   0035D2  C002  F006         	movff	___xxtofl@val+1,??___xxtofl+1
  4814   0035D6  C003  F007         	movff	___xxtofl@val+2,??___xxtofl+2
  4815   0035DA  C004  F008         	movff	___xxtofl@val+3,??___xxtofl+3
  4816   0035DE  1E05               	comf	??___xxtofl^0,f,c
  4817   0035E0  1E06               	comf	(??___xxtofl+1)^0,f,c
  4818   0035E2  1E07               	comf	(??___xxtofl+2)^0,f,c
  4819   0035E4  1E08               	comf	(??___xxtofl+3)^0,f,c
  4820   0035E6  2A05               	incf	??___xxtofl^0,f,c
  4821   0035E8  0E00               	movlw	0
  4822   0035EA  2206               	addwfc	(??___xxtofl+1)^0,f,c
  4823   0035EC  2207               	addwfc	(??___xxtofl+2)^0,f,c
  4824   0035EE  2208               	addwfc	(??___xxtofl+3)^0,f,c
  4825   0035F0  C005  F00B         	movff	??___xxtofl,___xxtofl@arg
  4826   0035F4  C006  F00C         	movff	??___xxtofl+1,___xxtofl@arg+1
  4827   0035F8  C007  F00D         	movff	??___xxtofl+2,___xxtofl@arg+2
  4828   0035FC  C008  F00E         	movff	??___xxtofl+3,___xxtofl@arg+3
  4829   003600  EF0A  F01B         	goto	l4059
  4830   003604                     l816:
  4831   003604  C001  F00B         	movff	___xxtofl@val,___xxtofl@arg
  4832   003608  C002  F00C         	movff	___xxtofl@val+1,___xxtofl@arg+1
  4833   00360C  C003  F00D         	movff	___xxtofl@val+2,___xxtofl@arg+2
  4834   003610  C004  F00E         	movff	___xxtofl@val+3,___xxtofl@arg+3
  4835   003614                     l4059:
  4836   003614  5001               	movf	___xxtofl@val^0,w,c
  4837   003616  1002               	iorwf	(___xxtofl@val+1)^0,w,c
  4838   003618  1003               	iorwf	(___xxtofl@val+2)^0,w,c
  4839   00361A  1004               	iorwf	(___xxtofl@val+3)^0,w,c
  4840   00361C  A4D8               	btfss	status,2,c
  4841   00361E  EF13  F01B         	goto	u4881
  4842   003622  EF15  F01B         	goto	u4880
  4843   003626                     u4881:
  4844   003626  EF1F  F01B         	goto	l4065
  4845   00362A                     u4880:
  4846   00362A  0E00               	movlw	0
  4847   00362C  6E01               	movwf	?___xxtofl^0,c
  4848   00362E  0E00               	movlw	0
  4849   003630  6E02               	movwf	(?___xxtofl+1)^0,c
  4850   003632  0E00               	movlw	0
  4851   003634  6E03               	movwf	(?___xxtofl+2)^0,c
  4852   003636  0E00               	movlw	0
  4853   003638  6E04               	movwf	(?___xxtofl+3)^0,c
  4854   00363A  EFB0  F01B         	goto	l819
  4855   00363E                     l4065:
  4856   00363E  0E96               	movlw	150
  4857   003640  6E0A               	movwf	___xxtofl@exp^0,c
  4858   003642  EF29  F01B         	goto	l4069
  4859   003646                     l4067:
  4860   003646  2A0A               	incf	___xxtofl@exp^0,f,c
  4861   003648  90D8               	bcf	status,0,c
  4862   00364A  320E               	rrcf	(___xxtofl@arg+3)^0,f,c
  4863   00364C  320D               	rrcf	(___xxtofl@arg+2)^0,f,c
  4864   00364E  320C               	rrcf	(___xxtofl@arg+1)^0,f,c
  4865   003650  320B               	rrcf	___xxtofl@arg^0,f,c
  4866   003652                     l4069:
  4867   003652  0E00               	movlw	0
  4868   003654  140B               	andwf	___xxtofl@arg^0,w,c
  4869   003656  6E05               	movwf	??___xxtofl^0,c
  4870   003658  0E00               	movlw	0
  4871   00365A  140C               	andwf	(___xxtofl@arg+1)^0,w,c
  4872   00365C  6E06               	movwf	(??___xxtofl+1)^0,c
  4873   00365E  0E00               	movlw	0
  4874   003660  140D               	andwf	(___xxtofl@arg+2)^0,w,c
  4875   003662  6E07               	movwf	(??___xxtofl+2)^0,c
  4876   003664  0EFE               	movlw	254
  4877   003666  140E               	andwf	(___xxtofl@arg+3)^0,w,c
  4878   003668  6E08               	movwf	(??___xxtofl+3)^0,c
  4879   00366A  5005               	movf	??___xxtofl^0,w,c
  4880   00366C  1006               	iorwf	(??___xxtofl+1)^0,w,c
  4881   00366E  1007               	iorwf	(??___xxtofl+2)^0,w,c
  4882   003670  1008               	iorwf	(??___xxtofl+3)^0,w,c
  4883   003672  A4D8               	btfss	status,2,c
  4884   003674  EF3E  F01B         	goto	u4891
  4885   003678  EF40  F01B         	goto	u4890
  4886   00367C                     u4891:
  4887   00367C  EF23  F01B         	goto	l4067
  4888   003680                     u4890:
  4889   003680  EF4E  F01B         	goto	l823
  4890   003684                     l4071:
  4891   003684  2A0A               	incf	___xxtofl@exp^0,f,c
  4892   003686  0E01               	movlw	1
  4893   003688  260B               	addwf	___xxtofl@arg^0,f,c
  4894   00368A  0E00               	movlw	0
  4895   00368C  220C               	addwfc	(___xxtofl@arg+1)^0,f,c
  4896   00368E  220D               	addwfc	(___xxtofl@arg+2)^0,f,c
  4897   003690  220E               	addwfc	(___xxtofl@arg+3)^0,f,c
  4898   003692  90D8               	bcf	status,0,c
  4899   003694  320E               	rrcf	(___xxtofl@arg+3)^0,f,c
  4900   003696  320D               	rrcf	(___xxtofl@arg+2)^0,f,c
  4901   003698  320C               	rrcf	(___xxtofl@arg+1)^0,f,c
  4902   00369A  320B               	rrcf	___xxtofl@arg^0,f,c
  4903   00369C                     l823:
  4904   00369C  0E00               	movlw	0
  4905   00369E  140B               	andwf	___xxtofl@arg^0,w,c
  4906   0036A0  6E05               	movwf	??___xxtofl^0,c
  4907   0036A2  0E00               	movlw	0
  4908   0036A4  140C               	andwf	(___xxtofl@arg+1)^0,w,c
  4909   0036A6  6E06               	movwf	(??___xxtofl+1)^0,c
  4910   0036A8  0E00               	movlw	0
  4911   0036AA  140D               	andwf	(___xxtofl@arg+2)^0,w,c
  4912   0036AC  6E07               	movwf	(??___xxtofl+2)^0,c
  4913   0036AE  0EFF               	movlw	255
  4914   0036B0  140E               	andwf	(___xxtofl@arg+3)^0,w,c
  4915   0036B2  6E08               	movwf	(??___xxtofl+3)^0,c
  4916   0036B4  5005               	movf	??___xxtofl^0,w,c
  4917   0036B6  1006               	iorwf	(??___xxtofl+1)^0,w,c
  4918   0036B8  1007               	iorwf	(??___xxtofl+2)^0,w,c
  4919   0036BA  1008               	iorwf	(??___xxtofl+3)^0,w,c
  4920   0036BC  A4D8               	btfss	status,2,c
  4921   0036BE  EF63  F01B         	goto	u4901
  4922   0036C2  EF65  F01B         	goto	u4900
  4923   0036C6                     u4901:
  4924   0036C6  EF42  F01B         	goto	l4071
  4925   0036CA                     u4900:
  4926   0036CA  EF6D  F01B         	goto	l4079
  4927   0036CE                     l4077:
  4928   0036CE  060A               	decf	___xxtofl@exp^0,f,c
  4929   0036D0  90D8               	bcf	status,0,c
  4930   0036D2  360B               	rlcf	___xxtofl@arg^0,f,c
  4931   0036D4  360C               	rlcf	(___xxtofl@arg+1)^0,f,c
  4932   0036D6  360D               	rlcf	(___xxtofl@arg+2)^0,f,c
  4933   0036D8  360E               	rlcf	(___xxtofl@arg+3)^0,f,c
  4934   0036DA                     l4079:
  4935   0036DA  BE0D               	btfsc	(___xxtofl@arg+2)^0,7,c
  4936   0036DC  EF72  F01B         	goto	u4911
  4937   0036E0  EF74  F01B         	goto	u4910
  4938   0036E4                     u4911:
  4939   0036E4  EF7C  F01B         	goto	l830
  4940   0036E8                     u4910:
  4941   0036E8  0E02               	movlw	2
  4942   0036EA  600A               	cpfslt	___xxtofl@exp^0,c
  4943   0036EC  EF7A  F01B         	goto	u4921
  4944   0036F0  EF7C  F01B         	goto	u4920
  4945   0036F4                     u4921:
  4946   0036F4  EF67  F01B         	goto	l4077
  4947   0036F8                     u4920:
  4948   0036F8                     l830:
  4949   0036F8  B00A               	btfsc	___xxtofl@exp^0,0,c
  4950   0036FA  EF81  F01B         	goto	u4931
  4951   0036FE  EF83  F01B         	goto	u4930
  4952   003702                     u4931:
  4953   003702  EF84  F01B         	goto	l4085
  4954   003706                     u4930:
  4955   003706  9E0D               	bcf	(___xxtofl@arg+2)^0,7,c
  4956   003708                     l4085:
  4957   003708  90D8               	bcf	status,0,c
  4958   00370A  320A               	rrcf	___xxtofl@exp^0,f,c
  4959   00370C  C00A  F005         	movff	___xxtofl@exp,??___xxtofl
  4960   003710  6A06               	clrf	(??___xxtofl+1)^0,c
  4961   003712  6A07               	clrf	(??___xxtofl+2)^0,c
  4962   003714  6A08               	clrf	(??___xxtofl+3)^0,c
  4963   003716  C005  F008         	movff	??___xxtofl,??___xxtofl+3
  4964   00371A  6A07               	clrf	(??___xxtofl+2)^0,c
  4965   00371C  6A06               	clrf	(??___xxtofl+1)^0,c
  4966   00371E  6A05               	clrf	??___xxtofl^0,c
  4967   003720  5005               	movf	??___xxtofl^0,w,c
  4968   003722  120B               	iorwf	___xxtofl@arg^0,f,c
  4969   003724  5006               	movf	(??___xxtofl+1)^0,w,c
  4970   003726  120C               	iorwf	(___xxtofl@arg+1)^0,f,c
  4971   003728  5007               	movf	(??___xxtofl+2)^0,w,c
  4972   00372A  120D               	iorwf	(___xxtofl@arg+2)^0,f,c
  4973   00372C  5008               	movf	(??___xxtofl+3)^0,w,c
  4974   00372E  120E               	iorwf	(___xxtofl@arg+3)^0,f,c
  4975   003730  5009               	movf	___xxtofl@sign^0,w,c
  4976   003732  B4D8               	btfsc	status,2,c
  4977   003734  EF9E  F01B         	goto	u4941
  4978   003738  EFA0  F01B         	goto	u4940
  4979   00373C                     u4941:
  4980   00373C  EFA8  F01B         	goto	l4095
  4981   003740                     u4940:
  4982   003740  BE04               	btfsc	(___xxtofl@val+3)^0,7,c
  4983   003742  EFA7  F01B         	goto	u4950
  4984   003746  EFA5  F01B         	goto	u4951
  4985   00374A                     u4951:
  4986   00374A  EFA8  F01B         	goto	l4095
  4987   00374E                     u4950:
  4988   00374E  8E0E               	bsf	(___xxtofl@arg+3)^0,7,c
  4989   003750                     l4095:
  4990   003750  C00B  F001         	movff	___xxtofl@arg,?___xxtofl
  4991   003754  C00C  F002         	movff	___xxtofl@arg+1,?___xxtofl+1
  4992   003758  C00D  F003         	movff	___xxtofl@arg+2,?___xxtofl+2
  4993   00375C  C00E  F004         	movff	___xxtofl@arg+3,?___xxtofl+3
  4994   003760                     l819:
  4995   003760  0012               	return		;funcret
  4996   003762                     __end_of___xxtofl:
  4997                           	callstack 0
  4998                           
  4999 ;; *************** function ___wmul *****************
  5000 ;; Defined at:
  5001 ;;		line 15 in file "C:\Program Files\Microchip\xc8\v3.00\pic\sources\c99\common\Umul16.c"
  5002 ;; Parameters:    Size  Location     Type
  5003 ;;  multiplier      2    0[COMRAM] unsigned int 
  5004 ;;  multiplicand    2    2[COMRAM] unsigned int 
  5005 ;; Auto vars:     Size  Location     Type
  5006 ;;  product         2    4[COMRAM] unsigned int 
  5007 ;; Return value:  Size  Location     Type
  5008 ;;                  2    0[COMRAM] unsigned int 
  5009 ;; Registers used:
  5010 ;;		wreg, status,2, status,0, prodl, prodh
  5011 ;; Tracked objects:
  5012 ;;		On entry : 0/0
  5013 ;;		On exit  : 0/0
  5014 ;;		Unchanged: 0/0
  5015 ;; Data sizes:     COMRAM   BANK0   BANK1   BANK2   BANK3   BANK4   BANK5   BANK6   BANK7
  5016 ;;      Params:         4       0       0       0       0       0       0       0       0
  5017 ;;      Locals:         2       0       0       0       0       0       0       0       0
  5018 ;;      Temps:          0       0       0       0       0       0       0       0       0
  5019 ;;      Totals:         6       0       0       0       0       0       0       0       0
  5020 ;;Total ram usage:        6 bytes
  5021 ;; Hardware stack levels used: 1
  5022 ;; This function calls:
  5023 ;;		Nothing
  5024 ;; This function is called by:
  5025 ;;		_strtof
  5026 ;; This function uses a non-reentrant model
  5027 ;;
  5028                           
  5029                           	psect	text14
  5030   00479E                     __ptext14:
  5031                           	callstack 0
  5032   00479E                     ___wmul:
  5033                           	callstack 27
  5034   00479E  5001               	movf	___wmul@multiplier^0,w,c
  5035   0047A0  0203               	mulwf	___wmul@multiplicand^0,c
  5036   0047A2  CFF3 F005          	movff	prodl,___wmul@product
  5037   0047A6  CFF4 F006          	movff	prodh,___wmul@product+1
  5038   0047AA  5001               	movf	___wmul@multiplier^0,w,c
  5039   0047AC  0204               	mulwf	(___wmul@multiplicand+1)^0,c
  5040   0047AE  50F3               	movf	243,w,c
  5041   0047B0  2606               	addwf	(___wmul@product+1)^0,f,c
  5042   0047B2  5002               	movf	(___wmul@multiplier+1)^0,w,c
  5043   0047B4  0203               	mulwf	___wmul@multiplicand^0,c
  5044   0047B6  50F3               	movf	243,w,c
  5045   0047B8  2606               	addwf	(___wmul@product+1)^0,f,c
  5046   0047BA  C005  F001         	movff	___wmul@product,?___wmul
  5047   0047BE  C006  F002         	movff	___wmul@product+1,?___wmul+1
  5048   0047C2  0012               	return		;funcret
  5049   0047C4                     __end_of___wmul:
  5050                           	callstack 0
  5051                           
  5052 ;; *************** function ___lmul *****************
  5053 ;; Defined at:
  5054 ;;		line 15 in file "C:\Program Files\Microchip\xc8\v3.00\pic\sources\c99\common\Umul32.c"
  5055 ;; Parameters:    Size  Location     Type
  5056 ;;  multiplier      4    0[COMRAM] unsigned long 
  5057 ;;  multiplicand    4    4[COMRAM] unsigned long 
  5058 ;; Auto vars:     Size  Location     Type
  5059 ;;  product         4    8[COMRAM] unsigned long 
  5060 ;; Return value:  Size  Location     Type
  5061 ;;                  4    0[COMRAM] unsigned long 
  5062 ;; Registers used:
  5063 ;;		wreg, status,2, status,0
  5064 ;; Tracked objects:
  5065 ;;		On entry : 0/0
  5066 ;;		On exit  : 0/0
  5067 ;;		Unchanged: 0/0
  5068 ;; Data sizes:     COMRAM   BANK0   BANK1   BANK2   BANK3   BANK4   BANK5   BANK6   BANK7
  5069 ;;      Params:         8       0       0       0       0       0       0       0       0
  5070 ;;      Locals:         4       0       0       0       0       0       0       0       0
  5071 ;;      Temps:          0       0       0       0       0       0       0       0       0
  5072 ;;      Totals:        12       0       0       0       0       0       0       0       0
  5073 ;;Total ram usage:       12 bytes
  5074 ;; Hardware stack levels used: 1
  5075 ;; This function calls:
  5076 ;;		Nothing
  5077 ;; This function is called by:
  5078 ;;		_strtof
  5079 ;; This function uses a non-reentrant model
  5080 ;;
  5081                           
  5082                           	psect	text15
  5083   00409C                     __ptext15:
  5084                           	callstack 0
  5085   00409C                     ___lmul:
  5086                           	callstack 27
  5087   00409C  0E00               	movlw	0
  5088   00409E  6E09               	movwf	___lmul@product^0,c
  5089   0040A0  0E00               	movlw	0
  5090   0040A2  6E0A               	movwf	(___lmul@product+1)^0,c
  5091   0040A4  0E00               	movlw	0
  5092   0040A6  6E0B               	movwf	(___lmul@product+2)^0,c
  5093   0040A8  0E00               	movlw	0
  5094   0040AA  6E0C               	movwf	(___lmul@product+3)^0,c
  5095   0040AC                     l4045:
  5096   0040AC  A001               	btfss	___lmul@multiplier^0,0,c
  5097   0040AE  EF5B  F020         	goto	u4841
  5098   0040B2  EF5D  F020         	goto	u4840
  5099   0040B6                     u4841:
  5100   0040B6  EF65  F020         	goto	l4049
  5101   0040BA                     u4840:
  5102   0040BA  5005               	movf	___lmul@multiplicand^0,w,c
  5103   0040BC  2609               	addwf	___lmul@product^0,f,c
  5104   0040BE  5006               	movf	(___lmul@multiplicand+1)^0,w,c
  5105   0040C0  220A               	addwfc	(___lmul@product+1)^0,f,c
  5106   0040C2  5007               	movf	(___lmul@multiplicand+2)^0,w,c
  5107   0040C4  220B               	addwfc	(___lmul@product+2)^0,f,c
  5108   0040C6  5008               	movf	(___lmul@multiplicand+3)^0,w,c
  5109   0040C8  220C               	addwfc	(___lmul@product+3)^0,f,c
  5110   0040CA                     l4049:
  5111   0040CA  90D8               	bcf	status,0,c
  5112   0040CC  3605               	rlcf	___lmul@multiplicand^0,f,c
  5113   0040CE  3606               	rlcf	(___lmul@multiplicand+1)^0,f,c
  5114   0040D0  3607               	rlcf	(___lmul@multiplicand+2)^0,f,c
  5115   0040D2  3608               	rlcf	(___lmul@multiplicand+3)^0,f,c
  5116   0040D4  90D8               	bcf	status,0,c
  5117   0040D6  3204               	rrcf	(___lmul@multiplier+3)^0,f,c
  5118   0040D8  3203               	rrcf	(___lmul@multiplier+2)^0,f,c
  5119   0040DA  3202               	rrcf	(___lmul@multiplier+1)^0,f,c
  5120   0040DC  3201               	rrcf	___lmul@multiplier^0,f,c
  5121   0040DE  5001               	movf	___lmul@multiplier^0,w,c
  5122   0040E0  1002               	iorwf	(___lmul@multiplier+1)^0,w,c
  5123   0040E2  1003               	iorwf	(___lmul@multiplier+2)^0,w,c
  5124   0040E4  1004               	iorwf	(___lmul@multiplier+3)^0,w,c
  5125   0040E6  A4D8               	btfss	status,2,c
  5126   0040E8  EF78  F020         	goto	u4851
  5127   0040EC  EF7A  F020         	goto	u4850
  5128   0040F0                     u4851:
  5129   0040F0  EF56  F020         	goto	l4045
  5130   0040F4                     u4850:
  5131   0040F4  C009  F001         	movff	___lmul@product,?___lmul
  5132   0040F8  C00A  F002         	movff	___lmul@product+1,?___lmul+1
  5133   0040FC  C00B  F003         	movff	___lmul@product+2,?___lmul+2
  5134   004100  C00C  F004         	movff	___lmul@product+3,?___lmul+3
  5135   004104  0012               	return		;funcret
  5136   004106                     __end_of___lmul:
  5137                           	callstack 0
  5138                           
  5139 ;; *************** function _strncpy *****************
  5140 ;; Defined at:
  5141 ;;		line 3 in file "C:\Program Files\Microchip\xc8\v3.00\pic\sources\c99\common\strncpy.c"
  5142 ;; Parameters:    Size  Location     Type
  5143 ;;  d               2    0[COMRAM] PTR unsigned char 
  5144 ;;		 -> nmea_latlon_to_decimal@deg_str(4), parse_nmea_line@tmp(100), 
  5145 ;;  s               2    2[COMRAM] PTR const unsigned char 
  5146 ;;		 -> parse_nmea_line@lon_field(20), parse_nmea_line@lat_field(20), nmea_buffer(100), 
  5147 ;;  n               2    4[COMRAM] unsigned int 
  5148 ;; Auto vars:     Size  Location     Type
  5149 ;;  cp              2    6[COMRAM] PTR unsigned char 
  5150 ;;		 -> nmea_latlon_to_decimal@deg_str(4), parse_nmea_line@tmp(100), 
  5151 ;; Return value:  Size  Location     Type
  5152 ;;                  2    0[COMRAM] PTR unsigned char 
  5153 ;; Registers used:
  5154 ;;		wreg, fsr1l, fsr1h, fsr2l, fsr2h, status,2, status,0
  5155 ;; Tracked objects:
  5156 ;;		On entry : 0/0
  5157 ;;		On exit  : 0/0
  5158 ;;		Unchanged: 0/0
  5159 ;; Data sizes:     COMRAM   BANK0   BANK1   BANK2   BANK3   BANK4   BANK5   BANK6   BANK7
  5160 ;;      Params:         6       0       0       0       0       0       0       0       0
  5161 ;;      Locals:         2       0       0       0       0       0       0       0       0
  5162 ;;      Temps:          0       0       0       0       0       0       0       0       0
  5163 ;;      Totals:         8       0       0       0       0       0       0       0       0
  5164 ;;Total ram usage:        8 bytes
  5165 ;; Hardware stack levels used: 1
  5166 ;; This function calls:
  5167 ;;		Nothing
  5168 ;; This function is called by:
  5169 ;;		_parse_nmea_line
  5170 ;;		_nmea_latlon_to_decimal
  5171 ;; This function uses a non-reentrant model
  5172 ;;
  5173                           
  5174                           	psect	text16
  5175   00401A                     __ptext16:
  5176                           	callstack 0
  5177   00401A                     _strncpy:
  5178                           	callstack 29
  5179   00401A  C001  F007         	movff	strncpy@d,strncpy@cp
  5180   00401E  C002  F008         	movff	strncpy@d+1,strncpy@cp+1
  5181   004022  EF2E  F020         	goto	l4173
  5182   004026                     l4167:
  5183   004026  0605               	decf	strncpy@n^0,f,c
  5184   004028  A0D8               	btfss	status,0,c
  5185   00402A  0606               	decf	(strncpy@n+1)^0,f,c
  5186   00402C  C003  FFD9         	movff	strncpy@s,fsr2l
  5187   004030  C004  FFDA         	movff	strncpy@s+1,fsr2h
  5188   004034  4A03               	infsnz	strncpy@s^0,f,c
  5189   004036  2A04               	incf	(strncpy@s+1)^0,f,c
  5190   004038  C007  FFE1         	movff	strncpy@cp,fsr1l
  5191   00403C  C008  FFE2         	movff	strncpy@cp+1,fsr1h
  5192   004040  4A07               	infsnz	strncpy@cp^0,f,c
  5193   004042  2A08               	incf	(strncpy@cp+1)^0,f,c
  5194   004044  CFDF FFE7          	movff	indf2,indf1
  5195   004048  50E7               	movf	indf1,w,c
  5196   00404A  A4D8               	btfss	status,2,c
  5197   00404C  EF2A  F020         	goto	u5081
  5198   004050  EF2C  F020         	goto	u5080
  5199   004054                     u5081:
  5200   004054  EF2E  F020         	goto	l4173
  5201   004058                     u5080:
  5202   004058  EF40  F020         	goto	l4179
  5203   00405C                     l4173:
  5204   00405C  5005               	movf	strncpy@n^0,w,c
  5205   00405E  1006               	iorwf	(strncpy@n+1)^0,w,c
  5206   004060  A4D8               	btfss	status,2,c
  5207   004062  EF35  F020         	goto	u5091
  5208   004066  EF37  F020         	goto	u5090
  5209   00406A                     u5091:
  5210   00406A  EF13  F020         	goto	l4167
  5211   00406E                     u5090:
  5212   00406E  EF40  F020         	goto	l4179
  5213   004072                     l4175:
  5214   004072  C007  FFD9         	movff	strncpy@cp,fsr2l
  5215   004076  C008  FFDA         	movff	strncpy@cp+1,fsr2h
  5216   00407A  6ADF               	clrf	indf2,c
  5217   00407C  4A07               	infsnz	strncpy@cp^0,f,c
  5218   00407E  2A08               	incf	(strncpy@cp+1)^0,f,c
  5219   004080                     l4179:
  5220   004080  0605               	decf	strncpy@n^0,f,c
  5221   004082  A0D8               	btfss	status,0,c
  5222   004084  0606               	decf	(strncpy@n+1)^0,f,c
  5223   004086  2805               	incf	strncpy@n^0,w,c
  5224   004088  E106               	bnz	u5101
  5225   00408A  2806               	incf	(strncpy@n+1)^0,w,c
  5226   00408C  A4D8               	btfss	status,2,c
  5227   00408E  EF4B  F020         	goto	u5101
  5228   004092  EF4D  F020         	goto	u5100
  5229   004096                     u5101:
  5230   004096  EF39  F020         	goto	l4175
  5231   00409A                     u5100:
  5232   00409A  0012               	return		;funcret
  5233   00409C                     __end_of_strncpy:
  5234                           	callstack 0
  5235                           
  5236 ;; *************** function _strlen *****************
  5237 ;; Defined at:
  5238 ;;		line 5 in file "C:\Program Files\Microchip\xc8\v3.00\pic\sources\c99\common\strlen.c"
  5239 ;; Parameters:    Size  Location     Type
  5240 ;;  s               2    0[COMRAM] PTR const unsigned char 
  5241 ;;		 -> parse_nmea_line@lon_field(20), parse_nmea_line@lat_field(20), 
  5242 ;; Auto vars:     Size  Location     Type
  5243 ;;  a               2    2[COMRAM] PTR const unsigned char 
  5244 ;;		 -> parse_nmea_line@lon_field(20), parse_nmea_line@lat_field(20), 
  5245 ;; Return value:  Size  Location     Type
  5246 ;;                  2    0[COMRAM] unsigned int 
  5247 ;; Registers used:
  5248 ;;		wreg, fsr2l, fsr2h, status,2, status,0
  5249 ;; Tracked objects:
  5250 ;;		On entry : 0/0
  5251 ;;		On exit  : 0/0
  5252 ;;		Unchanged: 0/0
  5253 ;; Data sizes:     COMRAM   BANK0   BANK1   BANK2   BANK3   BANK4   BANK5   BANK6   BANK7
  5254 ;;      Params:         2       0       0       0       0       0       0       0       0
  5255 ;;      Locals:         2       0       0       0       0       0       0       0       0
  5256 ;;      Temps:          0       0       0       0       0       0       0       0       0
  5257 ;;      Totals:         4       0       0       0       0       0       0       0       0
  5258 ;;Total ram usage:        4 bytes
  5259 ;; Hardware stack levels used: 1
  5260 ;; This function calls:
  5261 ;;		Nothing
  5262 ;; This function is called by:
  5263 ;;		_parse_nmea_line
  5264 ;;		_nmea_latlon_to_decimal
  5265 ;; This function uses a non-reentrant model
  5266 ;;
  5267                           
  5268                           	psect	text17
  5269   0046B6                     __ptext17:
  5270                           	callstack 0
  5271   0046B6                     _strlen:
  5272                           	callstack 29
  5273   0046B6  C001  F003         	movff	strlen@s,strlen@a
  5274   0046BA  C002  F004         	movff	strlen@s+1,strlen@a+1
  5275   0046BE  EF63  F023         	goto	l4185
  5276   0046C2                     l4183:
  5277   0046C2  4A01               	infsnz	strlen@s^0,f,c
  5278   0046C4  2A02               	incf	(strlen@s+1)^0,f,c
  5279   0046C6                     l4185:
  5280   0046C6  C001  FFD9         	movff	strlen@s,fsr2l
  5281   0046CA  C002  FFDA         	movff	strlen@s+1,fsr2h
  5282   0046CE  50DF               	movf	indf2,w,c
  5283   0046D0  A4D8               	btfss	status,2,c
  5284   0046D2  EF6D  F023         	goto	u5111
  5285   0046D6  EF6F  F023         	goto	u5110
  5286   0046DA                     u5111:
  5287   0046DA  EF61  F023         	goto	l4183
  5288   0046DE                     u5110:
  5289   0046DE  5003               	movf	strlen@a^0,w,c
  5290   0046E0  5C01               	subwf	strlen@s^0,w,c
  5291   0046E2  6E01               	movwf	?_strlen^0,c
  5292   0046E4  5004               	movf	(strlen@a+1)^0,w,c
  5293   0046E6  5802               	subwfb	(strlen@s+1)^0,w,c
  5294   0046E8  6E02               	movwf	(?_strlen+1)^0,c
  5295   0046EA  0012               	return		;funcret
  5296   0046EC                     __end_of_strlen:
  5297                           	callstack 0
  5298                           
  5299 ;; *************** function _display_latlon *****************
  5300 ;; Defined at:
  5301 ;;		line 250 in file "GPS_I2C.c"
  5302 ;; Parameters:    Size  Location     Type
  5303 ;;  lat             4   53[BANK0 ] unsigned int 
  5304 ;;  lon             4   57[BANK0 ] unsigned int 
  5305 ;; Auto vars:     Size  Location     Type
  5306 ;;  buf            17   61[BANK0 ] unsigned char [17]
  5307 ;; Return value:  Size  Location     Type
  5308 ;;                  1    wreg      void 
  5309 ;; Registers used:
  5310 ;;		wreg, fsr1l, fsr1h, fsr2l, fsr2h, status,2, status,0, tblptrl, tblptrh, tblptru, prodl, prodh, cstack
  5311 ;; Tracked objects:
  5312 ;;		On entry : 0/0
  5313 ;;		On exit  : 0/0
  5314 ;;		Unchanged: 0/0
  5315 ;; Data sizes:     COMRAM   BANK0   BANK1   BANK2   BANK3   BANK4   BANK5   BANK6   BANK7
  5316 ;;      Params:         0       8       0       0       0       0       0       0       0
  5317 ;;      Locals:         0      17       0       0       0       0       0       0       0
  5318 ;;      Temps:          0       0       0       0       0       0       0       0       0
  5319 ;;      Totals:         0      25       0       0       0       0       0       0       0
  5320 ;;Total ram usage:       25 bytes
  5321 ;; Hardware stack levels used: 1
  5322 ;; Hardware stack levels required when called: 8
  5323 ;; This function calls:
  5324 ;;		_LCD_Clear
  5325 ;;		_LCD_Set_Cursor
  5326 ;;		_LCD_String
  5327 ;;		_sprintf
  5328 ;; This function is called by:
  5329 ;;		_parse_nmea_line
  5330 ;; This function uses a non-reentrant model
  5331 ;;
  5332                           
  5333                           	psect	text18
  5334   004106                     __ptext18:
  5335                           	callstack 0
  5336   004106                     _display_latlon:
  5337                           	callstack 21
  5338   004106                     
  5339                           ;GPS_I2C.c: 250: void display_latlon(double lat, double lon);GPS_I2C.c: 251: {;GPS_I2C.c
      +                          : 252:     char buf[17];;GPS_I2C.c: 253:     LCD_Clear();
  5340   004106  ECF3  F023         	call	_LCD_Clear	;wreg free
  5341                           
  5342                           ;GPS_I2C.c: 254:     LCD_Set_Cursor(1, 1);
  5343   00410A  0E01               	movlw	1
  5344   00410C  6E03               	movwf	LCD_Set_Cursor@col^0,c
  5345   00410E  0E01               	movlw	1
  5346   004110  ECBA  F023         	call	_LCD_Set_Cursor
  5347   004114                     
  5348                           ;GPS_I2C.c: 255:     sprintf(buf, "Lat: %.4f", lat);
  5349   004114  0E9D               	movlw	low display_latlon@buf
  5350   004116  0100               	movlb	0	; () banked
  5351   004118  6F8F               	movwf	sprintf@s& (0+255),b
  5352   00411A  0E1C               	movlw	low STR_7
  5353   00411C  6F90               	movwf	sprintf@fmt& (0+255),b
  5354   00411E  C095  F091         	movff	display_latlon@lat,?_sprintf+2
  5355   004122  C096  F092         	movff	display_latlon@lat+1,?_sprintf+3
  5356   004126  C097  F093         	movff	display_latlon@lat+2,?_sprintf+4
  5357   00412A  C098  F094         	movff	display_latlon@lat+3,?_sprintf+5
  5358   00412E  EC23  F023         	call	_sprintf	;wreg free
  5359   004132                     
  5360                           ;GPS_I2C.c: 256:     LCD_String(buf);
  5361   004132  0E9D               	movlw	low display_latlon@buf
  5362   004134  6E03               	movwf	LCD_String@msg^0,c
  5363   004136  6A04               	clrf	(LCD_String@msg+1)^0,c
  5364   004138  EC4B  F021         	call	_LCD_String	;wreg free
  5365   00413C                     
  5366                           ;GPS_I2C.c: 257:     LCD_Set_Cursor(2, 1);
  5367   00413C  0E01               	movlw	1
  5368   00413E  6E03               	movwf	LCD_Set_Cursor@col^0,c
  5369   004140  0E02               	movlw	2
  5370   004142  ECBA  F023         	call	_LCD_Set_Cursor
  5371   004146                     
  5372                           ;GPS_I2C.c: 258:     sprintf(buf, "Lon: %.4f", lon);
  5373   004146  0E9D               	movlw	low display_latlon@buf
  5374   004148  0100               	movlb	0	; () banked
  5375   00414A  6F8F               	movwf	sprintf@s& (0+255),b
  5376   00414C  0E12               	movlw	low STR_8
  5377   00414E  6F90               	movwf	sprintf@fmt& (0+255),b
  5378   004150  C099  F091         	movff	display_latlon@lon,?_sprintf+2
  5379   004154  C09A  F092         	movff	display_latlon@lon+1,?_sprintf+3
  5380   004158  C09B  F093         	movff	display_latlon@lon+2,?_sprintf+4
  5381   00415C  C09C  F094         	movff	display_latlon@lon+3,?_sprintf+5
  5382   004160  EC23  F023         	call	_sprintf	;wreg free
  5383                           
  5384                           ;GPS_I2C.c: 259:     LCD_String(buf);
  5385   004164  0E9D               	movlw	low display_latlon@buf
  5386   004166  6E03               	movwf	LCD_String@msg^0,c
  5387   004168  6A04               	clrf	(LCD_String@msg+1)^0,c
  5388   00416A  EC4B  F021         	call	_LCD_String	;wreg free
  5389   00416E  0012               	return		;funcret
  5390   004170                     __end_of_display_latlon:
  5391                           	callstack 0
  5392                           
  5393 ;; *************** function _sprintf *****************
  5394 ;; Defined at:
  5395 ;;		line 9 in file "C:\Program Files\Microchip\xc8\v3.00\pic\sources\c99\common\nf_sprintf.c"
  5396 ;; Parameters:    Size  Location     Type
  5397 ;;  s               1   47[BANK0 ] PTR unsigned char 
  5398 ;;		 -> display_latlon@buf(17), 
  5399 ;;  fmt             1   48[BANK0 ] PTR const unsigned char 
  5400 ;;		 -> STR_8(10), STR_7(10), 
  5401 ;; Auto vars:     Size  Location     Type
  5402 ;;  f              11   69[COMRAM] struct _IO_FILE
  5403 ;;  ret             2    0        int 
  5404 ;;  ap              1   68[COMRAM] PTR void [1]
  5405 ;;		 -> ?_sprintf(2), 
  5406 ;; Return value:  Size  Location     Type
  5407 ;;                  2   47[BANK0 ] int 
  5408 ;; Registers used:
  5409 ;;		wreg, fsr1l, fsr1h, fsr2l, fsr2h, status,2, status,0, tblptrl, tblptrh, tblptru, prodl, prodh, cstack
  5410 ;; Tracked objects:
  5411 ;;		On entry : 0/0
  5412 ;;		On exit  : 0/0
  5413 ;;		Unchanged: 0/0
  5414 ;; Data sizes:     COMRAM   BANK0   BANK1   BANK2   BANK3   BANK4   BANK5   BANK6   BANK7
  5415 ;;      Params:         0       6       0       0       0       0       0       0       0
  5416 ;;      Locals:        12       0       0       0       0       0       0       0       0
  5417 ;;      Temps:          0       0       0       0       0       0       0       0       0
  5418 ;;      Totals:        12       6       0       0       0       0       0       0       0
  5419 ;;Total ram usage:       18 bytes
  5420 ;; Hardware stack levels used: 1
  5421 ;; Hardware stack levels required when called: 7
  5422 ;; This function calls:
  5423 ;;		_vfprintf
  5424 ;; This function is called by:
  5425 ;;		_display_latlon
  5426 ;; This function uses a non-reentrant model
  5427 ;;
  5428                           
  5429                           	psect	text19
  5430   004646                     __ptext19:
  5431                           	callstack 0
  5432   004646                     _sprintf:
  5433                           	callstack 21
  5434   004646  0E91               	movlw	low (?_sprintf+2)
  5435   004648  6E45               	movwf	sprintf@ap^0,c
  5436   00464A  C08F  F046         	movff	sprintf@s,sprintf@f
  5437   00464E  0E00               	movlw	0
  5438   004650  6E49               	movwf	(sprintf@f+3)^0,c
  5439   004652  0E00               	movlw	0
  5440   004654  6E48               	movwf	(sprintf@f+2)^0,c
  5441   004656  0E00               	movlw	0
  5442   004658  6E50               	movwf	(sprintf@f+10)^0,c
  5443   00465A  0E00               	movlw	0
  5444   00465C  6E4F               	movwf	(sprintf@f+9)^0,c
  5445   00465E  0E46               	movlw	low sprintf@f
  5446   004660  0100               	movlb	0	; () banked
  5447   004662  6F8C               	movwf	vfprintf@fp& (0+255),b
  5448   004664  C090  F08D         	movff	sprintf@fmt,vfprintf@fmt
  5449   004668  0E45               	movlw	low sprintf@ap
  5450   00466A  6F8E               	movwf	vfprintf@ap& (0+255),b
  5451   00466C  ECC6  F022         	call	_vfprintf	;wreg free
  5452   004670  0100               	movlb	0	; () banked
  5453   004672  518F               	movf	sprintf@s& (0+255),w,b
  5454   004674  2448               	addwf	(sprintf@f+2)^0,w,c
  5455   004676  6ED9               	movwf	fsr2l,c
  5456   004678  6ADA               	clrf	fsr2h,c
  5457   00467A  6ADF               	clrf	indf2,c
  5458   00467C                     
  5459                           ; BSR set to: 0
  5460   00467C  0012               	return		;funcret
  5461   00467E                     __end_of_sprintf:
  5462                           	callstack 0
  5463                           
  5464 ;; *************** function _vfprintf *****************
  5465 ;; Defined at:
  5466 ;;		line 1817 in file "C:\Program Files\Microchip\xc8\v3.00\pic\sources\c99\common\doprnt.c"
  5467 ;; Parameters:    Size  Location     Type
  5468 ;;  fp              1   44[BANK0 ] PTR struct _IO_FILE
  5469 ;;		 -> sprintf@f(11), 
  5470 ;;  fmt             1   45[BANK0 ] PTR const unsigned char 
  5471 ;;		 -> STR_8(10), STR_7(10), 
  5472 ;;  ap              1   46[BANK0 ] PTR PTR void 
  5473 ;;		 -> sprintf@ap(1), 
  5474 ;; Auto vars:     Size  Location     Type
  5475 ;;  cfmt            1   67[COMRAM] PTR unsigned char 
  5476 ;;		 -> STR_8(10), STR_7(10), 
  5477 ;; Return value:  Size  Location     Type
  5478 ;;                  2   44[BANK0 ] int 
  5479 ;; Registers used:
  5480 ;;		wreg, fsr1l, fsr1h, fsr2l, fsr2h, status,2, status,0, tblptrl, tblptrh, tblptru, prodl, prodh, cstack
  5481 ;; Tracked objects:
  5482 ;;		On entry : 0/0
  5483 ;;		On exit  : 0/0
  5484 ;;		Unchanged: 0/0
  5485 ;; Data sizes:     COMRAM   BANK0   BANK1   BANK2   BANK3   BANK4   BANK5   BANK6   BANK7
  5486 ;;      Params:         0       3       0       0       0       0       0       0       0
  5487 ;;      Locals:         1       0       0       0       0       0       0       0       0
  5488 ;;      Temps:          0       0       0       0       0       0       0       0       0
  5489 ;;      Totals:         1       3       0       0       0       0       0       0       0
  5490 ;;Total ram usage:        4 bytes
  5491 ;; Hardware stack levels used: 1
  5492 ;; Hardware stack levels required when called: 6
  5493 ;; This function calls:
  5494 ;;		_vfpfcnvrt
  5495 ;; This function is called by:
  5496 ;;		_sprintf
  5497 ;; This function uses a non-reentrant model
  5498 ;;
  5499                           
  5500                           	psect	text20
  5501   00458C                     __ptext20:
  5502                           	callstack 0
  5503   00458C                     _vfprintf:
  5504                           	callstack 21
  5505   00458C                     
  5506                           ;C:\Program Files\Microchip\xc8\v3.00\pic\sources\c99\common\doprnt.c: 1817: int vfprint
      +                          f(FILE *fp, const char *fmt, va_list ap);C:\Program Files\Microchip\xc8\v3.00\pic\source
      +                          s\c99\common\doprnt.c: 1818: {;C:\Program Files\Microchip\xc8\v3.00\pic\sources\c99\comm
      +                          on\doprnt.c: 1820:     char *cfmt;;C:\Program Files\Microchip\xc8\v3.00\pic\sources\c99\
      +                          common\doprnt.c: 1822:     cfmt = (char *)fmt;
  5507   00458C  C08D  F044         	movff	vfprintf@fmt,vfprintf@cfmt
  5508                           
  5509                           ;C:\Program Files\Microchip\xc8\v3.00\pic\sources\c99\common\doprnt.c: 1826:     while (
      +                          *cfmt) {
  5510   004590  EFD2  F022         	goto	l4103
  5511   004594                     l4101:
  5512                           
  5513                           ;C:\Program Files\Microchip\xc8\v3.00\pic\sources\c99\common\doprnt.c: 1830:    vfpfcnvr
      +                          t(fp, &cfmt, ap);
  5514   004594  C08C  F03A         	movff	vfprintf@fp,vfpfcnvrt@fp
  5515   004598  0E44               	movlw	low vfprintf@cfmt
  5516   00459A  6E3B               	movwf	vfpfcnvrt@fmt^0,c
  5517   00459C  C08E  F03C         	movff	vfprintf@ap,vfpfcnvrt@ap
  5518   0045A0  ECF0  F019         	call	_vfpfcnvrt	;wreg free
  5519   0045A4                     l4103:
  5520                           
  5521                           ;C:\Program Files\Microchip\xc8\v3.00\pic\sources\c99\common\doprnt.c: 1826:     while (
      +                          *cfmt) {
  5522   0045A4  C044  FFF6         	movff	vfprintf@cfmt,tblptrl
  5523   0045A8                     	if	1	;There is more than 1 active tblptr byte
  5524   0045A8  0E08               	movlw	high __smallconst
  5525   0045AA  6EF7               	movwf	tblptrh,c
  5526   0045AC                     	endif
  5527   0045AC                     	if	0	;tblptru may be non-zero
  5528   0045AC                     	endif
  5529   0045AC                     	if	0	;tblptru may be non-zero
  5530   0045AC                     	endif
  5531   0045AC  0008               	tblrd		*
  5532   0045AE  50F5               	movf	tablat,w,c
  5533   0045B0  0900               	iorlw	0
  5534   0045B2  A4D8               	btfss	status,2,c
  5535   0045B4  EFDE  F022         	goto	u4961
  5536   0045B8  EFE0  F022         	goto	u4960
  5537   0045BC                     u4961:
  5538   0045BC  EFCA  F022         	goto	l4101
  5539   0045C0                     u4960:
  5540   0045C0                     
  5541                           ;C:\Program Files\Microchip\xc8\v3.00\pic\sources\c99\common\doprnt.c: 1835:  return 0;
  5542   0045C0  0E00               	movlw	0
  5543   0045C2  0100               	movlb	0	; () banked
  5544   0045C4  6F8D               	movwf	(?_vfprintf+1)& (0+255),b
  5545   0045C6  0E00               	movlw	0
  5546   0045C8  6F8C               	movwf	?_vfprintf& (0+255),b
  5547   0045CA                     
  5548                           ; BSR set to: 0
  5549   0045CA  0012               	return		;funcret
  5550   0045CC                     __end_of_vfprintf:
  5551                           	callstack 0
  5552                           
  5553 ;; *************** function _vfpfcnvrt *****************
  5554 ;; Defined at:
  5555 ;;		line 1177 in file "C:\Program Files\Microchip\xc8\v3.00\pic\sources\c99\common\doprnt.c"
  5556 ;; Parameters:    Size  Location     Type
  5557 ;;  fp              1   57[COMRAM] PTR struct _IO_FILE
  5558 ;;		 -> sprintf@f(11), 
  5559 ;;  fmt             1   58[COMRAM] PTR PTR unsigned char 
  5560 ;;		 -> vfprintf@cfmt(1), 
  5561 ;;  ap              1   59[COMRAM] PTR PTR void 
  5562 ;;		 -> sprintf@ap(1), 
  5563 ;; Auto vars:     Size  Location     Type
  5564 ;;  convarg         4   61[COMRAM] struct .
  5565 ;;  cp              1   66[COMRAM] PTR unsigned char 
  5566 ;;		 -> STR_8(10), STR_7(10), 
  5567 ;;  c               1   65[COMRAM] unsigned char 
  5568 ;;  done            1    0        _Bool 
  5569 ;; Return value:  Size  Location     Type
  5570 ;;                  1    wreg      void 
  5571 ;; Registers used:
  5572 ;;		wreg, fsr1l, fsr1h, fsr2l, fsr2h, status,2, status,0, tblptrl, tblptrh, tblptru, prodl, prodh, cstack
  5573 ;; Tracked objects:
  5574 ;;		On entry : 0/0
  5575 ;;		On exit  : 0/0
  5576 ;;		Unchanged: 0/0
  5577 ;; Data sizes:     COMRAM   BANK0   BANK1   BANK2   BANK3   BANK4   BANK5   BANK6   BANK7
  5578 ;;      Params:         3       0       0       0       0       0       0       0       0
  5579 ;;      Locals:         6       0       0       0       0       0       0       0       0
  5580 ;;      Temps:          1       0       0       0       0       0       0       0       0
  5581 ;;      Totals:        10       0       0       0       0       0       0       0       0
  5582 ;;Total ram usage:       10 bytes
  5583 ;; Hardware stack levels used: 1
  5584 ;; Hardware stack levels required when called: 5
  5585 ;; This function calls:
  5586 ;;		_efgtoa
  5587 ;;		_fputc
  5588 ;;		_read_prec_or_width
  5589 ;; This function is called by:
  5590 ;;		_vfprintf
  5591 ;; This function uses a non-reentrant model
  5592 ;;
  5593                           
  5594                           	psect	text21
  5595   0033E0                     __ptext21:
  5596                           	callstack 0
  5597   0033E0                     _vfpfcnvrt:
  5598                           	callstack 21
  5599   0033E0                     
  5600                           ;C:\Program Files\Microchip\xc8\v3.00\pic\sources\c99\common\doprnt.c: 1177: vfpfcnvrt(F
      +                          ILE *fp, char *fmt[], va_list ap);C:\Program Files\Microchip\xc8\v3.00\pic\sources\c99\c
      +                          ommon\doprnt.c: 1178: {;C:\Program Files\Microchip\xc8\v3.00\pic\sources\c99\common\dopr
      +                          nt.c: 1179:     char c, *cp;;C:\Program Files\Microchip\xc8\v3.00\pic\sources\c99\common
      +                          \doprnt.c: 1180:     _Bool done;;C:\Program Files\Microchip\xc8\v3.00\pic\sources\c99\co
      +                          mmon\doprnt.c: 1188:  } convarg;;C:\Program Files\Microchip\xc8\v3.00\pic\sources\c99\co
      +                          mmon\doprnt.c: 1201:     if ((*fmt)[0] == '%') {
  5601   0033E0  503B               	movf	vfpfcnvrt@fmt^0,w,c
  5602   0033E2  6ED9               	movwf	fsr2l,c
  5603   0033E4  6ADA               	clrf	fsr2h,c
  5604   0033E6  CFDF FFF6          	movff	indf2,tblptrl
  5605   0033EA                     	if	1	;There is more than 1 active tblptr byte
  5606   0033EA  0E08               	movlw	high __smallconst
  5607   0033EC  6EF7               	movwf	tblptrh,c
  5608   0033EE                     	endif
  5609   0033EE                     	if	0	;tblptru may be non-zero
  5610   0033EE                     	endif
  5611   0033EE                     	if	0	;tblptru may be non-zero
  5612   0033EE                     	endif
  5613   0033EE  0008               	tblrd		*
  5614   0033F0  50F5               	movf	tablat,w,c
  5615   0033F2  0A25               	xorlw	37
  5616   0033F4  A4D8               	btfss	status,2,c
  5617   0033F6  EFFF  F019         	goto	u4811
  5618   0033FA  EF01  F01A         	goto	u4810
  5619   0033FE                     u4811:
  5620   0033FE  EFC5  F01A         	goto	l3999
  5621   003402                     u4810:
  5622   003402                     
  5623                           ;C:\Program Files\Microchip\xc8\v3.00\pic\sources\c99\common\doprnt.c: 1202:         ++*
      +                          fmt;
  5624   003402  503B               	movf	vfpfcnvrt@fmt^0,w,c
  5625   003404  6ED9               	movwf	fsr2l,c
  5626   003406  6ADA               	clrf	fsr2h,c
  5627   003408  2ADF               	incf	indf2,f,c
  5628   00340A                     
  5629                           ;C:\Program Files\Microchip\xc8\v3.00\pic\sources\c99\common\doprnt.c: 1204:         fla
      +                          gs = width = 0;
  5630   00340A  0E00               	movlw	0
  5631   00340C  0100               	movlb	0	; () banked
  5632   00340E  6FE5               	movwf	(_width+1)& (0+255),b
  5633   003410  0E00               	movlw	0
  5634   003412  6FE4               	movwf	_width& (0+255),b
  5635   003414  C0E4  F05C         	movff	_width,_flags
  5636   003418                     
  5637                           ; BSR set to: 0
  5638                           ;C:\Program Files\Microchip\xc8\v3.00\pic\sources\c99\common\doprnt.c: 1205:         pre
      +                          c = -1;
  5639   003418  69E6               	setf	_prec& (0+255),b
  5640   00341A  69E7               	setf	(_prec+1)& (0+255),b
  5641   00341C                     
  5642                           ; BSR set to: 0
  5643                           ;C:\Program Files\Microchip\xc8\v3.00\pic\sources\c99\common\doprnt.c: 1265:         if 
      +                          ((*fmt)[0] == '.') {
  5644   00341C  503B               	movf	vfpfcnvrt@fmt^0,w,c
  5645   00341E  6ED9               	movwf	fsr2l,c
  5646   003420  6ADA               	clrf	fsr2h,c
  5647   003422  CFDF FFF6          	movff	indf2,tblptrl
  5648   003426                     	if	1	;There is more than 1 active tblptr byte
  5649   003426  0E08               	movlw	high __smallconst
  5650   003428  6EF7               	movwf	tblptrh,c
  5651   00342A                     	endif
  5652   00342A                     	if	0	;tblptru may be non-zero
  5653   00342A                     	endif
  5654   00342A                     	if	0	;tblptru may be non-zero
  5655   00342A                     	endif
  5656   00342A  0008               	tblrd		*
  5657   00342C  50F5               	movf	tablat,w,c
  5658   00342E  0A2E               	xorlw	46
  5659   003430  A4D8               	btfss	status,2,c
  5660   003432  EF1D  F01A         	goto	u4821
  5661   003436  EF1F  F01A         	goto	u4820
  5662   00343A                     u4821:
  5663   00343A  EF2D  F01A         	goto	l3963
  5664   00343E                     u4820:
  5665   00343E                     
  5666                           ; BSR set to: 0
  5667                           ;C:\Program Files\Microchip\xc8\v3.00\pic\sources\c99\common\doprnt.c: 1266:            
      +                           ++*fmt;
  5668   00343E  503B               	movf	vfpfcnvrt@fmt^0,w,c
  5669   003440  6ED9               	movwf	fsr2l,c
  5670   003442  6ADA               	clrf	fsr2h,c
  5671   003444  2ADF               	incf	indf2,f,c
  5672   003446                     
  5673                           ; BSR set to: 0
  5674                           ;C:\Program Files\Microchip\xc8\v3.00\pic\sources\c99\common\doprnt.c: 1267:    prec = r
      +                          ead_prec_or_width(fmt, ap);
  5675   003446  C03B  F001         	movff	vfpfcnvrt@fmt,read_prec_or_width@fmt
  5676   00344A  C03C  F002         	movff	vfpfcnvrt@ap,read_prec_or_width@ap
  5677   00344E  ECBB  F01F         	call	_read_prec_or_width	;wreg free
  5678   003452  C001  F0E6         	movff	?_read_prec_or_width,_prec
  5679   003456  C002  F0E7         	movff	?_read_prec_or_width+1,_prec+1
  5680   00345A                     l3963:
  5681                           
  5682                           ;C:\Program Files\Microchip\xc8\v3.00\pic\sources\c99\common\doprnt.c: 1689:   cp = *fmt
      +                          ;
  5683   00345A  503B               	movf	vfpfcnvrt@fmt^0,w,c
  5684   00345C  6ED9               	movwf	fsr2l,c
  5685   00345E  6ADA               	clrf	fsr2h,c
  5686   003460  50DF               	movf	indf2,w,c
  5687   003462  6E43               	movwf	vfpfcnvrt@cp^0,c
  5688   003464                     
  5689                           ;C:\Program Files\Microchip\xc8\v3.00\pic\sources\c99\common\doprnt.c: 1690:   c = *cp;
  5690   003464  C043  FFF6         	movff	vfpfcnvrt@cp,tblptrl
  5691   003468                     	if	1	;There is more than 1 active tblptr byte
  5692   003468  0E08               	movlw	high __smallconst
  5693   00346A  6EF7               	movwf	tblptrh,c
  5694   00346C                     	endif
  5695   00346C                     	if	0	;tblptru may be non-zero
  5696   00346C                     	endif
  5697   00346C                     	if	0	;tblptru may be non-zero
  5698   00346C                     	endif
  5699   00346C  0008               	tblrd		*
  5700   00346E  CFF5 F042          	movff	tablat,vfpfcnvrt@c
  5701                           
  5702                           ;C:\Program Files\Microchip\xc8\v3.00\pic\sources\c99\common\doprnt.c: 1691:   switch(c)
      +                           {
  5703   003472  EF45  F01A         	goto	l3973
  5704   003476                     l3967:
  5705                           
  5706                           ;C:\Program Files\Microchip\xc8\v3.00\pic\sources\c99\common\doprnt.c: 1695:     cp++;
  5707   003476  2A43               	incf	vfpfcnvrt@cp^0,f,c
  5708                           
  5709                           ;C:\Program Files\Microchip\xc8\v3.00\pic\sources\c99\common\doprnt.c: 1696:     break;
  5710   003478  EF54  F01A         	goto	l3975
  5711   00347C                     l3969:
  5712                           
  5713                           ;C:\Program Files\Microchip\xc8\v3.00\pic\sources\c99\common\doprnt.c: 1721:     c = 'l'
      +                          ;
  5714   00347C  0E6C               	movlw	108
  5715   00347E  6E42               	movwf	vfpfcnvrt@c^0,c
  5716                           
  5717                           ;C:\Program Files\Microchip\xc8\v3.00\pic\sources\c99\common\doprnt.c: 1722:     break;
  5718   003480  EF54  F01A         	goto	l3975
  5719   003484                     l940:
  5720                           
  5721                           ;C:\Program Files\Microchip\xc8\v3.00\pic\sources\c99\common\doprnt.c: 1724:     c = 0;
  5722   003484  6A42               	clrf	vfpfcnvrt@c^0,c
  5723                           
  5724                           ;C:\Program Files\Microchip\xc8\v3.00\pic\sources\c99\common\doprnt.c: 1725:     break;
  5725   003486  EF54  F01A         	goto	l3975
  5726   00348A                     l3973:
  5727   00348A  5042               	movf	vfpfcnvrt@c^0,w,c
  5728                           
  5729                           ; Switch size 1, requested type "simple"
  5730                           ; Number of cases is 3, Range of values is 76 to 108
  5731                           ; switch strategies available:
  5732                           ; Name         Instructions Cycles
  5733                           ; simple_byte           10     6 (average)
  5734                           ;	Chosen strategy is simple_byte
  5735   00348C  0A4C               	xorlw	76	; case 76
  5736   00348E  B4D8               	btfsc	status,2,c
  5737   003490  EF3B  F01A         	goto	l3967
  5738   003494  0A2A               	xorlw	42	; case 102
  5739   003496  B4D8               	btfsc	status,2,c
  5740   003498  EF3E  F01A         	goto	l3969
  5741   00349C  0A0A               	xorlw	10	; case 108
  5742   00349E  B4D8               	btfsc	status,2,c
  5743   0034A0  EF3B  F01A         	goto	l3967
  5744   0034A4  EF42  F01A         	goto	l940
  5745   0034A8                     l3975:
  5746   0034A8  C043  FFF6         	movff	vfpfcnvrt@cp,tblptrl
  5747   0034AC                     	if	1	;There is more than 1 active tblptr byte
  5748   0034AC  0E08               	movlw	high __smallconst
  5749   0034AE  6EF7               	movwf	tblptrh,c
  5750   0034B0                     	endif
  5751   0034B0                     	if	0	;tblptru may be non-zero
  5752   0034B0                     	endif
  5753   0034B0                     	if	0	;tblptru may be non-zero
  5754   0034B0                     	endif
  5755   0034B0  0008               	tblrd		*
  5756   0034B2  50F5               	movf	tablat,w,c
  5757   0034B4  0A66               	xorlw	102
  5758   0034B6  A4D8               	btfss	status,2,c
  5759   0034B8  EF60  F01A         	goto	u4831
  5760   0034BC  EF62  F01A         	goto	u4830
  5761   0034C0                     u4831:
  5762   0034C0  EFBF  F01A         	goto	l3995
  5763   0034C4                     u4830:
  5764   0034C4  EF8C  F01A         	goto	l3983
  5765   0034C8                     l3977:
  5766                           
  5767                           ;C:\Program Files\Microchip\xc8\v3.00\pic\sources\c99\common\doprnt.c: 1756:      convar
      +                          g.f = (long double)(*(double *)__va_arg(*(double **)ap, (double)0));
  5768   0034C8  503C               	movf	vfpfcnvrt@ap^0,w,c
  5769   0034CA  6ED9               	movwf	fsr2l,c
  5770   0034CC  6ADA               	clrf	fsr2h,c
  5771   0034CE  CFDF F03D          	movff	indf2,??_vfpfcnvrt
  5772   0034D2  0E04               	movlw	4
  5773   0034D4  26DF               	addwf	indf2,f,c
  5774   0034D6  503D               	movf	??_vfpfcnvrt^0,w,c
  5775   0034D8  6ED9               	movwf	fsr2l,c
  5776   0034DA  6ADA               	clrf	fsr2h,c
  5777   0034DC  CFDE F03E          	movff	postinc2,vfpfcnvrt@convarg
  5778   0034E0  CFDE F03F          	movff	postinc2,vfpfcnvrt@convarg+1
  5779   0034E4  CFDE F040          	movff	postinc2,vfpfcnvrt@convarg+2
  5780   0034E8  CFDE F041          	movff	postinc2,vfpfcnvrt@convarg+3
  5781                           
  5782                           ;C:\Program Files\Microchip\xc8\v3.00\pic\sources\c99\common\doprnt.c: 1757:      break;
  5783   0034EC  EF97  F01A         	goto	l3985
  5784   0034F0                     l3979:
  5785                           
  5786                           ;C:\Program Files\Microchip\xc8\v3.00\pic\sources\c99\common\doprnt.c: 1759:      convar
      +                          g.f = (long double)(*(long double *)__va_arg(*(long double **)ap, (long double)0));
  5787   0034F0  503C               	movf	vfpfcnvrt@ap^0,w,c
  5788   0034F2  6ED9               	movwf	fsr2l,c
  5789   0034F4  6ADA               	clrf	fsr2h,c
  5790   0034F6  CFDF F03D          	movff	indf2,??_vfpfcnvrt
  5791   0034FA  0E04               	movlw	4
  5792   0034FC  26DF               	addwf	indf2,f,c
  5793   0034FE  503D               	movf	??_vfpfcnvrt^0,w,c
  5794   003500  6ED9               	movwf	fsr2l,c
  5795   003502  6ADA               	clrf	fsr2h,c
  5796   003504  CFDE F03E          	movff	postinc2,vfpfcnvrt@convarg
  5797   003508  CFDE F03F          	movff	postinc2,vfpfcnvrt@convarg+1
  5798   00350C  CFDE F040          	movff	postinc2,vfpfcnvrt@convarg+2
  5799   003510  CFDE F041          	movff	postinc2,vfpfcnvrt@convarg+3
  5800                           
  5801                           ;C:\Program Files\Microchip\xc8\v3.00\pic\sources\c99\common\doprnt.c: 1760:      break;
  5802   003514  EF97  F01A         	goto	l3985
  5803   003518                     l3983:
  5804   003518  5042               	movf	vfpfcnvrt@c^0,w,c
  5805                           
  5806                           ; Switch size 1, requested type "simple"
  5807                           ; Number of cases is 2, Range of values is 76 to 108
  5808                           ; switch strategies available:
  5809                           ; Name         Instructions Cycles
  5810                           ; simple_byte            7     4 (average)
  5811                           ;	Chosen strategy is simple_byte
  5812   00351A  0A4C               	xorlw	76	; case 76
  5813   00351C  B4D8               	btfsc	status,2,c
  5814   00351E  EF78  F01A         	goto	l3979
  5815   003522  0A20               	xorlw	32	; case 108
  5816   003524  B4D8               	btfsc	status,2,c
  5817   003526  EF64  F01A         	goto	l3977
  5818   00352A  EF97  F01A         	goto	l3985
  5819   00352E                     l3985:
  5820                           
  5821                           ;C:\Program Files\Microchip\xc8\v3.00\pic\sources\c99\common\doprnt.c: 1762:    *fmt = c
      +                          p+1;
  5822   00352E  503B               	movf	vfpfcnvrt@fmt^0,w,c
  5823   003530  6ED9               	movwf	fsr2l,c
  5824   003532  6ADA               	clrf	fsr2h,c
  5825   003534  2843               	incf	vfpfcnvrt@cp^0,w,c
  5826   003536  6EDF               	movwf	indf2,c
  5827                           
  5828                           ;C:\Program Files\Microchip\xc8\v3.00\pic\sources\c99\common\doprnt.c: 1763:    switch (
      +                          *cp) {
  5829   003538  EFB3  F01A         	goto	l3993
  5830   00353C                     l3987:
  5831                           
  5832                           ;C:\Program Files\Microchip\xc8\v3.00\pic\sources\c99\common\doprnt.c: 1790:      return
      +                           (void) efgtoa(fp, convarg.f, *cp);;	Return value of _vfpfcnvrt is never used
  5833   00353C  C03A  F032         	movff	vfpfcnvrt@fp,efgtoa@fp
  5834   003540  C03E  F033         	movff	vfpfcnvrt@convarg,efgtoa@f
  5835   003544  C03F  F034         	movff	vfpfcnvrt@convarg+1,efgtoa@f+1
  5836   003548  C040  F035         	movff	vfpfcnvrt@convarg+2,efgtoa@f+2
  5837   00354C  C041  F036         	movff	vfpfcnvrt@convarg+3,efgtoa@f+3
  5838   003550  C043  FFF6         	movff	vfpfcnvrt@cp,tblptrl
  5839   003554                     	if	1	;There is more than 1 active tblptr byte
  5840   003554  0E08               	movlw	high __smallconst
  5841   003556  6EF7               	movwf	tblptrh,c
  5842   003558                     	endif
  5843   003558                     	if	0	;tblptru may be non-zero
  5844   003558                     	endif
  5845   003558                     	if	0	;tblptru may be non-zero
  5846   003558                     	endif
  5847   003558  0008               	tblrd		*
  5848   00355A  CFF5 F037          	movff	tablat,efgtoa@c
  5849   00355E  EC45  F00C         	call	_efgtoa	;wreg free
  5850   003562  EFD6  F01A         	goto	l950
  5851   003566                     l3993:
  5852   003566  C043  FFF6         	movff	vfpfcnvrt@cp,tblptrl
  5853   00356A                     	if	1	;There is more than 1 active tblptr byte
  5854   00356A  0E08               	movlw	high __smallconst
  5855   00356C  6EF7               	movwf	tblptrh,c
  5856   00356E                     	endif
  5857   00356E                     	if	0	;tblptru may be non-zero
  5858   00356E                     	endif
  5859   00356E                     	if	0	;tblptru may be non-zero
  5860   00356E                     	endif
  5861   00356E  0008               	tblrd		*
  5862   003570  50F5               	movf	tablat,w,c
  5863                           
  5864                           ; Switch size 1, requested type "simple"
  5865                           ; Number of cases is 1, Range of values is 102 to 102
  5866                           ; switch strategies available:
  5867                           ; Name         Instructions Cycles
  5868                           ; simple_byte            4     3 (average)
  5869                           ;	Chosen strategy is simple_byte
  5870   003572  0A66               	xorlw	102	; case 102
  5871   003574  B4D8               	btfsc	status,2,c
  5872   003576  EF9E  F01A         	goto	l3987
  5873   00357A  EFBF  F01A         	goto	l3995
  5874   00357E                     l3995:
  5875                           
  5876                           ;C:\Program Files\Microchip\xc8\v3.00\pic\sources\c99\common\doprnt.c: 1806:         ++*
      +                          fmt;
  5877   00357E  503B               	movf	vfpfcnvrt@fmt^0,w,c
  5878   003580  6ED9               	movwf	fsr2l,c
  5879   003582  6ADA               	clrf	fsr2h,c
  5880   003584  2ADF               	incf	indf2,f,c
  5881   003586  EFD6  F01A         	goto	l950
  5882   00358A                     l3999:
  5883                           
  5884                           ;C:\Program Files\Microchip\xc8\v3.00\pic\sources\c99\common\doprnt.c: 1811:     fputc((
      +                          int)(*fmt)[0], fp);
  5885   00358A  503B               	movf	vfpfcnvrt@fmt^0,w,c
  5886   00358C  6ED9               	movwf	fsr2l,c
  5887   00358E  6ADA               	clrf	fsr2h,c
  5888   003590  CFDF FFF6          	movff	indf2,tblptrl
  5889   003594                     	if	1	;There is more than 1 active tblptr byte
  5890   003594  0E08               	movlw	high __smallconst
  5891   003596  6EF7               	movwf	tblptrh,c
  5892   003598                     	endif
  5893   003598                     	if	0	;tblptru may be non-zero
  5894   003598                     	endif
  5895   003598                     	if	0	;tblptru may be non-zero
  5896   003598                     	endif
  5897   003598  0008               	tblrd		*
  5898   00359A  50F5               	movf	tablat,w,c
  5899   00359C  6E01               	movwf	fputc@c^0,c
  5900   00359E  6A02               	clrf	(fputc@c+1)^0,c
  5901   0035A0  C03A  F003         	movff	vfpfcnvrt@fp,fputc@fp
  5902   0035A4  EC11  F01F         	call	_fputc	;wreg free
  5903   0035A8  EFBF  F01A         	goto	l3995
  5904   0035AC                     l950:
  5905   0035AC  0012               	return		;funcret
  5906   0035AE                     __end_of_vfpfcnvrt:
  5907                           	callstack 0
  5908                           
  5909 ;; *************** function _read_prec_or_width *****************
  5910 ;; Defined at:
  5911 ;;		line 1158 in file "C:\Program Files\Microchip\xc8\v3.00\pic\sources\c99\common\doprnt.c"
  5912 ;; Parameters:    Size  Location     Type
  5913 ;;  fmt             1    0[COMRAM] PTR PTR const unsigned c
  5914 ;;		 -> vfprintf@cfmt(1), 
  5915 ;;  ap              1    1[COMRAM] PTR PTR void [1]
  5916 ;;		 -> sprintf@ap(1), 
  5917 ;; Auto vars:     Size  Location     Type
  5918 ;;  c               1    4[COMRAM] unsigned char 
  5919 ;;  n               2    5[COMRAM] int 
  5920 ;; Return value:  Size  Location     Type
  5921 ;;                  2    0[COMRAM] int 
  5922 ;; Registers used:
  5923 ;;		wreg, fsr2l, fsr2h, status,2, status,0, tblptrl, tblptrh, tblptru, prodl, prodh
  5924 ;; Tracked objects:
  5925 ;;		On entry : 0/0
  5926 ;;		On exit  : 0/0
  5927 ;;		Unchanged: 0/0
  5928 ;; Data sizes:     COMRAM   BANK0   BANK1   BANK2   BANK3   BANK4   BANK5   BANK6   BANK7
  5929 ;;      Params:         2       0       0       0       0       0       0       0       0
  5930 ;;      Locals:         3       0       0       0       0       0       0       0       0
  5931 ;;      Temps:          2       0       0       0       0       0       0       0       0
  5932 ;;      Totals:         7       0       0       0       0       0       0       0       0
  5933 ;;Total ram usage:        7 bytes
  5934 ;; Hardware stack levels used: 1
  5935 ;; This function calls:
  5936 ;;		Nothing
  5937 ;; This function is called by:
  5938 ;;		_vfpfcnvrt
  5939 ;; This function uses a non-reentrant model
  5940 ;;
  5941                           
  5942                           	psect	text22
  5943   003F76                     __ptext22:
  5944                           	callstack 0
  5945   003F76                     _read_prec_or_width:
  5946                           	callstack 25
  5947   003F76                     
  5948                           ;C:\Program Files\Microchip\xc8\v3.00\pic\sources\c99\common\doprnt.c: 1159:     int n =
      +                           0;
  5949   003F76  0E00               	movlw	0
  5950   003F78  6E07               	movwf	(read_prec_or_width@n+1)^0,c
  5951   003F7A  0E00               	movlw	0
  5952   003F7C  6E06               	movwf	read_prec_or_width@n^0,c
  5953   003F7E                     
  5954                           ;C:\Program Files\Microchip\xc8\v3.00\pic\sources\c99\common\doprnt.c: 1160:     if ((*f
      +                          mt)[0] == '*') {
  5955   003F7E  5001               	movf	read_prec_or_width@fmt^0,w,c
  5956   003F80  6ED9               	movwf	fsr2l,c
  5957   003F82  6ADA               	clrf	fsr2h,c
  5958   003F84  CFDF FFF6          	movff	indf2,tblptrl
  5959   003F88                     	if	1	;There is more than 1 active tblptr byte
  5960   003F88  0E08               	movlw	high __smallconst
  5961   003F8A  6EF7               	movwf	tblptrh,c
  5962   003F8C                     	endif
  5963   003F8C                     	if	0	;tblptru may be non-zero
  5964   003F8C                     	endif
  5965   003F8C                     	if	0	;tblptru may be non-zero
  5966   003F8C                     	endif
  5967   003F8C  0008               	tblrd		*
  5968   003F8E  50F5               	movf	tablat,w,c
  5969   003F90  0A2A               	xorlw	42
  5970   003F92  A4D8               	btfss	status,2,c
  5971   003F94  EFCE  F01F         	goto	u4791
  5972   003F98  EFD0  F01F         	goto	u4790
  5973   003F9C                     u4791:
  5974   003F9C  EFF5  F01F         	goto	l3947
  5975   003FA0                     u4790:
  5976   003FA0                     
  5977                           ;C:\Program Files\Microchip\xc8\v3.00\pic\sources\c99\common\doprnt.c: 1161:         ++*
      +                          fmt;
  5978   003FA0  5001               	movf	read_prec_or_width@fmt^0,w,c
  5979   003FA2  6ED9               	movwf	fsr2l,c
  5980   003FA4  6ADA               	clrf	fsr2h,c
  5981   003FA6  2ADF               	incf	indf2,f,c
  5982   003FA8                     
  5983                           ;C:\Program Files\Microchip\xc8\v3.00\pic\sources\c99\common\doprnt.c: 1162:         n =
      +                           (*(int *)__va_arg(*(int **)*ap, (int)0));
  5984   003FA8  5002               	movf	read_prec_or_width@ap^0,w,c
  5985   003FAA  6ED9               	movwf	fsr2l,c
  5986   003FAC  6ADA               	clrf	fsr2h,c
  5987   003FAE  0E02               	movlw	2
  5988   003FB0  26DF               	addwf	indf2,f,c
  5989   003FB2  5CDF               	subwf	indf2,w,c
  5990   003FB4  6ED9               	movwf	fsr2l,c
  5991   003FB6  6ADA               	clrf	fsr2h,c
  5992   003FB8  CFDE F006          	movff	postinc2,read_prec_or_width@n
  5993   003FBC  CFDE F007          	movff	postinc2,read_prec_or_width@n+1
  5994                           
  5995                           ;C:\Program Files\Microchip\xc8\v3.00\pic\sources\c99\common\doprnt.c: 1163:     } else 
      +                          {
  5996   003FC0  EF08  F020         	goto	l926
  5997   003FC4                     l3943:
  5998                           
  5999                           ;C:\Program Files\Microchip\xc8\v3.00\pic\sources\c99\common\doprnt.c: 1166:            
      +                           n = n * 10 + c;
  6000   003FC4  0E0A               	movlw	10
  6001   003FC6  0206               	mulwf	read_prec_or_width@n^0,c
  6002   003FC8  CFF3 F003          	movff	prodl,??_read_prec_or_width
  6003   003FCC  CFF4 F004          	movff	prodh,??_read_prec_or_width+1
  6004   003FD0  0207               	mulwf	(read_prec_or_width@n+1)^0,c
  6005   003FD2  50F3               	movf	prodl,w,c
  6006   003FD4  2604               	addwf	(??_read_prec_or_width+1)^0,f,c
  6007   003FD6  5005               	movf	read_prec_or_width@c^0,w,c
  6008   003FD8  2403               	addwf	??_read_prec_or_width^0,w,c
  6009   003FDA  6E06               	movwf	read_prec_or_width@n^0,c
  6010   003FDC  0E00               	movlw	0
  6011   003FDE  2004               	addwfc	(??_read_prec_or_width+1)^0,w,c
  6012   003FE0  6E07               	movwf	(read_prec_or_width@n+1)^0,c
  6013   003FE2                     
  6014                           ;C:\Program Files\Microchip\xc8\v3.00\pic\sources\c99\common\doprnt.c: 1167:            
      +                           ++*fmt;
  6015   003FE2  5001               	movf	read_prec_or_width@fmt^0,w,c
  6016   003FE4  6ED9               	movwf	fsr2l,c
  6017   003FE6  6ADA               	clrf	fsr2h,c
  6018   003FE8  2ADF               	incf	indf2,f,c
  6019   003FEA                     l3947:
  6020                           
  6021                           ;C:\Program Files\Microchip\xc8\v3.00\pic\sources\c99\common\doprnt.c: 1165:         whi
      +                          le ((c = ((unsigned)(*fmt)[0]) - '0') < 10) {
  6022   003FEA  5001               	movf	read_prec_or_width@fmt^0,w,c
  6023   003FEC  6ED9               	movwf	fsr2l,c
  6024   003FEE  6ADA               	clrf	fsr2h,c
  6025   003FF0  CFDF FFF6          	movff	indf2,tblptrl
  6026   003FF4                     	if	1	;There is more than 1 active tblptr byte
  6027   003FF4  0E08               	movlw	high __smallconst
  6028   003FF6  6EF7               	movwf	tblptrh,c
  6029   003FF8                     	endif
  6030   003FF8                     	if	0	;tblptru may be non-zero
  6031   003FF8                     	endif
  6032   003FF8                     	if	0	;tblptru may be non-zero
  6033   003FF8                     	endif
  6034   003FF8  0008               	tblrd		*
  6035   003FFA  50F5               	movf	tablat,w,c
  6036   003FFC  0FD0               	addlw	208
  6037   003FFE  6E05               	movwf	read_prec_or_width@c^0,c
  6038   004000  0E09               	movlw	9
  6039   004002  6405               	cpfsgt	read_prec_or_width@c^0,c
  6040   004004  EF06  F020         	goto	u4801
  6041   004008  EF08  F020         	goto	u4800
  6042   00400C                     u4801:
  6043   00400C  EFE2  F01F         	goto	l3943
  6044   004010                     u4800:
  6045   004010                     l926:
  6046                           
  6047                           ;C:\Program Files\Microchip\xc8\v3.00\pic\sources\c99\common\doprnt.c: 1170:     return 
      +                          n;
  6048   004010  C006  F001         	movff	read_prec_or_width@n,?_read_prec_or_width
  6049   004014  C007  F002         	movff	read_prec_or_width@n+1,?_read_prec_or_width+1
  6050   004018  0012               	return		;funcret
  6051   00401A                     __end_of_read_prec_or_width:
  6052                           	callstack 0
  6053                           
  6054 ;; *************** function _efgtoa *****************
  6055 ;; Defined at:
  6056 ;;		line 587 in file "C:\Program Files\Microchip\xc8\v3.00\pic\sources\c99\common\doprnt.c"
  6057 ;; Parameters:    Size  Location     Type
  6058 ;;  fp              1   49[COMRAM] PTR struct _IO_FILE
  6059 ;;		 -> sprintf@f(11), 
  6060 ;;  f               4   50[COMRAM] PTR struct _IO_FILE
  6061 ;;  c               1   54[COMRAM] unsigned char 
  6062 ;; Auto vars:     Size  Location     Type
  6063 ;;  u               4   40[BANK0 ] struct flui
  6064 ;;  g               4   36[BANK0 ] struct flui
  6065 ;;  l               4   29[BANK0 ] struct flui
  6066 ;;  h               4   25[BANK0 ] struct flui
  6067 ;;  ou              4   19[BANK0 ] struct flui
  6068 ;;  n               2   34[BANK0 ] int 
  6069 ;;  i               2   23[BANK0 ] int 
  6070 ;;  w               2   17[BANK0 ] int 
  6071 ;;  e               2   15[BANK0 ] int 
  6072 ;;  m               2   13[BANK0 ] int 
  6073 ;;  d               2   11[BANK0 ] int 
  6074 ;;  t               2    4[BANK0 ] int 
  6075 ;;  p               2    2[BANK0 ] int 
  6076 ;;  ne              2    0[BANK0 ] int 
  6077 ;;  sign            1   33[BANK0 ] unsigned char 
  6078 ;;  nmode           1   10[BANK0 ] unsigned char 
  6079 ;;  mode            1    9[BANK0 ] unsigned char 
  6080 ;;  pp              1    8[BANK0 ] unsigned char 
  6081 ;;  esign           1    0        unsigned char 
  6082 ;; Return value:  Size  Location     Type
  6083 ;;                  1    wreg      void 
  6084 ;; Registers used:
  6085 ;;		wreg, fsr1l, fsr1h, fsr2l, fsr2h, status,2, status,0, tblptrl, tblptrh, tblptru, prodl, prodh, cstack
  6086 ;; Tracked objects:
  6087 ;;		On entry : 0/0
  6088 ;;		On exit  : 0/0
  6089 ;;		Unchanged: 0/0
  6090 ;; Data sizes:     COMRAM   BANK0   BANK1   BANK2   BANK3   BANK4   BANK5   BANK6   BANK7
  6091 ;;      Params:         6       0       0       0       0       0       0       0       0
  6092 ;;      Locals:         0      44       0       0       0       0       0       0       0
  6093 ;;      Temps:          2       0       0       0       0       0       0       0       0
  6094 ;;      Totals:         8      44       0       0       0       0       0       0       0
  6095 ;;Total ram usage:       52 bytes
  6096 ;; Hardware stack levels used: 1
  6097 ;; Hardware stack levels required when called: 4
  6098 ;; This function calls:
  6099 ;;		___fladd
  6100 ;;		___fldiv
  6101 ;;		___fleq
  6102 ;;		___flge
  6103 ;;		___flmul
  6104 ;;		___flneg
  6105 ;;		___flsub
  6106 ;;		___fltol
  6107 ;;		___fpclassifyf
  6108 ;;		_floorf
  6109 ;;		_labs
  6110 ;;		_memcpy
  6111 ;;		_pad
  6112 ;;		_strcpy
  6113 ;; This function is called by:
  6114 ;;		_vfpfcnvrt
  6115 ;; This function uses a non-reentrant model
  6116 ;;
  6117                           
  6118                           	psect	text23
  6119   00188A                     __ptext23:
  6120                           	callstack 0
  6121   00188A                     _efgtoa:
  6122                           	callstack 21
  6123   00188A                     
  6124                           ;C:\Program Files\Microchip\xc8\v3.00\pic\sources\c99\common\doprnt.c: 587: static void 
      +                          efgtoa(FILE *fp, long double f, char c);C:\Program Files\Microchip\xc8\v3.00\pic\sources
      +                          \c99\common\doprnt.c: 588: {;C:\Program Files\Microchip\xc8\v3.00\pic\sources\c99\common
      +                          \doprnt.c: 589:     char mode, nmode, pp, sign, esign;;C:\Program Files\Microchip\xc8\v3
      +                          .00\pic\sources\c99\common\doprnt.c: 590:     int d, e, i, m, n, ne, p, t, w;;C:\Program
      +                           Files\Microchip\xc8\v3.00\pic\sources\c99\common\doprnt.c: 591:     long double h, l;
  6125   00188A  0100               	movlb	0	; () banked
  6126   00188C  6B81               	clrf	efgtoa@sign& (0+255),b
  6127                           
  6128                           ;C:\Program Files\Microchip\xc8\v3.00\pic\sources\c99\common\doprnt.c: 596:     g.f = f;
  6129   00188E  C033  F084         	movff	efgtoa@f,efgtoa@g
  6130   001892  C034  F085         	movff	efgtoa@f+1,efgtoa@g+1
  6131   001896  C035  F086         	movff	efgtoa@f+2,efgtoa@g+2
  6132   00189A  C036  F087         	movff	efgtoa@f+3,efgtoa@g+3
  6133   00189E                     
  6134                           ; BSR set to: 0
  6135                           ;C:\Program Files\Microchip\xc8\v3.00\pic\sources\c99\common\doprnt.c: 597:     if (g.f 
      +                          < 0.0) {
  6136   00189E  BF87               	btfsc	(efgtoa@g+3)& (0+255),7,b
  6137   0018A0  EF56  F00C         	goto	u4470
  6138   0018A4  EF54  F00C         	goto	u4471
  6139   0018A8                     u4471:
  6140   0018A8  EF6A  F00C         	goto	l3723
  6141   0018AC                     u4470:
  6142   0018AC                     
  6143                           ; BSR set to: 0
  6144                           ;C:\Program Files\Microchip\xc8\v3.00\pic\sources\c99\common\doprnt.c: 598:         sign
      +                           = 1;
  6145   0018AC  0E01               	movlw	1
  6146   0018AE  6F81               	movwf	efgtoa@sign& (0+255),b
  6147   0018B0                     
  6148                           ; BSR set to: 0
  6149                           ;C:\Program Files\Microchip\xc8\v3.00\pic\sources\c99\common\doprnt.c: 599:         g.f 
      +                          = -g.f;
  6150   0018B0  C084  F001         	movff	efgtoa@g,___flneg@f1
  6151   0018B4  C085  F002         	movff	efgtoa@g+1,___flneg@f1+1
  6152   0018B8  C086  F003         	movff	efgtoa@g+2,___flneg@f1+2
  6153   0018BC  C087  F004         	movff	efgtoa@g+3,___flneg@f1+3
  6154   0018C0  EC3F  F023         	call	___flneg	;wreg free
  6155   0018C4  C001  F084         	movff	?___flneg,efgtoa@g
  6156   0018C8  C002  F085         	movff	?___flneg+1,efgtoa@g+1
  6157   0018CC  C003  F086         	movff	?___flneg+2,efgtoa@g+2
  6158   0018D0  C004  F087         	movff	?___flneg+3,efgtoa@g+3
  6159   0018D4                     l3723:
  6160                           
  6161                           ;C:\Program Files\Microchip\xc8\v3.00\pic\sources\c99\common\doprnt.c: 603:     n = 0;
  6162   0018D4  0E00               	movlw	0
  6163   0018D6  0100               	movlb	0	; () banked
  6164   0018D8  6F83               	movwf	(efgtoa@n+1)& (0+255),b
  6165   0018DA  0E00               	movlw	0
  6166   0018DC  6F82               	movwf	efgtoa@n& (0+255),b
  6167   0018DE                     
  6168                           ; BSR set to: 0
  6169                           ;C:\Program Files\Microchip\xc8\v3.00\pic\sources\c99\common\doprnt.c: 604:     w = widt
      +                          h;
  6170   0018DE  C0E4  F071         	movff	_width,efgtoa@w
  6171   0018E2  C0E5  F072         	movff	_width+1,efgtoa@w+1
  6172   0018E6                     
  6173                           ; BSR set to: 0
  6174                           ;C:\Program Files\Microchip\xc8\v3.00\pic\sources\c99\common\doprnt.c: 605:     if (sign
  6175   0018E6  5181               	movf	efgtoa@sign& (0+255),w,b
  6176   0018E8  B4D8               	btfsc	status,2,c
  6177   0018EA  EF79  F00C         	goto	u4481
  6178   0018EE  EF7B  F00C         	goto	u4480
  6179   0018F2                     u4481:
  6180   0018F2  EF8F  F00C         	goto	l3737
  6181   0018F6                     u4480:
  6182   0018F6                     
  6183                           ; BSR set to: 0
  6184                           ;C:\Program Files\Microchip\xc8\v3.00\pic\sources\c99\common\doprnt.c: 609:    ) {;C:\Pr
      +                          ogram Files\Microchip\xc8\v3.00\pic\sources\c99\common\doprnt.c: 610:   sign = sign ? '-
      +                          ' : '+';
  6185   0018F6  5181               	movf	efgtoa@sign& (0+255),w,b
  6186   0018F8  A4D8               	btfss	status,2,c
  6187   0018FA  EF81  F00C         	goto	u4491
  6188   0018FE  EF83  F00C         	goto	u4490
  6189   001902                     u4491:
  6190   001902  EF89  F00C         	goto	l3733
  6191   001906                     u4490:
  6192   001906                     
  6193                           ; BSR set to: 0
  6194   001906  0E00               	movlw	0
  6195   001908  6F67               	movwf	(_efgtoa$991+1)& (0+255),b
  6196   00190A  0E2B               	movlw	43
  6197   00190C  6F66               	movwf	_efgtoa$991& (0+255),b
  6198   00190E  EF8D  F00C         	goto	l3735
  6199   001912                     l3733:
  6200                           
  6201                           ; BSR set to: 0
  6202   001912  0E00               	movlw	0
  6203   001914  6F67               	movwf	(_efgtoa$991+1)& (0+255),b
  6204   001916  0E2D               	movlw	45
  6205   001918  6F66               	movwf	_efgtoa$991& (0+255),b
  6206   00191A                     l3735:
  6207                           
  6208                           ; BSR set to: 0
  6209   00191A  C066  F081         	movff	_efgtoa$991,efgtoa@sign
  6210   00191E                     l3737:
  6211                           
  6212                           ; BSR set to: 0
  6213                           ;C:\Program Files\Microchip\xc8\v3.00\pic\sources\c99\common\doprnt.c: 619:     if (( __
      +                          fpclassifyf(g.f) == 1 )) {
  6214   00191E  C084  F001         	movff	efgtoa@g,___fpclassifyf@x
  6215   001922  C085  F002         	movff	efgtoa@g+1,___fpclassifyf@x+1
  6216   001926  C086  F003         	movff	efgtoa@g+2,___fpclassifyf@x+2
  6217   00192A  C087  F004         	movff	efgtoa@g+3,___fpclassifyf@x+3
  6218   00192E  EC6C  F01D         	call	___fpclassifyf	;wreg free
  6219   001932  0401               	decf	?___fpclassifyf^0,w,c
  6220   001934  1002               	iorwf	(?___fpclassifyf+1)^0,w,c
  6221   001936  A4D8               	btfss	status,2,c
  6222   001938  EFA0  F00C         	goto	u4501
  6223   00193C  EFA2  F00C         	goto	u4500
  6224   001940                     u4501:
  6225   001940  EFD5  F00C         	goto	l3755
  6226   001944                     u4500:
  6227   001944                     
  6228                           ;C:\Program Files\Microchip\xc8\v3.00\pic\sources\c99\common\doprnt.c: 620:   if (sign) 
      +                          {
  6229   001944  0100               	movlb	0	; () banked
  6230   001946  5181               	movf	efgtoa@sign& (0+255),w,b
  6231   001948  B4D8               	btfsc	status,2,c
  6232   00194A  EFA9  F00C         	goto	u4511
  6233   00194E  EFAB  F00C         	goto	u4510
  6234   001952                     u4511:
  6235   001952  EFB4  F00C         	goto	l3747
  6236   001956                     u4510:
  6237   001956                     
  6238                           ; BSR set to: 0
  6239                           ;C:\Program Files\Microchip\xc8\v3.00\pic\sources\c99\common\doprnt.c: 621:    dbuf[0] =
      +                           sign;
  6240   001956  C081  F19A         	movff	efgtoa@sign,_dbuf
  6241   00195A                     
  6242                           ; BSR set to: 0
  6243                           ;C:\Program Files\Microchip\xc8\v3.00\pic\sources\c99\common\doprnt.c: 622:    w--;
  6244   00195A  0771               	decf	efgtoa@w& (0+255),f,b
  6245   00195C  A0D8               	btfss	status,0,c
  6246   00195E  0772               	decf	(efgtoa@w+1)& (0+255),f,b
  6247   001960                     
  6248                           ; BSR set to: 0
  6249                           ;C:\Program Files\Microchip\xc8\v3.00\pic\sources\c99\common\doprnt.c: 623:    n = 1;
  6250   001960  0E00               	movlw	0
  6251   001962  6F83               	movwf	(efgtoa@n+1)& (0+255),b
  6252   001964  0E01               	movlw	1
  6253   001966  6F82               	movwf	efgtoa@n& (0+255),b
  6254   001968                     l3747:
  6255                           
  6256                           ; BSR set to: 0
  6257                           ;C:\Program Files\Microchip\xc8\v3.00\pic\sources\c99\common\doprnt.c: 631:   {;C:\Progr
      +                          am Files\Microchip\xc8\v3.00\pic\sources\c99\common\doprnt.c: 632:             strcpy(&d
      +                          buf[n], "inf");
  6258   001968  0E9A               	movlw	low _dbuf
  6259   00196A  2582               	addwf	efgtoa@n& (0+255),w,b
  6260   00196C  6E01               	movwf	strcpy@dest^0,c
  6261   00196E  0E01               	movlw	high _dbuf
  6262   001970  2183               	addwfc	(efgtoa@n+1)& (0+255),w,b
  6263   001972  6E02               	movwf	(strcpy@dest+1)^0,c
  6264   001974  0E4A               	movlw	low STR_9
  6265   001976  6E03               	movwf	strcpy@src^0,c
  6266   001978  5003               	movf	strcpy@src^0,w,c
  6267   00197A  A4D8               	btfss	status,2,c
  6268   00197C  0E08               	movlw	high __smallconst
  6269   00197E  6E04               	movwf	(strcpy@src+1)^0,c
  6270   001980  EC2D  F022         	call	_strcpy	;wreg free
  6271   001984                     l3749:
  6272                           
  6273                           ;C:\Program Files\Microchip\xc8\v3.00\pic\sources\c99\common\doprnt.c: 633:         };C:
      +                          \Program Files\Microchip\xc8\v3.00\pic\sources\c99\common\doprnt.c: 634:         w -= ((
      +                          sizeof("inf")/sizeof("inf"[0]))-1);
  6274   001984  0100               	movlb	0	; () banked
  6275   001986  0EFD               	movlw	253
  6276   001988  2771               	addwf	efgtoa@w& (0+255),f,b
  6277   00198A  0EFF               	movlw	255
  6278   00198C  2372               	addwfc	(efgtoa@w+1)& (0+255),f,b
  6279   00198E                     
  6280                           ; BSR set to: 0
  6281                           ;C:\Program Files\Microchip\xc8\v3.00\pic\sources\c99\common\doprnt.c: 635:         retu
      +                          rn (void) pad(fp, &dbuf[0], w);
  6282   00198E  C032  F00F         	movff	efgtoa@fp,pad@fp
  6283   001992  0E9A               	movlw	low _dbuf
  6284   001994  6E10               	movwf	pad@buf^0,c
  6285   001996  0E01               	movlw	high _dbuf
  6286   001998  6E11               	movwf	(pad@buf+1)^0,c
  6287   00199A  C071  F012         	movff	efgtoa@w,pad@p
  6288   00199E  C072  F013         	movff	efgtoa@w+1,pad@p+1
  6289   0019A2  ECB8  F020         	call	_pad	;wreg free
  6290   0019A6  EF3E  F011         	goto	l881
  6291   0019AA                     l3755:
  6292                           
  6293                           ;C:\Program Files\Microchip\xc8\v3.00\pic\sources\c99\common\doprnt.c: 637:     if (( __
      +                          fpclassifyf(g.f) == 0 )) {
  6294   0019AA  C084  F001         	movff	efgtoa@g,___fpclassifyf@x
  6295   0019AE  C085  F002         	movff	efgtoa@g+1,___fpclassifyf@x+1
  6296   0019B2  C086  F003         	movff	efgtoa@g+2,___fpclassifyf@x+2
  6297   0019B6  C087  F004         	movff	efgtoa@g+3,___fpclassifyf@x+3
  6298   0019BA  EC6C  F01D         	call	___fpclassifyf	;wreg free
  6299   0019BE  5001               	movf	?___fpclassifyf^0,w,c
  6300   0019C0  1002               	iorwf	(?___fpclassifyf+1)^0,w,c
  6301   0019C2  A4D8               	btfss	status,2,c
  6302   0019C4  EFE6  F00C         	goto	u4521
  6303   0019C8  EFE8  F00C         	goto	u4520
  6304   0019CC                     u4521:
  6305   0019CC  EF0A  F00D         	goto	l3773
  6306   0019D0                     u4520:
  6307   0019D0                     
  6308                           ;C:\Program Files\Microchip\xc8\v3.00\pic\sources\c99\common\doprnt.c: 638:   if (sign) 
      +                          {
  6309   0019D0  0100               	movlb	0	; () banked
  6310   0019D2  5181               	movf	efgtoa@sign& (0+255),w,b
  6311   0019D4  B4D8               	btfsc	status,2,c
  6312   0019D6  EFEF  F00C         	goto	u4531
  6313   0019DA  EFF1  F00C         	goto	u4530
  6314   0019DE                     u4531:
  6315   0019DE  EFFA  F00C         	goto	l3765
  6316   0019E2                     u4530:
  6317   0019E2                     
  6318                           ; BSR set to: 0
  6319                           ;C:\Program Files\Microchip\xc8\v3.00\pic\sources\c99\common\doprnt.c: 639:    dbuf[0] =
      +                           sign;
  6320   0019E2  C081  F19A         	movff	efgtoa@sign,_dbuf
  6321   0019E6                     
  6322                           ; BSR set to: 0
  6323                           ;C:\Program Files\Microchip\xc8\v3.00\pic\sources\c99\common\doprnt.c: 640:    w--;
  6324   0019E6  0771               	decf	efgtoa@w& (0+255),f,b
  6325   0019E8  A0D8               	btfss	status,0,c
  6326   0019EA  0772               	decf	(efgtoa@w+1)& (0+255),f,b
  6327   0019EC                     
  6328                           ; BSR set to: 0
  6329                           ;C:\Program Files\Microchip\xc8\v3.00\pic\sources\c99\common\doprnt.c: 641:    n = 1;
  6330   0019EC  0E00               	movlw	0
  6331   0019EE  6F83               	movwf	(efgtoa@n+1)& (0+255),b
  6332   0019F0  0E01               	movlw	1
  6333   0019F2  6F82               	movwf	efgtoa@n& (0+255),b
  6334   0019F4                     l3765:
  6335                           
  6336                           ; BSR set to: 0
  6337                           ;C:\Program Files\Microchip\xc8\v3.00\pic\sources\c99\common\doprnt.c: 649:   {;C:\Progr
      +                          am Files\Microchip\xc8\v3.00\pic\sources\c99\common\doprnt.c: 650:             strcpy(&d
      +                          buf[n], "nan");
  6338   0019F4  0E9A               	movlw	low _dbuf
  6339   0019F6  2582               	addwf	efgtoa@n& (0+255),w,b
  6340   0019F8  6E01               	movwf	strcpy@dest^0,c
  6341   0019FA  0E01               	movlw	high _dbuf
  6342   0019FC  2183               	addwfc	(efgtoa@n+1)& (0+255),w,b
  6343   0019FE  6E02               	movwf	(strcpy@dest+1)^0,c
  6344   001A00  0E4E               	movlw	low STR_12
  6345   001A02  6E03               	movwf	strcpy@src^0,c
  6346   001A04  5003               	movf	strcpy@src^0,w,c
  6347   001A06  A4D8               	btfss	status,2,c
  6348   001A08  0E08               	movlw	high __smallconst
  6349   001A0A  6E04               	movwf	(strcpy@src+1)^0,c
  6350   001A0C  EC2D  F022         	call	_strcpy	;wreg free
  6351   001A10  EFC2  F00C         	goto	l3749
  6352   001A14                     l3773:
  6353                           
  6354                           ;C:\Program Files\Microchip\xc8\v3.00\pic\sources\c99\common\doprnt.c: 657:     u.f = 1.
      +                          0;
  6355   001A14  0E00               	movlw	0
  6356   001A16  0100               	movlb	0	; () banked
  6357   001A18  6F88               	movwf	efgtoa@u& (0+255),b
  6358   001A1A  0E00               	movlw	0
  6359   001A1C  6F89               	movwf	(efgtoa@u+1)& (0+255),b
  6360   001A1E  0E80               	movlw	128
  6361   001A20  6F8A               	movwf	(efgtoa@u+2)& (0+255),b
  6362   001A22  0E3F               	movlw	63
  6363   001A24  6F8B               	movwf	(efgtoa@u+3)& (0+255),b
  6364                           
  6365                           ;C:\Program Files\Microchip\xc8\v3.00\pic\sources\c99\common\doprnt.c: 658:     e = 0;
  6366   001A26  0E00               	movlw	0
  6367   001A28  6F70               	movwf	(efgtoa@e+1)& (0+255),b
  6368   001A2A  0E00               	movlw	0
  6369   001A2C  6F6F               	movwf	efgtoa@e& (0+255),b
  6370   001A2E                     
  6371                           ; BSR set to: 0
  6372                           ;C:\Program Files\Microchip\xc8\v3.00\pic\sources\c99\common\doprnt.c: 659:  if (!(g.f =
      +                          = 0.0)) {
  6373   001A2E  C084  F001         	movff	efgtoa@g,___fleq@ff1
  6374   001A32  C085  F002         	movff	efgtoa@g+1,___fleq@ff1+1
  6375   001A36  C086  F003         	movff	efgtoa@g+2,___fleq@ff1+2
  6376   001A3A  C087  F004         	movff	efgtoa@g+3,___fleq@ff1+3
  6377   001A3E  0E00               	movlw	0
  6378   001A40  6E05               	movwf	___fleq@ff2^0,c
  6379   001A42  0E00               	movlw	0
  6380   001A44  6E06               	movwf	(___fleq@ff2+1)^0,c
  6381   001A46  0E00               	movlw	0
  6382   001A48  6E07               	movwf	(___fleq@ff2+2)^0,c
  6383   001A4A  0E00               	movlw	0
  6384   001A4C  6E08               	movwf	(___fleq@ff2+3)^0,c
  6385   001A4E  EC66  F01F         	call	___fleq	;wreg free
  6386   001A52  B0D8               	btfsc	status,0,c
  6387   001A54  EF2E  F00D         	goto	u4541
  6388   001A58  EF30  F00D         	goto	u4540
  6389   001A5C                     u4541:
  6390   001A5C  EF0F  F00E         	goto	l884
  6391   001A60                     u4540:
  6392   001A60  EF3D  F00D         	goto	l3781
  6393   001A64                     l886:
  6394                           
  6395                           ;C:\Program Files\Microchip\xc8\v3.00\pic\sources\c99\common\doprnt.c: 661:    u = ou;
  6396   001A64  C073  F088         	movff	efgtoa@ou,efgtoa@u
  6397   001A68  C074  F089         	movff	efgtoa@ou+1,efgtoa@u+1
  6398   001A6C  C075  F08A         	movff	efgtoa@ou+2,efgtoa@u+2
  6399   001A70  C076  F08B         	movff	efgtoa@ou+3,efgtoa@u+3
  6400   001A74                     
  6401                           ;C:\Program Files\Microchip\xc8\v3.00\pic\sources\c99\common\doprnt.c: 662:    ++e;
  6402   001A74  0100               	movlb	0	; () banked
  6403   001A76  4B6F               	infsnz	efgtoa@e& (0+255),f,b
  6404   001A78  2B70               	incf	(efgtoa@e+1)& (0+255),f,b
  6405   001A7A                     l3781:
  6406                           
  6407                           ;C:\Program Files\Microchip\xc8\v3.00\pic\sources\c99\common\doprnt.c: 660:   while ((la
      +                          bs((g).u-((ou.f = u.f*10.0,ou)).u) <= 1) || g.f > ou.f) {
  6408   001A7A  C088  F001         	movff	efgtoa@u,___flmul@b
  6409   001A7E  C089  F002         	movff	efgtoa@u+1,___flmul@b+1
  6410   001A82  C08A  F003         	movff	efgtoa@u+2,___flmul@b+2
  6411   001A86  C08B  F004         	movff	efgtoa@u+3,___flmul@b+3
  6412   001A8A  0E00               	movlw	0
  6413   001A8C  6E05               	movwf	___flmul@a^0,c
  6414   001A8E  0E00               	movlw	0
  6415   001A90  6E06               	movwf	(___flmul@a+1)^0,c
  6416   001A92  0E20               	movlw	32
  6417   001A94  6E07               	movwf	(___flmul@a+2)^0,c
  6418   001A96  0E41               	movlw	65
  6419   001A98  6E08               	movwf	(___flmul@a+3)^0,c
  6420   001A9A  EC9A  F013         	call	___flmul	;wreg free
  6421   001A9E  C001  F073         	movff	?___flmul,efgtoa@ou
  6422   001AA2  C002  F074         	movff	?___flmul+1,efgtoa@ou+1
  6423   001AA6  C003  F075         	movff	?___flmul+2,efgtoa@ou+2
  6424   001AAA  C004  F076         	movff	?___flmul+3,efgtoa@ou+3
  6425   001AAE  0100               	movlb	0	; () banked
  6426   001AB0  5173               	movf	efgtoa@ou& (0+255),w,b
  6427   001AB2  5D84               	subwf	efgtoa@g& (0+255),w,b
  6428   001AB4  6E01               	movwf	labs@a^0,c
  6429   001AB6  5174               	movf	(efgtoa@ou+1)& (0+255),w,b
  6430   001AB8  5985               	subwfb	(efgtoa@g+1)& (0+255),w,b
  6431   001ABA  6E02               	movwf	(labs@a+1)^0,c
  6432   001ABC  5175               	movf	(efgtoa@ou+2)& (0+255),w,b
  6433   001ABE  5986               	subwfb	(efgtoa@g+2)& (0+255),w,b
  6434   001AC0  6E03               	movwf	(labs@a+2)^0,c
  6435   001AC2  5176               	movf	(efgtoa@ou+3)& (0+255),w,b
  6436   001AC4  5987               	subwfb	(efgtoa@g+3)& (0+255),w,b
  6437   001AC6  6E04               	movwf	(labs@a+3)^0,c
  6438   001AC8  ECD8  F021         	call	_labs	;wreg free
  6439   001ACC  BE04               	btfsc	(?_labs+3)^0,7,c
  6440   001ACE  EF74  F00D         	goto	u4551
  6441   001AD2  5004               	movf	(?_labs+3)^0,w,c
  6442   001AD4  1003               	iorwf	(?_labs+2)^0,w,c
  6443   001AD6  1002               	iorwf	(?_labs+1)^0,w,c
  6444   001AD8  E109               	bnz	u4550
  6445   001ADA  0E02               	movlw	2
  6446   001ADC  5C01               	subwf	?_labs^0,w,c
  6447   001ADE  A0D8               	btfss	status,0,c
  6448   001AE0  EF74  F00D         	goto	u4551
  6449   001AE4  EF76  F00D         	goto	u4550
  6450   001AE8                     u4551:
  6451   001AE8  EF32  F00D         	goto	l886
  6452   001AEC                     u4550:
  6453   001AEC  C073  F01A         	movff	efgtoa@ou,___flge@ff1
  6454   001AF0  C074  F01B         	movff	efgtoa@ou+1,___flge@ff1+1
  6455   001AF4  C075  F01C         	movff	efgtoa@ou+2,___flge@ff1+2
  6456   001AF8  C076  F01D         	movff	efgtoa@ou+3,___flge@ff1+3
  6457   001AFC  C084  F01E         	movff	efgtoa@g,___flge@ff2
  6458   001B00  C085  F01F         	movff	efgtoa@g+1,___flge@ff2+1
  6459   001B04  C086  F020         	movff	efgtoa@g+2,___flge@ff2+2
  6460   001B08  C087  F021         	movff	efgtoa@g+3,___flge@ff2+3
  6461   001B0C  ECEA  F01C         	call	___flge	;wreg free
  6462   001B10  A0D8               	btfss	status,0,c
  6463   001B12  EF8D  F00D         	goto	u4561
  6464   001B16  EF8F  F00D         	goto	u4560
  6465   001B1A                     u4561:
  6466   001B1A  EF32  F00D         	goto	l886
  6467   001B1E                     u4560:
  6468   001B1E                     
  6469                           ;C:\Program Files\Microchip\xc8\v3.00\pic\sources\c99\common\doprnt.c: 664:   if ((labs(
      +                          (g).u-(u).u) <= 1)) {
  6470   001B1E  0100               	movlb	0	; () banked
  6471   001B20  5188               	movf	efgtoa@u& (0+255),w,b
  6472   001B22  5D84               	subwf	efgtoa@g& (0+255),w,b
  6473   001B24  6E01               	movwf	labs@a^0,c
  6474   001B26  5189               	movf	(efgtoa@u+1)& (0+255),w,b
  6475   001B28  5985               	subwfb	(efgtoa@g+1)& (0+255),w,b
  6476   001B2A  6E02               	movwf	(labs@a+1)^0,c
  6477   001B2C  518A               	movf	(efgtoa@u+2)& (0+255),w,b
  6478   001B2E  5986               	subwfb	(efgtoa@g+2)& (0+255),w,b
  6479   001B30  6E03               	movwf	(labs@a+2)^0,c
  6480   001B32  518B               	movf	(efgtoa@u+3)& (0+255),w,b
  6481   001B34  5987               	subwfb	(efgtoa@g+3)& (0+255),w,b
  6482   001B36  6E04               	movwf	(labs@a+3)^0,c
  6483   001B38  ECD8  F021         	call	_labs	;wreg free
  6484   001B3C  BE04               	btfsc	(?_labs+3)^0,7,c
  6485   001B3E  EFAE  F00D         	goto	u4570
  6486   001B42  5004               	movf	(?_labs+3)^0,w,c
  6487   001B44  1003               	iorwf	(?_labs+2)^0,w,c
  6488   001B46  1002               	iorwf	(?_labs+1)^0,w,c
  6489   001B48  E107               	bnz	u4571
  6490   001B4A  0E02               	movlw	2
  6491   001B4C  5C01               	subwf	?_labs^0,w,c
  6492   001B4E  B0D8               	btfsc	status,0,c
  6493   001B50  EFAC  F00D         	goto	u4571
  6494   001B54  EFAE  F00D         	goto	u4570
  6495   001B58                     u4571:
  6496   001B58  EFF6  F00D         	goto	l3799
  6497   001B5C                     u4570:
  6498   001B5C                     l3789:
  6499                           
  6500                           ;C:\Program Files\Microchip\xc8\v3.00\pic\sources\c99\common\doprnt.c: 665:    g = u;
  6501   001B5C  C088  F084         	movff	efgtoa@u,efgtoa@g
  6502   001B60  C089  F085         	movff	efgtoa@u+1,efgtoa@g+1
  6503   001B64  C08A  F086         	movff	efgtoa@u+2,efgtoa@g+2
  6504   001B68  C08B  F087         	movff	efgtoa@u+3,efgtoa@g+3
  6505                           
  6506                           ;C:\Program Files\Microchip\xc8\v3.00\pic\sources\c99\common\doprnt.c: 666:   }
  6507   001B6C  EF0F  F00E         	goto	l884
  6508   001B70                     l3791:
  6509                           
  6510                           ;C:\Program Files\Microchip\xc8\v3.00\pic\sources\c99\common\doprnt.c: 669:     u.f = u.
      +                          f/10.0;
  6511   001B70  C088  F001         	movff	efgtoa@u,___fldiv@b
  6512   001B74  C089  F002         	movff	efgtoa@u+1,___fldiv@b+1
  6513   001B78  C08A  F003         	movff	efgtoa@u+2,___fldiv@b+2
  6514   001B7C  C08B  F004         	movff	efgtoa@u+3,___fldiv@b+3
  6515   001B80  0E00               	movlw	0
  6516   001B82  6E05               	movwf	___fldiv@a^0,c
  6517   001B84  0E00               	movlw	0
  6518   001B86  6E06               	movwf	(___fldiv@a+1)^0,c
  6519   001B88  0E20               	movlw	32
  6520   001B8A  6E07               	movwf	(___fldiv@a+2)^0,c
  6521   001B8C  0E41               	movlw	65
  6522   001B8E  6E08               	movwf	(___fldiv@a+3)^0,c
  6523   001B90  ECAD  F015         	call	___fldiv	;wreg free
  6524   001B94  C001  F088         	movff	?___fldiv,efgtoa@u
  6525   001B98  C002  F089         	movff	?___fldiv+1,efgtoa@u+1
  6526   001B9C  C003  F08A         	movff	?___fldiv+2,efgtoa@u+2
  6527   001BA0  C004  F08B         	movff	?___fldiv+3,efgtoa@u+3
  6528   001BA4                     
  6529                           ;C:\Program Files\Microchip\xc8\v3.00\pic\sources\c99\common\doprnt.c: 670:     --e;
  6530   001BA4  0100               	movlb	0	; () banked
  6531   001BA6  076F               	decf	efgtoa@e& (0+255),f,b
  6532   001BA8  A0D8               	btfss	status,0,c
  6533   001BAA  0770               	decf	(efgtoa@e+1)& (0+255),f,b
  6534   001BAC                     
  6535                           ; BSR set to: 0
  6536                           ;C:\Program Files\Microchip\xc8\v3.00\pic\sources\c99\common\doprnt.c: 671:     if ((lab
      +                          s((g).u-(u).u) <= 1)) {
  6537   001BAC  5188               	movf	efgtoa@u& (0+255),w,b
  6538   001BAE  5D84               	subwf	efgtoa@g& (0+255),w,b
  6539   001BB0  6E01               	movwf	labs@a^0,c
  6540   001BB2  5189               	movf	(efgtoa@u+1)& (0+255),w,b
  6541   001BB4  5985               	subwfb	(efgtoa@g+1)& (0+255),w,b
  6542   001BB6  6E02               	movwf	(labs@a+1)^0,c
  6543   001BB8  518A               	movf	(efgtoa@u+2)& (0+255),w,b
  6544   001BBA  5986               	subwfb	(efgtoa@g+2)& (0+255),w,b
  6545   001BBC  6E03               	movwf	(labs@a+2)^0,c
  6546   001BBE  518B               	movf	(efgtoa@u+3)& (0+255),w,b
  6547   001BC0  5987               	subwfb	(efgtoa@g+3)& (0+255),w,b
  6548   001BC2  6E04               	movwf	(labs@a+3)^0,c
  6549   001BC4  ECD8  F021         	call	_labs	;wreg free
  6550   001BC8  BE04               	btfsc	(?_labs+3)^0,7,c
  6551   001BCA  EFF4  F00D         	goto	u4580
  6552   001BCE  5004               	movf	(?_labs+3)^0,w,c
  6553   001BD0  1003               	iorwf	(?_labs+2)^0,w,c
  6554   001BD2  1002               	iorwf	(?_labs+1)^0,w,c
  6555   001BD4  E107               	bnz	u4581
  6556   001BD6  0E02               	movlw	2
  6557   001BD8  5C01               	subwf	?_labs^0,w,c
  6558   001BDA  B0D8               	btfsc	status,0,c
  6559   001BDC  EFF2  F00D         	goto	u4581
  6560   001BE0  EFF4  F00D         	goto	u4580
  6561   001BE4                     u4581:
  6562   001BE4  EFF6  F00D         	goto	l3799
  6563   001BE8                     u4580:
  6564   001BE8  EFAE  F00D         	goto	l3789
  6565   001BEC                     l3799:
  6566                           
  6567                           ;C:\Program Files\Microchip\xc8\v3.00\pic\sources\c99\common\doprnt.c: 668:    while (g.
      +                          f < u.f) {
  6568   001BEC  C084  F01A         	movff	efgtoa@g,___flge@ff1
  6569   001BF0  C085  F01B         	movff	efgtoa@g+1,___flge@ff1+1
  6570   001BF4  C086  F01C         	movff	efgtoa@g+2,___flge@ff1+2
  6571   001BF8  C087  F01D         	movff	efgtoa@g+3,___flge@ff1+3
  6572   001BFC  C088  F01E         	movff	efgtoa@u,___flge@ff2
  6573   001C00  C089  F01F         	movff	efgtoa@u+1,___flge@ff2+1
  6574   001C04  C08A  F020         	movff	efgtoa@u+2,___flge@ff2+2
  6575   001C08  C08B  F021         	movff	efgtoa@u+3,___flge@ff2+3
  6576   001C0C  ECEA  F01C         	call	___flge	;wreg free
  6577   001C10  A0D8               	btfss	status,0,c
  6578   001C12  EF0D  F00E         	goto	u4591
  6579   001C16  EF0F  F00E         	goto	u4590
  6580   001C1A                     u4591:
  6581   001C1A  EFB8  F00D         	goto	l3791
  6582   001C1E                     u4590:
  6583   001C1E                     l884:
  6584                           
  6585                           ;C:\Program Files\Microchip\xc8\v3.00\pic\sources\c99\common\doprnt.c: 683:  mode = c;
  6586   001C1E  C037  F069         	movff	efgtoa@c,efgtoa@mode
  6587                           
  6588                           ;C:\Program Files\Microchip\xc8\v3.00\pic\sources\c99\common\doprnt.c: 685:     nmode = 
      +                          mode;
  6589   001C22  C069  F06A         	movff	efgtoa@mode,efgtoa@nmode
  6590   001C26                     
  6591                           ;C:\Program Files\Microchip\xc8\v3.00\pic\sources\c99\common\doprnt.c: 695:  {;C:\Progra
      +                          m Files\Microchip\xc8\v3.00\pic\sources\c99\common\doprnt.c: 696:         p = (prec < 0)
      +                           ? 6 : prec;
  6592   001C26  0100               	movlb	0	; () banked
  6593   001C28  BFE7               	btfsc	(_prec+1)& (0+255),7,b
  6594   001C2A  EF19  F00E         	goto	u4601
  6595   001C2E  EF1B  F00E         	goto	u4600
  6596   001C32                     u4601:
  6597   001C32  EF21  F00E         	goto	l3805
  6598   001C36                     u4600:
  6599   001C36                     
  6600                           ; BSR set to: 0
  6601   001C36  C0E6  F062         	movff	_prec,efgtoa@p
  6602   001C3A  C0E7  F063         	movff	_prec+1,efgtoa@p+1
  6603   001C3E  EF25  F00E         	goto	l3807
  6604   001C42                     l3805:
  6605                           
  6606                           ; BSR set to: 0
  6607   001C42  0E00               	movlw	0
  6608   001C44  6F63               	movwf	(efgtoa@p+1)& (0+255),b
  6609   001C46  0E06               	movlw	6
  6610   001C48  6F62               	movwf	efgtoa@p& (0+255),b
  6611   001C4A                     l3807:
  6612                           
  6613                           ; BSR set to: 0
  6614                           ;C:\Program Files\Microchip\xc8\v3.00\pic\sources\c99\common\doprnt.c: 697:     };C:\Pro
      +                          gram Files\Microchip\xc8\v3.00\pic\sources\c99\common\doprnt.c: 711:     m = p;
  6615   001C4A  C062  F06D         	movff	efgtoa@p,efgtoa@m
  6616   001C4E  C063  F06E         	movff	efgtoa@p+1,efgtoa@m+1
  6617   001C52                     
  6618                           ; BSR set to: 0
  6619                           ;C:\Program Files\Microchip\xc8\v3.00\pic\sources\c99\common\doprnt.c: 715:  {;C:\Progra
      +                          m Files\Microchip\xc8\v3.00\pic\sources\c99\common\doprnt.c: 716:         ++m;
  6620   001C52  4B6D               	infsnz	efgtoa@m& (0+255),f,b
  6621   001C54  2B6E               	incf	(efgtoa@m+1)& (0+255),f,b
  6622   001C56                     
  6623                           ; BSR set to: 0
  6624                           ;C:\Program Files\Microchip\xc8\v3.00\pic\sources\c99\common\doprnt.c: 717:     };C:\Pro
      +                          gram Files\Microchip\xc8\v3.00\pic\sources\c99\common\doprnt.c: 721:     if (nmode == 'f
      +                          ') {
  6625   001C56  0E66               	movlw	102
  6626   001C58  196A               	xorwf	efgtoa@nmode& (0+255),w,b
  6627   001C5A  A4D8               	btfss	status,2,c
  6628   001C5C  EF32  F00E         	goto	u4611
  6629   001C60  EF34  F00E         	goto	u4610
  6630   001C64                     u4611:
  6631   001C64  EF54  F00E         	goto	l3821
  6632   001C68                     u4610:
  6633   001C68                     
  6634                           ; BSR set to: 0
  6635                           ;C:\Program Files\Microchip\xc8\v3.00\pic\sources\c99\common\doprnt.c: 722:         if (
      +                          e < 0) {
  6636   001C68  BF70               	btfsc	(efgtoa@e+1)& (0+255),7,b
  6637   001C6A  EF3B  F00E         	goto	u4620
  6638   001C6E  EF39  F00E         	goto	u4621
  6639   001C72                     u4621:
  6640   001C72  EF47  F00E         	goto	l3817
  6641   001C76                     u4620:
  6642   001C76                     
  6643                           ; BSR set to: 0
  6644                           ;C:\Program Files\Microchip\xc8\v3.00\pic\sources\c99\common\doprnt.c: 723:             
      +                          u.f = 1.0;
  6645   001C76  0E00               	movlw	0
  6646   001C78  6F88               	movwf	efgtoa@u& (0+255),b
  6647   001C7A  0E00               	movlw	0
  6648   001C7C  6F89               	movwf	(efgtoa@u+1)& (0+255),b
  6649   001C7E  0E80               	movlw	128
  6650   001C80  6F8A               	movwf	(efgtoa@u+2)& (0+255),b
  6651   001C82  0E3F               	movlw	63
  6652   001C84  6F8B               	movwf	(efgtoa@u+3)& (0+255),b
  6653                           
  6654                           ;C:\Program Files\Microchip\xc8\v3.00\pic\sources\c99\common\doprnt.c: 724:             
      +                          e = 0;
  6655   001C86  0E00               	movlw	0
  6656   001C88  6F70               	movwf	(efgtoa@e+1)& (0+255),b
  6657   001C8A  0E00               	movlw	0
  6658   001C8C  6F6F               	movwf	efgtoa@e& (0+255),b
  6659   001C8E                     l3817:
  6660                           
  6661                           ; BSR set to: 0
  6662                           ;C:\Program Files\Microchip\xc8\v3.00\pic\sources\c99\common\doprnt.c: 726:         if (
      +                          !(mode == 'g')) {
  6663   001C8E  0E67               	movlw	103
  6664   001C90  1969               	xorwf	efgtoa@mode& (0+255),w,b
  6665   001C92  B4D8               	btfsc	status,2,c
  6666   001C94  EF4E  F00E         	goto	u4631
  6667   001C98  EF50  F00E         	goto	u4630
  6668   001C9C                     u4631:
  6669   001C9C  EF54  F00E         	goto	l3821
  6670   001CA0                     u4630:
  6671   001CA0                     
  6672                           ; BSR set to: 0
  6673                           ;C:\Program Files\Microchip\xc8\v3.00\pic\sources\c99\common\doprnt.c: 727:             
      +                          m += e;
  6674   001CA0  516F               	movf	efgtoa@e& (0+255),w,b
  6675   001CA2  276D               	addwf	efgtoa@m& (0+255),f,b
  6676   001CA4  5170               	movf	(efgtoa@e+1)& (0+255),w,b
  6677   001CA6  236E               	addwfc	(efgtoa@m+1)& (0+255),f,b
  6678   001CA8                     l3821:
  6679                           
  6680                           ; BSR set to: 0
  6681                           ;C:\Program Files\Microchip\xc8\v3.00\pic\sources\c99\common\doprnt.c: 733:     i = 0;
  6682   001CA8  0E00               	movlw	0
  6683   001CAA  6F78               	movwf	(efgtoa@i+1)& (0+255),b
  6684   001CAC  0E00               	movlw	0
  6685   001CAE  6F77               	movwf	efgtoa@i& (0+255),b
  6686   001CB0                     
  6687                           ; BSR set to: 0
  6688                           ;C:\Program Files\Microchip\xc8\v3.00\pic\sources\c99\common\doprnt.c: 734:     h = g.f;
  6689   001CB0  C084  F079         	movff	efgtoa@g,efgtoa@h
  6690   001CB4  C085  F07A         	movff	efgtoa@g+1,efgtoa@h+1
  6691   001CB8  C086  F07B         	movff	efgtoa@g+2,efgtoa@h+2
  6692   001CBC  C087  F07C         	movff	efgtoa@g+3,efgtoa@h+3
  6693   001CC0                     
  6694                           ; BSR set to: 0
  6695                           ;C:\Program Files\Microchip\xc8\v3.00\pic\sources\c99\common\doprnt.c: 735:     ou = u;
  6696   001CC0  C088  F073         	movff	efgtoa@u,efgtoa@ou
  6697   001CC4  C089  F074         	movff	efgtoa@u+1,efgtoa@ou+1
  6698   001CC8  C08A  F075         	movff	efgtoa@u+2,efgtoa@ou+2
  6699   001CCC  C08B  F076         	movff	efgtoa@u+3,efgtoa@ou+3
  6700                           
  6701                           ;C:\Program Files\Microchip\xc8\v3.00\pic\sources\c99\common\doprnt.c: 736:     while (i
      +                           < m) {
  6702   001CD0  EFE5  F00E         	goto	l3835
  6703   001CD4                     l3827:
  6704                           
  6705                           ; BSR set to: 0
  6706                           ;C:\Program Files\Microchip\xc8\v3.00\pic\sources\c99\common\doprnt.c: 737:         l = 
      +                          floorf(h/u.f);
  6707   001CD4  C079  F001         	movff	efgtoa@h,___fldiv@b
  6708   001CD8  C07A  F002         	movff	efgtoa@h+1,___fldiv@b+1
  6709   001CDC  C07B  F003         	movff	efgtoa@h+2,___fldiv@b+2
  6710   001CE0  C07C  F004         	movff	efgtoa@h+3,___fldiv@b+3
  6711   001CE4  C088  F005         	movff	efgtoa@u,___fldiv@a
  6712   001CE8  C089  F006         	movff	efgtoa@u+1,___fldiv@a+1
  6713   001CEC  C08A  F007         	movff	efgtoa@u+2,___fldiv@a+2
  6714   001CF0  C08B  F008         	movff	efgtoa@u+3,___fldiv@a+3
  6715   001CF4  ECAD  F015         	call	___fldiv	;wreg free
  6716   001CF8  C001  F01A         	movff	?___fldiv,floorf@x
  6717   001CFC  C002  F01B         	movff	?___fldiv+1,floorf@x+1
  6718   001D00  C003  F01C         	movff	?___fldiv+2,floorf@x+2
  6719   001D04  C004  F01D         	movff	?___fldiv+3,floorf@x+3
  6720   001D08  ECE7  F018         	call	_floorf	;wreg free
  6721   001D0C  C01A  F07D         	movff	?_floorf,efgtoa@l
  6722   001D10  C01B  F07E         	movff	?_floorf+1,efgtoa@l+1
  6723   001D14  C01C  F07F         	movff	?_floorf+2,efgtoa@l+2
  6724   001D18  C01D  F080         	movff	?_floorf+3,efgtoa@l+3
  6725                           
  6726                           ;C:\Program Files\Microchip\xc8\v3.00\pic\sources\c99\common\doprnt.c: 738:         d = 
      +                          (int)l;
  6727   001D1C  C07D  F001         	movff	efgtoa@l,___fltol@f1
  6728   001D20  C07E  F002         	movff	efgtoa@l+1,___fltol@f1+1
  6729   001D24  C07F  F003         	movff	efgtoa@l+2,___fltol@f1+2
  6730   001D28  C080  F004         	movff	efgtoa@l+3,___fltol@f1+3
  6731   001D2C  EC67  F01C         	call	___fltol	;wreg free
  6732   001D30  C001  F06B         	movff	?___fltol,efgtoa@d
  6733   001D34  C002  F06C         	movff	?___fltol+1,efgtoa@d+1
  6734   001D38                     
  6735                           ;C:\Program Files\Microchip\xc8\v3.00\pic\sources\c99\common\doprnt.c: 739:         h -=
      +                           l*u.f;
  6736   001D38  C079  F02A         	movff	efgtoa@h,___flsub@b
  6737   001D3C  C07A  F02B         	movff	efgtoa@h+1,___flsub@b+1
  6738   001D40  C07B  F02C         	movff	efgtoa@h+2,___flsub@b+2
  6739   001D44  C07C  F02D         	movff	efgtoa@h+3,___flsub@b+3
  6740   001D48  C07D  F005         	movff	efgtoa@l,___flmul@a
  6741   001D4C  C07E  F006         	movff	efgtoa@l+1,___flmul@a+1
  6742   001D50  C07F  F007         	movff	efgtoa@l+2,___flmul@a+2
  6743   001D54  C080  F008         	movff	efgtoa@l+3,___flmul@a+3
  6744   001D58  C088  F001         	movff	efgtoa@u,___flmul@b
  6745   001D5C  C089  F002         	movff	efgtoa@u+1,___flmul@b+1
  6746   001D60  C08A  F003         	movff	efgtoa@u+2,___flmul@b+2
  6747   001D64  C08B  F004         	movff	efgtoa@u+3,___flmul@b+3
  6748   001D68  EC9A  F013         	call	___flmul	;wreg free
  6749   001D6C  C001  F02E         	movff	?___flmul,___flsub@a
  6750   001D70  C002  F02F         	movff	?___flmul+1,___flsub@a+1
  6751   001D74  C003  F030         	movff	?___flmul+2,___flsub@a+2
  6752   001D78  C004  F031         	movff	?___flmul+3,___flsub@a+3
  6753   001D7C  ECA3  F022         	call	___flsub	;wreg free
  6754   001D80  C02A  F079         	movff	?___flsub,efgtoa@h
  6755   001D84  C02B  F07A         	movff	?___flsub+1,efgtoa@h+1
  6756   001D88  C02C  F07B         	movff	?___flsub+2,efgtoa@h+2
  6757   001D8C  C02D  F07C         	movff	?___flsub+3,efgtoa@h+3
  6758   001D90                     
  6759                           ;C:\Program Files\Microchip\xc8\v3.00\pic\sources\c99\common\doprnt.c: 740:         u.f 
      +                          = u.f/10.0;
  6760   001D90  C088  F001         	movff	efgtoa@u,___fldiv@b
  6761   001D94  C089  F002         	movff	efgtoa@u+1,___fldiv@b+1
  6762   001D98  C08A  F003         	movff	efgtoa@u+2,___fldiv@b+2
  6763   001D9C  C08B  F004         	movff	efgtoa@u+3,___fldiv@b+3
  6764   001DA0  0E00               	movlw	0
  6765   001DA2  6E05               	movwf	___fldiv@a^0,c
  6766   001DA4  0E00               	movlw	0
  6767   001DA6  6E06               	movwf	(___fldiv@a+1)^0,c
  6768   001DA8  0E20               	movlw	32
  6769   001DAA  6E07               	movwf	(___fldiv@a+2)^0,c
  6770   001DAC  0E41               	movlw	65
  6771   001DAE  6E08               	movwf	(___fldiv@a+3)^0,c
  6772   001DB0  ECAD  F015         	call	___fldiv	;wreg free
  6773   001DB4  C001  F088         	movff	?___fldiv,efgtoa@u
  6774   001DB8  C002  F089         	movff	?___fldiv+1,efgtoa@u+1
  6775   001DBC  C003  F08A         	movff	?___fldiv+2,efgtoa@u+2
  6776   001DC0  C004  F08B         	movff	?___fldiv+3,efgtoa@u+3
  6777   001DC4                     
  6778                           ;C:\Program Files\Microchip\xc8\v3.00\pic\sources\c99\common\doprnt.c: 741:         ++i;
  6779   001DC4  0100               	movlb	0	; () banked
  6780   001DC6  4B77               	infsnz	efgtoa@i& (0+255),f,b
  6781   001DC8  2B78               	incf	(efgtoa@i+1)& (0+255),f,b
  6782   001DCA                     l3835:
  6783                           
  6784                           ; BSR set to: 0
  6785                           ;C:\Program Files\Microchip\xc8\v3.00\pic\sources\c99\common\doprnt.c: 736:     while (i
      +                           < m) {
  6786   001DCA  516D               	movf	efgtoa@m& (0+255),w,b
  6787   001DCC  5D77               	subwf	efgtoa@i& (0+255),w,b
  6788   001DCE  5178               	movf	(efgtoa@i+1)& (0+255),w,b
  6789   001DD0  0A80               	xorlw	128
  6790   001DD2  6E38               	movwf	??_efgtoa^0,c
  6791   001DD4  516E               	movf	(efgtoa@m+1)& (0+255),w,b
  6792   001DD6  0A80               	xorlw	128
  6793   001DD8  5838               	subwfb	??_efgtoa^0,w,c
  6794   001DDA  A0D8               	btfss	status,0,c
  6795   001DDC  EFF2  F00E         	goto	u4641
  6796   001DE0  EFF4  F00E         	goto	u4640
  6797   001DE4                     u4641:
  6798   001DE4  EF6A  F00E         	goto	l3827
  6799   001DE8                     u4640:
  6800   001DE8                     
  6801                           ; BSR set to: 0
  6802                           ;C:\Program Files\Microchip\xc8\v3.00\pic\sources\c99\common\doprnt.c: 745:     l = u.f*
      +                          5.0;
  6803   001DE8  C088  F001         	movff	efgtoa@u,___flmul@b
  6804   001DEC  C089  F002         	movff	efgtoa@u+1,___flmul@b+1
  6805   001DF0  C08A  F003         	movff	efgtoa@u+2,___flmul@b+2
  6806   001DF4  C08B  F004         	movff	efgtoa@u+3,___flmul@b+3
  6807   001DF8  0E00               	movlw	0
  6808   001DFA  6E05               	movwf	___flmul@a^0,c
  6809   001DFC  0E00               	movlw	0
  6810   001DFE  6E06               	movwf	(___flmul@a+1)^0,c
  6811   001E00  0EA0               	movlw	160
  6812   001E02  6E07               	movwf	(___flmul@a+2)^0,c
  6813   001E04  0E40               	movlw	64
  6814   001E06  6E08               	movwf	(___flmul@a+3)^0,c
  6815   001E08  EC9A  F013         	call	___flmul	;wreg free
  6816   001E0C  C001  F07D         	movff	?___flmul,efgtoa@l
  6817   001E10  C002  F07E         	movff	?___flmul+1,efgtoa@l+1
  6818   001E14  C003  F07F         	movff	?___flmul+2,efgtoa@l+2
  6819   001E18  C004  F080         	movff	?___flmul+3,efgtoa@l+3
  6820   001E1C                     
  6821                           ;C:\Program Files\Microchip\xc8\v3.00\pic\sources\c99\common\doprnt.c: 746:     if (h < 
      +                          l) {
  6822   001E1C  C079  F01A         	movff	efgtoa@h,___flge@ff1
  6823   001E20  C07A  F01B         	movff	efgtoa@h+1,___flge@ff1+1
  6824   001E24  C07B  F01C         	movff	efgtoa@h+2,___flge@ff1+2
  6825   001E28  C07C  F01D         	movff	efgtoa@h+3,___flge@ff1+3
  6826   001E2C  C07D  F01E         	movff	efgtoa@l,___flge@ff2
  6827   001E30  C07E  F01F         	movff	efgtoa@l+1,___flge@ff2+1
  6828   001E34  C07F  F020         	movff	efgtoa@l+2,___flge@ff2+2
  6829   001E38  C080  F021         	movff	efgtoa@l+3,___flge@ff2+3
  6830   001E3C  ECEA  F01C         	call	___flge	;wreg free
  6831   001E40  B0D8               	btfsc	status,0,c
  6832   001E42  EF25  F00F         	goto	u4651
  6833   001E46  EF27  F00F         	goto	u4650
  6834   001E4A                     u4651:
  6835   001E4A  EF32  F00F         	goto	l3843
  6836   001E4E                     u4650:
  6837   001E4E                     
  6838                           ;C:\Program Files\Microchip\xc8\v3.00\pic\sources\c99\common\doprnt.c: 747:         l = 
      +                          0.0;
  6839   001E4E  0E00               	movlw	0
  6840   001E50  0100               	movlb	0	; () banked
  6841   001E52  6F7D               	movwf	efgtoa@l& (0+255),b
  6842   001E54  0E00               	movlw	0
  6843   001E56  6F7E               	movwf	(efgtoa@l+1)& (0+255),b
  6844   001E58  0E00               	movlw	0
  6845   001E5A  6F7F               	movwf	(efgtoa@l+2)& (0+255),b
  6846   001E5C  0E00               	movlw	0
  6847   001E5E  6F80               	movwf	(efgtoa@l+3)& (0+255),b
  6848                           
  6849                           ;C:\Program Files\Microchip\xc8\v3.00\pic\sources\c99\common\doprnt.c: 748:     } else {
  6850   001E60  EF5B  F00F         	goto	l3849
  6851   001E64                     l3843:
  6852                           
  6853                           ;C:\Program Files\Microchip\xc8\v3.00\pic\sources\c99\common\doprnt.c: 750:         if (
      +                          (h == l) && !(d % 2)) {
  6854   001E64  C079  F001         	movff	efgtoa@h,___fleq@ff1
  6855   001E68  C07A  F002         	movff	efgtoa@h+1,___fleq@ff1+1
  6856   001E6C  C07B  F003         	movff	efgtoa@h+2,___fleq@ff1+2
  6857   001E70  C07C  F004         	movff	efgtoa@h+3,___fleq@ff1+3
  6858   001E74  C07D  F005         	movff	efgtoa@l,___fleq@ff2
  6859   001E78  C07E  F006         	movff	efgtoa@l+1,___fleq@ff2+1
  6860   001E7C  C07F  F007         	movff	efgtoa@l+2,___fleq@ff2+2
  6861   001E80  C080  F008         	movff	efgtoa@l+3,___fleq@ff2+3
  6862   001E84  EC66  F01F         	call	___fleq	;wreg free
  6863   001E88  A0D8               	btfss	status,0,c
  6864   001E8A  EF49  F00F         	goto	u4661
  6865   001E8E  EF4B  F00F         	goto	u4660
  6866   001E92                     u4661:
  6867   001E92  EF5B  F00F         	goto	l3849
  6868   001E96                     u4660:
  6869   001E96  0100               	movlb	0	; () banked
  6870   001E98  B16B               	btfsc	efgtoa@d& (0+255),0,b
  6871   001E9A  EF51  F00F         	goto	u4671
  6872   001E9E  EF53  F00F         	goto	u4670
  6873   001EA2                     u4671:
  6874   001EA2  EF5B  F00F         	goto	l3849
  6875   001EA6                     u4670:
  6876   001EA6                     
  6877                           ; BSR set to: 0
  6878                           ;C:\Program Files\Microchip\xc8\v3.00\pic\sources\c99\common\doprnt.c: 751:             
      +                          l = 0.0;
  6879   001EA6  0E00               	movlw	0
  6880   001EA8  6F7D               	movwf	efgtoa@l& (0+255),b
  6881   001EAA  0E00               	movlw	0
  6882   001EAC  6F7E               	movwf	(efgtoa@l+1)& (0+255),b
  6883   001EAE  0E00               	movlw	0
  6884   001EB0  6F7F               	movwf	(efgtoa@l+2)& (0+255),b
  6885   001EB2  0E00               	movlw	0
  6886   001EB4  6F80               	movwf	(efgtoa@l+3)& (0+255),b
  6887   001EB6                     l3849:
  6888                           
  6889                           ;C:\Program Files\Microchip\xc8\v3.00\pic\sources\c99\common\doprnt.c: 756:     h = g.f 
      +                          + l;
  6890   001EB6  C084  F01A         	movff	efgtoa@g,___fladd@b
  6891   001EBA  C085  F01B         	movff	efgtoa@g+1,___fladd@b+1
  6892   001EBE  C086  F01C         	movff	efgtoa@g+2,___fladd@b+2
  6893   001EC2  C087  F01D         	movff	efgtoa@g+3,___fladd@b+3
  6894   001EC6  C07D  F01E         	movff	efgtoa@l,___fladd@a
  6895   001ECA  C07E  F01F         	movff	efgtoa@l+1,___fladd@a+1
  6896   001ECE  C07F  F020         	movff	efgtoa@l+2,___fladd@a+2
  6897   001ED2  C080  F021         	movff	efgtoa@l+3,___fladd@a+3
  6898   001ED6  EC3F  F011         	call	___fladd	;wreg free
  6899   001EDA  C01A  F079         	movff	?___fladd,efgtoa@h
  6900   001EDE  C01B  F07A         	movff	?___fladd+1,efgtoa@h+1
  6901   001EE2  C01C  F07B         	movff	?___fladd+2,efgtoa@h+2
  6902   001EE6  C01D  F07C         	movff	?___fladd+3,efgtoa@h+3
  6903   001EEA                     
  6904                           ;C:\Program Files\Microchip\xc8\v3.00\pic\sources\c99\common\doprnt.c: 758:  if (h >= (o
      +                          u.f*10.0)) {
  6905   001EEA  C079  F01A         	movff	efgtoa@h,___flge@ff1
  6906   001EEE  C07A  F01B         	movff	efgtoa@h+1,___flge@ff1+1
  6907   001EF2  C07B  F01C         	movff	efgtoa@h+2,___flge@ff1+2
  6908   001EF6  C07C  F01D         	movff	efgtoa@h+3,___flge@ff1+3
  6909   001EFA  0E00               	movlw	0
  6910   001EFC  6E05               	movwf	___flmul@a^0,c
  6911   001EFE  0E00               	movlw	0
  6912   001F00  6E06               	movwf	(___flmul@a+1)^0,c
  6913   001F02  0E20               	movlw	32
  6914   001F04  6E07               	movwf	(___flmul@a+2)^0,c
  6915   001F06  0E41               	movlw	65
  6916   001F08  6E08               	movwf	(___flmul@a+3)^0,c
  6917   001F0A  C073  F001         	movff	efgtoa@ou,___flmul@b
  6918   001F0E  C074  F002         	movff	efgtoa@ou+1,___flmul@b+1
  6919   001F12  C075  F003         	movff	efgtoa@ou+2,___flmul@b+2
  6920   001F16  C076  F004         	movff	efgtoa@ou+3,___flmul@b+3
  6921   001F1A  EC9A  F013         	call	___flmul	;wreg free
  6922   001F1E  C001  F01E         	movff	?___flmul,___flge@ff2
  6923   001F22  C002  F01F         	movff	?___flmul+1,___flge@ff2+1
  6924   001F26  C003  F020         	movff	?___flmul+2,___flge@ff2+2
  6925   001F2A  C004  F021         	movff	?___flmul+3,___flge@ff2+3
  6926   001F2E  ECEA  F01C         	call	___flge	;wreg free
  6927   001F32  A0D8               	btfss	status,0,c
  6928   001F34  EF9E  F00F         	goto	u4681
  6929   001F38  EFA0  F00F         	goto	u4680
  6930   001F3C                     u4681:
  6931   001F3C  EFC9  F00F         	goto	l3861
  6932   001F40                     u4680:
  6933   001F40                     
  6934                           ;C:\Program Files\Microchip\xc8\v3.00\pic\sources\c99\common\doprnt.c: 759:   e++;
  6935   001F40  0100               	movlb	0	; () banked
  6936   001F42  4B6F               	infsnz	efgtoa@e& (0+255),f,b
  6937   001F44  2B70               	incf	(efgtoa@e+1)& (0+255),f,b
  6938   001F46                     
  6939                           ; BSR set to: 0
  6940                           ;C:\Program Files\Microchip\xc8\v3.00\pic\sources\c99\common\doprnt.c: 760:   ou.f *= 10
      +                          .0;
  6941   001F46  C073  F001         	movff	efgtoa@ou,___flmul@b
  6942   001F4A  C074  F002         	movff	efgtoa@ou+1,___flmul@b+1
  6943   001F4E  C075  F003         	movff	efgtoa@ou+2,___flmul@b+2
  6944   001F52  C076  F004         	movff	efgtoa@ou+3,___flmul@b+3
  6945   001F56  0E00               	movlw	0
  6946   001F58  6E05               	movwf	___flmul@a^0,c
  6947   001F5A  0E00               	movlw	0
  6948   001F5C  6E06               	movwf	(___flmul@a+1)^0,c
  6949   001F5E  0E20               	movlw	32
  6950   001F60  6E07               	movwf	(___flmul@a+2)^0,c
  6951   001F62  0E41               	movlw	65
  6952   001F64  6E08               	movwf	(___flmul@a+3)^0,c
  6953   001F66  EC9A  F013         	call	___flmul	;wreg free
  6954   001F6A  C001  F073         	movff	?___flmul,efgtoa@ou
  6955   001F6E  C002  F074         	movff	?___flmul+1,efgtoa@ou+1
  6956   001F72  C003  F075         	movff	?___flmul+2,efgtoa@ou+2
  6957   001F76  C004  F076         	movff	?___flmul+3,efgtoa@ou+3
  6958   001F7A                     
  6959                           ;C:\Program Files\Microchip\xc8\v3.00\pic\sources\c99\common\doprnt.c: 762:   if (nmode 
      +                          == 'f') {
  6960   001F7A  0E66               	movlw	102
  6961   001F7C  0100               	movlb	0	; () banked
  6962   001F7E  196A               	xorwf	efgtoa@nmode& (0+255),w,b
  6963   001F80  A4D8               	btfss	status,2,c
  6964   001F82  EFC5  F00F         	goto	u4691
  6965   001F86  EFC7  F00F         	goto	u4690
  6966   001F8A                     u4691:
  6967   001F8A  EFC9  F00F         	goto	l3861
  6968   001F8E                     u4690:
  6969   001F8E                     
  6970                           ; BSR set to: 0
  6971                           ;C:\Program Files\Microchip\xc8\v3.00\pic\sources\c99\common\doprnt.c: 764:    m++;
  6972   001F8E  4B6D               	infsnz	efgtoa@m& (0+255),f,b
  6973   001F90  2B6E               	incf	(efgtoa@m+1)& (0+255),f,b
  6974   001F92                     l3861:
  6975                           
  6976                           ;C:\Program Files\Microchip\xc8\v3.00\pic\sources\c99\common\doprnt.c: 770:     u = ou;
  6977   001F92  C073  F088         	movff	efgtoa@ou,efgtoa@u
  6978   001F96  C074  F089         	movff	efgtoa@ou+1,efgtoa@u+1
  6979   001F9A  C075  F08A         	movff	efgtoa@ou+2,efgtoa@u+2
  6980   001F9E  C076  F08B         	movff	efgtoa@ou+3,efgtoa@u+3
  6981   001FA2                     
  6982                           ;C:\Program Files\Microchip\xc8\v3.00\pic\sources\c99\common\doprnt.c: 774:  ne = e;
  6983   001FA2  C06F  F060         	movff	efgtoa@e,efgtoa@ne
  6984   001FA6  C070  F061         	movff	efgtoa@e+1,efgtoa@ne+1
  6985   001FAA                     
  6986                           ;C:\Program Files\Microchip\xc8\v3.00\pic\sources\c99\common\doprnt.c: 776:     pp = 0;
  6987   001FAA  0100               	movlb	0	; () banked
  6988   001FAC  6B68               	clrf	efgtoa@pp& (0+255),b
  6989   001FAE                     
  6990                           ; BSR set to: 0
  6991                           ;C:\Program Files\Microchip\xc8\v3.00\pic\sources\c99\common\doprnt.c: 777:     t = 0;
  6992   001FAE  0E00               	movlw	0
  6993   001FB0  6F65               	movwf	(efgtoa@t+1)& (0+255),b
  6994   001FB2  0E00               	movlw	0
  6995   001FB4  6F64               	movwf	efgtoa@t& (0+255),b
  6996   001FB6                     
  6997                           ; BSR set to: 0
  6998                           ;C:\Program Files\Microchip\xc8\v3.00\pic\sources\c99\common\doprnt.c: 778:     i = 0;
  6999   001FB6  0E00               	movlw	0
  7000   001FB8  6F78               	movwf	(efgtoa@i+1)& (0+255),b
  7001   001FBA  0E00               	movlw	0
  7002   001FBC  6F77               	movwf	efgtoa@i& (0+255),b
  7003                           
  7004                           ;C:\Program Files\Microchip\xc8\v3.00\pic\sources\c99\common\doprnt.c: 779:     while ((
      +                          i < m) && (n < (80 - 5))) {
  7005   001FBE  EFC6  F010         	goto	l3911
  7006   001FC2                     l3871:
  7007                           
  7008                           ; BSR set to: 0
  7009                           ;C:\Program Files\Microchip\xc8\v3.00\pic\sources\c99\common\doprnt.c: 780:         l = 
      +                          floorf(h/u.f);
  7010   001FC2  C079  F001         	movff	efgtoa@h,___fldiv@b
  7011   001FC6  C07A  F002         	movff	efgtoa@h+1,___fldiv@b+1
  7012   001FCA  C07B  F003         	movff	efgtoa@h+2,___fldiv@b+2
  7013   001FCE  C07C  F004         	movff	efgtoa@h+3,___fldiv@b+3
  7014   001FD2  C088  F005         	movff	efgtoa@u,___fldiv@a
  7015   001FD6  C089  F006         	movff	efgtoa@u+1,___fldiv@a+1
  7016   001FDA  C08A  F007         	movff	efgtoa@u+2,___fldiv@a+2
  7017   001FDE  C08B  F008         	movff	efgtoa@u+3,___fldiv@a+3
  7018   001FE2  ECAD  F015         	call	___fldiv	;wreg free
  7019   001FE6  C001  F01A         	movff	?___fldiv,floorf@x
  7020   001FEA  C002  F01B         	movff	?___fldiv+1,floorf@x+1
  7021   001FEE  C003  F01C         	movff	?___fldiv+2,floorf@x+2
  7022   001FF2  C004  F01D         	movff	?___fldiv+3,floorf@x+3
  7023   001FF6  ECE7  F018         	call	_floorf	;wreg free
  7024   001FFA  C01A  F07D         	movff	?_floorf,efgtoa@l
  7025   001FFE  C01B  F07E         	movff	?_floorf+1,efgtoa@l+1
  7026   002002  C01C  F07F         	movff	?_floorf+2,efgtoa@l+2
  7027   002006  C01D  F080         	movff	?_floorf+3,efgtoa@l+3
  7028                           
  7029                           ;C:\Program Files\Microchip\xc8\v3.00\pic\sources\c99\common\doprnt.c: 781:         d = 
      +                          (int)l > 9 ? 9 : (int)l;
  7030   00200A  C07D  F001         	movff	efgtoa@l,___fltol@f1
  7031   00200E  C07E  F002         	movff	efgtoa@l+1,___fltol@f1+1
  7032   002012  C07F  F003         	movff	efgtoa@l+2,___fltol@f1+2
  7033   002016  C080  F004         	movff	efgtoa@l+3,___fltol@f1+3
  7034   00201A  EC67  F01C         	call	___fltol	;wreg free
  7035   00201E  BE02               	btfsc	(?___fltol+1)^0,7,c
  7036   002020  EF1D  F010         	goto	u4700
  7037   002024  5002               	movf	(?___fltol+1)^0,w,c
  7038   002026  E107               	bnz	u4701
  7039   002028  0E0A               	movlw	10
  7040   00202A  5C01               	subwf	?___fltol^0,w,c
  7041   00202C  B0D8               	btfsc	status,0,c
  7042   00202E  EF1B  F010         	goto	u4701
  7043   002032  EF1D  F010         	goto	u4700
  7044   002036                     u4701:
  7045   002036  EF2D  F010         	goto	l3875
  7046   00203A                     u4700:
  7047   00203A  C07D  F001         	movff	efgtoa@l,___fltol@f1
  7048   00203E  C07E  F002         	movff	efgtoa@l+1,___fltol@f1+1
  7049   002042  C07F  F003         	movff	efgtoa@l+2,___fltol@f1+2
  7050   002046  C080  F004         	movff	efgtoa@l+3,___fltol@f1+3
  7051   00204A  EC67  F01C         	call	___fltol	;wreg free
  7052   00204E  C001  F06B         	movff	?___fltol,efgtoa@d
  7053   002052  C002  F06C         	movff	?___fltol+1,efgtoa@d+1
  7054   002056  EF32  F010         	goto	l914
  7055   00205A                     l3875:
  7056   00205A  0E00               	movlw	0
  7057   00205C  0100               	movlb	0	; () banked
  7058   00205E  6F6C               	movwf	(efgtoa@d+1)& (0+255),b
  7059   002060  0E09               	movlw	9
  7060   002062  6F6B               	movwf	efgtoa@d& (0+255),b
  7061   002064                     l914:
  7062                           
  7063                           ;C:\Program Files\Microchip\xc8\v3.00\pic\sources\c99\common\doprnt.c: 792:   {;C:\Progr
      +                          am Files\Microchip\xc8\v3.00\pic\sources\c99\common\doprnt.c: 793:             if (!pp &
      +                          & (ne < 0)) {
  7064   002064  0100               	movlb	0	; () banked
  7065   002066  5168               	movf	efgtoa@pp& (0+255),w,b
  7066   002068  A4D8               	btfss	status,2,c
  7067   00206A  EF39  F010         	goto	u4711
  7068   00206E  EF3B  F010         	goto	u4710
  7069   002072                     u4711:
  7070   002072  EF63  F010         	goto	l3895
  7071   002076                     u4710:
  7072   002076                     
  7073                           ; BSR set to: 0
  7074   002076  BF61               	btfsc	(efgtoa@ne+1)& (0+255),7,b
  7075   002078  EF42  F010         	goto	u4720
  7076   00207C  EF40  F010         	goto	u4721
  7077   002080                     u4721:
  7078   002080  EF63  F010         	goto	l3895
  7079   002084                     u4720:
  7080   002084                     
  7081                           ; BSR set to: 0
  7082                           ;C:\Program Files\Microchip\xc8\v3.00\pic\sources\c99\common\doprnt.c: 794:             
      +                              dbuf[n++] = '.';
  7083   002084  0E9A               	movlw	low _dbuf
  7084   002086  2582               	addwf	efgtoa@n& (0+255),w,b
  7085   002088  6ED9               	movwf	fsr2l,c
  7086   00208A  0E01               	movlw	high _dbuf
  7087   00208C  2183               	addwfc	(efgtoa@n+1)& (0+255),w,b
  7088   00208E  6EDA               	movwf	fsr2h,c
  7089   002090  0E2E               	movlw	46
  7090   002092  6EDF               	movwf	indf2,c
  7091   002094                     
  7092                           ; BSR set to: 0
  7093   002094  4B82               	infsnz	efgtoa@n& (0+255),f,b
  7094   002096  2B83               	incf	(efgtoa@n+1)& (0+255),f,b
  7095   002098                     
  7096                           ; BSR set to: 0
  7097                           ;C:\Program Files\Microchip\xc8\v3.00\pic\sources\c99\common\doprnt.c: 795:             
      +                              --w;
  7098   002098  0771               	decf	efgtoa@w& (0+255),f,b
  7099   00209A  A0D8               	btfss	status,0,c
  7100   00209C  0772               	decf	(efgtoa@w+1)& (0+255),f,b
  7101   00209E                     
  7102                           ; BSR set to: 0
  7103                           ;C:\Program Files\Microchip\xc8\v3.00\pic\sources\c99\common\doprnt.c: 796:             
      +                              pp = 1;
  7104   00209E  0E01               	movlw	1
  7105   0020A0  6F68               	movwf	efgtoa@pp& (0+255),b
  7106   0020A2  EF63  F010         	goto	l3895
  7107   0020A6                     l3887:
  7108                           
  7109                           ; BSR set to: 0
  7110                           ;C:\Program Files\Microchip\xc8\v3.00\pic\sources\c99\common\doprnt.c: 799:             
      +                              dbuf[n++] = '0';
  7111   0020A6  0E9A               	movlw	low _dbuf
  7112   0020A8  2582               	addwf	efgtoa@n& (0+255),w,b
  7113   0020AA  6ED9               	movwf	fsr2l,c
  7114   0020AC  0E01               	movlw	high _dbuf
  7115   0020AE  2183               	addwfc	(efgtoa@n+1)& (0+255),w,b
  7116   0020B0  6EDA               	movwf	fsr2h,c
  7117   0020B2  0E30               	movlw	48
  7118   0020B4  6EDF               	movwf	indf2,c
  7119   0020B6                     
  7120                           ; BSR set to: 0
  7121   0020B6  4B82               	infsnz	efgtoa@n& (0+255),f,b
  7122   0020B8  2B83               	incf	(efgtoa@n+1)& (0+255),f,b
  7123   0020BA                     
  7124                           ; BSR set to: 0
  7125                           ;C:\Program Files\Microchip\xc8\v3.00\pic\sources\c99\common\doprnt.c: 800:             
      +                              --w;
  7126   0020BA  0771               	decf	efgtoa@w& (0+255),f,b
  7127   0020BC  A0D8               	btfss	status,0,c
  7128   0020BE  0772               	decf	(efgtoa@w+1)& (0+255),f,b
  7129   0020C0                     
  7130                           ; BSR set to: 0
  7131                           ;C:\Program Files\Microchip\xc8\v3.00\pic\sources\c99\common\doprnt.c: 801:             
      +                              --t;
  7132   0020C0  0764               	decf	efgtoa@t& (0+255),f,b
  7133   0020C2  A0D8               	btfss	status,0,c
  7134   0020C4  0765               	decf	(efgtoa@t+1)& (0+255),f,b
  7135   0020C6                     l3895:
  7136                           
  7137                           ; BSR set to: 0
  7138                           ;C:\Program Files\Microchip\xc8\v3.00\pic\sources\c99\common\doprnt.c: 798:             
      +                          while (t) {
  7139   0020C6  5164               	movf	efgtoa@t& (0+255),w,b
  7140   0020C8  1165               	iorwf	(efgtoa@t+1)& (0+255),w,b
  7141   0020CA  A4D8               	btfss	status,2,c
  7142   0020CC  EF6A  F010         	goto	u4731
  7143   0020D0  EF6C  F010         	goto	u4730
  7144   0020D4                     u4731:
  7145   0020D4  EF53  F010         	goto	l3887
  7146   0020D8                     u4730:
  7147   0020D8                     
  7148                           ; BSR set to: 0
  7149                           ;C:\Program Files\Microchip\xc8\v3.00\pic\sources\c99\common\doprnt.c: 803:             
      +                          dbuf[n++] = (char)((int)'0' + d);
  7150   0020D8  0E9A               	movlw	low _dbuf
  7151   0020DA  2582               	addwf	efgtoa@n& (0+255),w,b
  7152   0020DC  6ED9               	movwf	fsr2l,c
  7153   0020DE  0E01               	movlw	high _dbuf
  7154   0020E0  2183               	addwfc	(efgtoa@n+1)& (0+255),w,b
  7155   0020E2  6EDA               	movwf	fsr2h,c
  7156   0020E4  516B               	movf	efgtoa@d& (0+255),w,b
  7157   0020E6  0F30               	addlw	48
  7158   0020E8  6EDF               	movwf	indf2,c
  7159   0020EA                     
  7160                           ; BSR set to: 0
  7161   0020EA  4B82               	infsnz	efgtoa@n& (0+255),f,b
  7162   0020EC  2B83               	incf	(efgtoa@n+1)& (0+255),f,b
  7163   0020EE                     
  7164                           ; BSR set to: 0
  7165                           ;C:\Program Files\Microchip\xc8\v3.00\pic\sources\c99\common\doprnt.c: 804:             
      +                          --w;
  7166   0020EE  0771               	decf	efgtoa@w& (0+255),f,b
  7167   0020F0  A0D8               	btfss	status,0,c
  7168   0020F2  0772               	decf	(efgtoa@w+1)& (0+255),f,b
  7169   0020F4                     
  7170                           ; BSR set to: 0
  7171                           ;C:\Program Files\Microchip\xc8\v3.00\pic\sources\c99\common\doprnt.c: 805:         };C:
      +                          \Program Files\Microchip\xc8\v3.00\pic\sources\c99\common\doprnt.c: 806:         h -= l*
      +                          u.f;
  7172   0020F4  C079  F02A         	movff	efgtoa@h,___flsub@b
  7173   0020F8  C07A  F02B         	movff	efgtoa@h+1,___flsub@b+1
  7174   0020FC  C07B  F02C         	movff	efgtoa@h+2,___flsub@b+2
  7175   002100  C07C  F02D         	movff	efgtoa@h+3,___flsub@b+3
  7176   002104  C07D  F005         	movff	efgtoa@l,___flmul@a
  7177   002108  C07E  F006         	movff	efgtoa@l+1,___flmul@a+1
  7178   00210C  C07F  F007         	movff	efgtoa@l+2,___flmul@a+2
  7179   002110  C080  F008         	movff	efgtoa@l+3,___flmul@a+3
  7180   002114  C088  F001         	movff	efgtoa@u,___flmul@b
  7181   002118  C089  F002         	movff	efgtoa@u+1,___flmul@b+1
  7182   00211C  C08A  F003         	movff	efgtoa@u+2,___flmul@b+2
  7183   002120  C08B  F004         	movff	efgtoa@u+3,___flmul@b+3
  7184   002124  EC9A  F013         	call	___flmul	;wreg free
  7185   002128  C001  F02E         	movff	?___flmul,___flsub@a
  7186   00212C  C002  F02F         	movff	?___flmul+1,___flsub@a+1
  7187   002130  C003  F030         	movff	?___flmul+2,___flsub@a+2
  7188   002134  C004  F031         	movff	?___flmul+3,___flsub@a+3
  7189   002138  ECA3  F022         	call	___flsub	;wreg free
  7190   00213C  C02A  F079         	movff	?___flsub,efgtoa@h
  7191   002140  C02B  F07A         	movff	?___flsub+1,efgtoa@h+1
  7192   002144  C02C  F07B         	movff	?___flsub+2,efgtoa@h+2
  7193   002148  C02D  F07C         	movff	?___flsub+3,efgtoa@h+3
  7194   00214C                     
  7195                           ;C:\Program Files\Microchip\xc8\v3.00\pic\sources\c99\common\doprnt.c: 807:         u.f 
      +                          = u.f/10.0;
  7196   00214C  C088  F001         	movff	efgtoa@u,___fldiv@b
  7197   002150  C089  F002         	movff	efgtoa@u+1,___fldiv@b+1
  7198   002154  C08A  F003         	movff	efgtoa@u+2,___fldiv@b+2
  7199   002158  C08B  F004         	movff	efgtoa@u+3,___fldiv@b+3
  7200   00215C  0E00               	movlw	0
  7201   00215E  6E05               	movwf	___fldiv@a^0,c
  7202   002160  0E00               	movlw	0
  7203   002162  6E06               	movwf	(___fldiv@a+1)^0,c
  7204   002164  0E20               	movlw	32
  7205   002166  6E07               	movwf	(___fldiv@a+2)^0,c
  7206   002168  0E41               	movlw	65
  7207   00216A  6E08               	movwf	(___fldiv@a+3)^0,c
  7208   00216C  ECAD  F015         	call	___fldiv	;wreg free
  7209   002170  C001  F088         	movff	?___fldiv,efgtoa@u
  7210   002174  C002  F089         	movff	?___fldiv+1,efgtoa@u+1
  7211   002178  C003  F08A         	movff	?___fldiv+2,efgtoa@u+2
  7212   00217C  C004  F08B         	movff	?___fldiv+3,efgtoa@u+3
  7213   002180                     
  7214                           ;C:\Program Files\Microchip\xc8\v3.00\pic\sources\c99\common\doprnt.c: 808:         --ne
      +                          ;
  7215   002180  0100               	movlb	0	; () banked
  7216   002182  0760               	decf	efgtoa@ne& (0+255),f,b
  7217   002184  A0D8               	btfss	status,0,c
  7218   002186  0761               	decf	(efgtoa@ne+1)& (0+255),f,b
  7219   002188                     
  7220                           ; BSR set to: 0
  7221                           ;C:\Program Files\Microchip\xc8\v3.00\pic\sources\c99\common\doprnt.c: 809:         ++i;
  7222   002188  4B77               	infsnz	efgtoa@i& (0+255),f,b
  7223   00218A  2B78               	incf	(efgtoa@i+1)& (0+255),f,b
  7224   00218C                     l3911:
  7225                           
  7226                           ; BSR set to: 0
  7227                           ;C:\Program Files\Microchip\xc8\v3.00\pic\sources\c99\common\doprnt.c: 779:     while ((
      +                          i < m) && (n < (80 - 5))) {
  7228   00218C  516D               	movf	efgtoa@m& (0+255),w,b
  7229   00218E  5D77               	subwf	efgtoa@i& (0+255),w,b
  7230   002190  5178               	movf	(efgtoa@i+1)& (0+255),w,b
  7231   002192  0A80               	xorlw	128
  7232   002194  6E38               	movwf	??_efgtoa^0,c
  7233   002196  516E               	movf	(efgtoa@m+1)& (0+255),w,b
  7234   002198  0A80               	xorlw	128
  7235   00219A  5838               	subwfb	??_efgtoa^0,w,c
  7236   00219C  B0D8               	btfsc	status,0,c
  7237   00219E  EFD3  F010         	goto	u4741
  7238   0021A2  EFD5  F010         	goto	u4740
  7239   0021A6                     u4741:
  7240   0021A6  EFE3  F010         	goto	l3915
  7241   0021AA                     u4740:
  7242   0021AA                     
  7243                           ; BSR set to: 0
  7244   0021AA  BF83               	btfsc	(efgtoa@n+1)& (0+255),7,b
  7245   0021AC  EFE1  F010         	goto	u4751
  7246   0021B0  5183               	movf	(efgtoa@n+1)& (0+255),w,b
  7247   0021B2  E109               	bnz	u4750
  7248   0021B4  0E4B               	movlw	75
  7249   0021B6  5D82               	subwf	efgtoa@n& (0+255),w,b
  7250   0021B8  A0D8               	btfss	status,0,c
  7251   0021BA  EFE1  F010         	goto	u4751
  7252   0021BE  EFE3  F010         	goto	u4750
  7253   0021C2                     u4751:
  7254   0021C2  EFE1  F00F         	goto	l3871
  7255   0021C6                     u4750:
  7256   0021C6                     l3915:
  7257                           
  7258                           ; BSR set to: 0
  7259                           ;C:\Program Files\Microchip\xc8\v3.00\pic\sources\c99\common\doprnt.c: 816:  i = sizeof(
      +                          dbuf) - 1;
  7260   0021C6  0E00               	movlw	0
  7261   0021C8  6F78               	movwf	(efgtoa@i+1)& (0+255),b
  7262   0021CA  0E4F               	movlw	79
  7263   0021CC  6F77               	movwf	efgtoa@i& (0+255),b
  7264   0021CE                     
  7265                           ; BSR set to: 0
  7266                           ;C:\Program Files\Microchip\xc8\v3.00\pic\sources\c99\common\doprnt.c: 817:     dbuf[i] 
      +                          = '\0';
  7267   0021CE  0E9A               	movlw	low _dbuf
  7268   0021D0  2577               	addwf	efgtoa@i& (0+255),w,b
  7269   0021D2  6ED9               	movwf	fsr2l,c
  7270   0021D4  0E01               	movlw	high _dbuf
  7271   0021D6  2178               	addwfc	(efgtoa@i+1)& (0+255),w,b
  7272   0021D8  6EDA               	movwf	fsr2h,c
  7273   0021DA  6ADF               	clrf	indf2,c
  7274   0021DC                     
  7275                           ; BSR set to: 0
  7276                           ;C:\Program Files\Microchip\xc8\v3.00\pic\sources\c99\common\doprnt.c: 848:  memcpy(&dbu
      +                          f[i-n], &dbuf[0], (size_t)n);
  7277   0021DC  0E9A               	movlw	low _dbuf
  7278   0021DE  6E38               	movwf	??_efgtoa^0,c
  7279   0021E0  0E01               	movlw	high _dbuf
  7280   0021E2  6E39               	movwf	(??_efgtoa+1)^0,c
  7281   0021E4  5182               	movf	efgtoa@n& (0+255),w,b
  7282   0021E6  5E38               	subwf	??_efgtoa^0,f,c
  7283   0021E8  5183               	movf	(efgtoa@n+1)& (0+255),w,b
  7284   0021EA  5A39               	subwfb	(??_efgtoa+1)^0,f,c
  7285   0021EC  5177               	movf	efgtoa@i& (0+255),w,b
  7286   0021EE  2438               	addwf	??_efgtoa^0,w,c
  7287   0021F0  6E01               	movwf	memcpy@d1^0,c
  7288   0021F2  5178               	movf	(efgtoa@i+1)& (0+255),w,b
  7289   0021F4  2039               	addwfc	(??_efgtoa+1)^0,w,c
  7290   0021F6  6E02               	movwf	(memcpy@d1+1)^0,c
  7291   0021F8  0E9A               	movlw	low _dbuf
  7292   0021FA  6E03               	movwf	memcpy@s1^0,c
  7293   0021FC  0E01               	movlw	high _dbuf
  7294   0021FE  6E04               	movwf	(memcpy@s1+1)^0,c
  7295   002200  C082  F005         	movff	efgtoa@n,memcpy@n
  7296   002204  C083  F006         	movff	efgtoa@n+1,memcpy@n+1
  7297   002208  EC57  F022         	call	_memcpy	;wreg free
  7298   00220C                     
  7299                           ;C:\Program Files\Microchip\xc8\v3.00\pic\sources\c99\common\doprnt.c: 849:  n = i-n;
  7300   00220C  0100               	movlb	0	; () banked
  7301   00220E  5182               	movf	efgtoa@n& (0+255),w,b
  7302   002210  5D77               	subwf	efgtoa@i& (0+255),w,b
  7303   002212  6F82               	movwf	efgtoa@n& (0+255),b
  7304   002214  5183               	movf	(efgtoa@n+1)& (0+255),w,b
  7305   002216  5978               	subwfb	(efgtoa@i+1)& (0+255),w,b
  7306   002218  6F83               	movwf	(efgtoa@n+1)& (0+255),b
  7307   00221A                     
  7308                           ; BSR set to: 0
  7309                           ;C:\Program Files\Microchip\xc8\v3.00\pic\sources\c99\common\doprnt.c: 850:  i = sign ==
      +                           0 ? 0 : 1;
  7310   00221A  5181               	movf	efgtoa@sign& (0+255),w,b
  7311   00221C  A4D8               	btfss	status,2,c
  7312   00221E  EF13  F011         	goto	u4761
  7313   002222  EF16  F011         	goto	u4760
  7314   002226                     u4761:
  7315   002226  0E01               	movlw	1
  7316   002228  EF17  F011         	goto	u4770
  7317   00222C                     u4760:
  7318   00222C  0E00               	movlw	0
  7319   00222E                     u4770:
  7320   00222E  6F77               	movwf	efgtoa@i& (0+255),b
  7321   002230  6B78               	clrf	(efgtoa@i+1)& (0+255),b
  7322   002232                     
  7323                           ; BSR set to: 0
  7324                           ;C:\Program Files\Microchip\xc8\v3.00\pic\sources\c99\common\doprnt.c: 861:  if (sign) {
  7325   002232  5181               	movf	efgtoa@sign& (0+255),w,b
  7326   002234  B4D8               	btfsc	status,2,c
  7327   002236  EF1F  F011         	goto	u4781
  7328   00223A  EF21  F011         	goto	u4780
  7329   00223E                     u4781:
  7330   00223E  EF2C  F011         	goto	l3929
  7331   002242                     u4780:
  7332   002242                     
  7333                           ; BSR set to: 0
  7334                           ;C:\Program Files\Microchip\xc8\v3.00\pic\sources\c99\common\doprnt.c: 862:   dbuf[--n] 
      +                          = sign;
  7335   002242  0782               	decf	efgtoa@n& (0+255),f,b
  7336   002244  A0D8               	btfss	status,0,c
  7337   002246  0783               	decf	(efgtoa@n+1)& (0+255),f,b
  7338   002248  0E9A               	movlw	low _dbuf
  7339   00224A  2582               	addwf	efgtoa@n& (0+255),w,b
  7340   00224C  6ED9               	movwf	fsr2l,c
  7341   00224E  0E01               	movlw	high _dbuf
  7342   002250  2183               	addwfc	(efgtoa@n+1)& (0+255),w,b
  7343   002252  6EDA               	movwf	fsr2h,c
  7344   002254  C081  FFDF         	movff	efgtoa@sign,indf2
  7345   002258                     l3929:
  7346                           
  7347                           ; BSR set to: 0
  7348                           ;C:\Program Files\Microchip\xc8\v3.00\pic\sources\c99\common\doprnt.c: 864:  w -= i;
  7349   002258  5177               	movf	efgtoa@i& (0+255),w,b
  7350   00225A  5F71               	subwf	efgtoa@w& (0+255),f,b
  7351   00225C  5178               	movf	(efgtoa@i+1)& (0+255),w,b
  7352   00225E  5B72               	subwfb	(efgtoa@w+1)& (0+255),f,b
  7353   002260                     
  7354                           ; BSR set to: 0
  7355                           ;C:\Program Files\Microchip\xc8\v3.00\pic\sources\c99\common\doprnt.c: 867:     return (
      +                          void) pad(fp, &dbuf[n], w);
  7356   002260  C032  F00F         	movff	efgtoa@fp,pad@fp
  7357   002264  0E9A               	movlw	low _dbuf
  7358   002266  2582               	addwf	efgtoa@n& (0+255),w,b
  7359   002268  6E10               	movwf	pad@buf^0,c
  7360   00226A  0E01               	movlw	high _dbuf
  7361   00226C  2183               	addwfc	(efgtoa@n+1)& (0+255),w,b
  7362   00226E  6E11               	movwf	(pad@buf+1)^0,c
  7363   002270  C071  F012         	movff	efgtoa@w,pad@p
  7364   002274  C072  F013         	movff	efgtoa@w+1,pad@p+1
  7365   002278  ECB8  F020         	call	_pad	;wreg free
  7366   00227C                     l881:
  7367   00227C  0012               	return		;funcret
  7368   00227E                     __end_of_efgtoa:
  7369                           	callstack 0
  7370                           
  7371 ;; *************** function _strcpy *****************
  7372 ;; Defined at:
  7373 ;;		line 3 in file "C:\Program Files\Microchip\xc8\v3.00\pic\sources\c99\common\strcpy.c"
  7374 ;; Parameters:    Size  Location     Type
  7375 ;;  dest            2    0[COMRAM] PTR unsigned char 
  7376 ;;		 -> dbuf(80), parse_nmea_line@lon_field(20), parse_nmea_line@lat_field(20), 
  7377 ;;  src             2    2[COMRAM] PTR const unsigned char 
  7378 ;;		 -> STR_12(4), STR_9(4), NULL(0), parse_nmea_line@tmp(100), 
  7379 ;; Auto vars:     Size  Location     Type
  7380 ;;  d               2    6[COMRAM] PTR unsigned char 
  7381 ;;		 -> dbuf(80), parse_nmea_line@lon_field(20), parse_nmea_line@lat_field(20), 
  7382 ;; Return value:  Size  Location     Type
  7383 ;;                  2    0[COMRAM] PTR unsigned char 
  7384 ;; Registers used:
  7385 ;;		wreg, fsr1l, fsr1h, fsr2l, fsr2h, status,2, status,0, tblptrl, tblptrh, tblptru
  7386 ;; Tracked objects:
  7387 ;;		On entry : 0/0
  7388 ;;		On exit  : 0/0
  7389 ;;		Unchanged: 0/0
  7390 ;; Data sizes:     COMRAM   BANK0   BANK1   BANK2   BANK3   BANK4   BANK5   BANK6   BANK7
  7391 ;;      Params:         4       0       0       0       0       0       0       0       0
  7392 ;;      Locals:         2       0       0       0       0       0       0       0       0
  7393 ;;      Temps:          2       0       0       0       0       0       0       0       0
  7394 ;;      Totals:         8       0       0       0       0       0       0       0       0
  7395 ;;Total ram usage:        8 bytes
  7396 ;; Hardware stack levels used: 1
  7397 ;; This function calls:
  7398 ;;		Nothing
  7399 ;; This function is called by:
  7400 ;;		_parse_nmea_line
  7401 ;;		_efgtoa
  7402 ;; This function uses a non-reentrant model
  7403 ;;
  7404                           
  7405                           	psect	text24
  7406   00445A                     __ptext24:
  7407                           	callstack 0
  7408   00445A                     _strcpy:
  7409                           	callstack 29
  7410   00445A  C001  F007         	movff	strcpy@dest,strcpy@d
  7411   00445E  C002  F008         	movff	strcpy@dest+1,strcpy@d+1
  7412   004462                     l3271:
  7413   004462  5003               	movf	strcpy@src^0,w,c
  7414   004464  6E05               	movwf	??_strcpy^0,c
  7415   004466  5004               	movf	(strcpy@src+1)^0,w,c
  7416   004468  6E06               	movwf	(??_strcpy+1)^0,c
  7417   00446A  4A03               	infsnz	strcpy@src^0,f,c
  7418   00446C  2A04               	incf	(strcpy@src+1)^0,f,c
  7419   00446E  C005  FFF6         	movff	??_strcpy,tblptrl
  7420   004472  C006  FFF7         	movff	??_strcpy+1,tblptrh
  7421   004476  6AF8               	clrf	tblptru,c
  7422   004478  C007  FFD9         	movff	strcpy@d,fsr2l
  7423   00447C  C008  FFDA         	movff	strcpy@d+1,fsr2h
  7424   004480  4A07               	infsnz	strcpy@d^0,f,c
  7425   004482  2A08               	incf	(strcpy@d+1)^0,f,c
  7426   004484  0E07               	movlw	(high __ramtop+-1)
  7427   004486  64F7               	cpfsgt	tblptrh,c
  7428   004488  D003               	bra	u3667
  7429   00448A  0008               	tblrd		*
  7430   00448C  50F5               	movf	tablat,w,c
  7431   00448E  D005               	bra	u3660
  7432   004490                     u3667:
  7433   004490  CFF6 FFE1          	movff	tblptrl,fsr1l
  7434   004494  CFF7 FFE2          	movff	tblptrh,fsr1h
  7435   004498  50E7               	movf	indf1,w,c
  7436   00449A                     u3660:
  7437   00449A  6EDF               	movwf	indf2,c
  7438   00449C  50DF               	movf	indf2,w,c
  7439   00449E  A4D8               	btfss	status,2,c
  7440   0044A0  EF54  F022         	goto	u3671
  7441   0044A4  EF56  F022         	goto	u3670
  7442   0044A8                     u3671:
  7443   0044A8  EF31  F022         	goto	l3271
  7444   0044AC                     u3670:
  7445   0044AC  0012               	return		;funcret
  7446   0044AE                     __end_of_strcpy:
  7447                           	callstack 0
  7448                           
  7449 ;; *************** function _pad *****************
  7450 ;; Defined at:
  7451 ;;		line 193 in file "C:\Program Files\Microchip\xc8\v3.00\pic\sources\c99\common\doprnt.c"
  7452 ;; Parameters:    Size  Location     Type
  7453 ;;  fp              1   14[COMRAM] PTR struct _IO_FILE
  7454 ;;		 -> sprintf@f(11), 
  7455 ;;  buf             2   15[COMRAM] PTR unsigned char 
  7456 ;;		 -> dbuf(80), 
  7457 ;;  p               2   17[COMRAM] int 
  7458 ;; Auto vars:     Size  Location     Type
  7459 ;;  i               2   20[COMRAM] int 
  7460 ;; Return value:  Size  Location     Type
  7461 ;;                  1    wreg      void 
  7462 ;; Registers used:
  7463 ;;		wreg, fsr1l, fsr1h, fsr2l, fsr2h, status,2, status,0, cstack
  7464 ;; Tracked objects:
  7465 ;;		On entry : 0/0
  7466 ;;		On exit  : 0/0
  7467 ;;		Unchanged: 0/0
  7468 ;; Data sizes:     COMRAM   BANK0   BANK1   BANK2   BANK3   BANK4   BANK5   BANK6   BANK7
  7469 ;;      Params:         5       0       0       0       0       0       0       0       0
  7470 ;;      Locals:         2       0       0       0       0       0       0       0       0
  7471 ;;      Temps:          1       0       0       0       0       0       0       0       0
  7472 ;;      Totals:         8       0       0       0       0       0       0       0       0
  7473 ;;Total ram usage:        8 bytes
  7474 ;; Hardware stack levels used: 1
  7475 ;; Hardware stack levels required when called: 3
  7476 ;; This function calls:
  7477 ;;		_fputc
  7478 ;;		_fputs
  7479 ;; This function is called by:
  7480 ;;		_efgtoa
  7481 ;; This function uses a non-reentrant model
  7482 ;;
  7483                           
  7484                           	psect	text25
  7485   004170                     __ptext25:
  7486                           	callstack 0
  7487   004170                     _pad:
  7488                           	callstack 21
  7489   004170                     
  7490                           ;C:\Program Files\Microchip\xc8\v3.00\pic\sources\c99\common\doprnt.c: 193: static void 
      +                          pad(FILE *fp, char *buf, int p);C:\Program Files\Microchip\xc8\v3.00\pic\sources\c99\com
      +                          mon\doprnt.c: 194: {;C:\Program Files\Microchip\xc8\v3.00\pic\sources\c99\common\doprnt.
      +                          c: 195:     int i;;C:\Program Files\Microchip\xc8\v3.00\pic\sources\c99\common\doprnt.c:
      +                           205:  if (p < 0) {
  7491   004170  BE13               	btfsc	(pad@p+1)^0,7,c
  7492   004172  EFBF  F020         	goto	u4260
  7493   004176  EFBD  F020         	goto	u4261
  7494   00417A                     u4261:
  7495   00417A  EFC3  F020         	goto	l866
  7496   00417E                     u4260:
  7497   00417E                     
  7498                           ;C:\Program Files\Microchip\xc8\v3.00\pic\sources\c99\common\doprnt.c: 206:   p = 0;
  7499   00417E  0E00               	movlw	0
  7500   004180  6E13               	movwf	(pad@p+1)^0,c
  7501   004182  0E00               	movlw	0
  7502   004184  6E12               	movwf	pad@p^0,c
  7503   004186                     l866:
  7504                           
  7505                           ;C:\Program Files\Microchip\xc8\v3.00\pic\sources\c99\common\doprnt.c: 208:     i = 0;
  7506   004186  0E00               	movlw	0
  7507   004188  6E16               	movwf	(pad@i+1)^0,c
  7508   00418A  0E00               	movlw	0
  7509   00418C  6E15               	movwf	pad@i^0,c
  7510                           
  7511                           ;C:\Program Files\Microchip\xc8\v3.00\pic\sources\c99\common\doprnt.c: 209:     while (i
      +                           < p) {
  7512   00418E  EFD3  F020         	goto	l3641
  7513   004192                     l3637:
  7514                           
  7515                           ;C:\Program Files\Microchip\xc8\v3.00\pic\sources\c99\common\doprnt.c: 210:         fput
      +                          c(' ', fp);
  7516   004192  0E00               	movlw	0
  7517   004194  6E02               	movwf	(fputc@c+1)^0,c
  7518   004196  0E20               	movlw	32
  7519   004198  6E01               	movwf	fputc@c^0,c
  7520   00419A  C00F  F003         	movff	pad@fp,fputc@fp
  7521   00419E  EC11  F01F         	call	_fputc	;wreg free
  7522   0041A2                     
  7523                           ;C:\Program Files\Microchip\xc8\v3.00\pic\sources\c99\common\doprnt.c: 211:         ++i;
  7524   0041A2  4A15               	infsnz	pad@i^0,f,c
  7525   0041A4  2A16               	incf	(pad@i+1)^0,f,c
  7526   0041A6                     l3641:
  7527                           
  7528                           ;C:\Program Files\Microchip\xc8\v3.00\pic\sources\c99\common\doprnt.c: 209:     while (i
      +                           < p) {
  7529   0041A6  5012               	movf	pad@p^0,w,c
  7530   0041A8  5C15               	subwf	pad@i^0,w,c
  7531   0041AA  5016               	movf	(pad@i+1)^0,w,c
  7532   0041AC  0A80               	xorlw	128
  7533   0041AE  6E14               	movwf	??_pad^0,c
  7534   0041B0  5013               	movf	(pad@p+1)^0,w,c
  7535   0041B2  0A80               	xorlw	128
  7536   0041B4  5814               	subwfb	??_pad^0,w,c
  7537   0041B6  A0D8               	btfss	status,0,c
  7538   0041B8  EFE0  F020         	goto	u4271
  7539   0041BC  EFE2  F020         	goto	u4270
  7540   0041C0                     u4271:
  7541   0041C0  EFC9  F020         	goto	l3637
  7542   0041C4                     u4270:
  7543   0041C4                     
  7544                           ;C:\Program Files\Microchip\xc8\v3.00\pic\sources\c99\common\doprnt.c: 218:         fput
      +                          s((const char *)buf, fp);
  7545   0041C4  C010  F009         	movff	pad@buf,fputs@s
  7546   0041C8  C011  F00A         	movff	pad@buf+1,fputs@s+1
  7547   0041CC  C00F  F00B         	movff	pad@fp,fputs@fp
  7548   0041D0  ECE6  F022         	call	_fputs	;wreg free
  7549   0041D4  0012               	return		;funcret
  7550   0041D6                     __end_of_pad:
  7551                           	callstack 0
  7552                           
  7553 ;; *************** function _fputs *****************
  7554 ;; Defined at:
  7555 ;;		line 8 in file "C:\Program Files\Microchip\xc8\v3.00\pic\sources\c99\common\nf_fputs.c"
  7556 ;; Parameters:    Size  Location     Type
  7557 ;;  s               2    8[COMRAM] PTR const unsigned char 
  7558 ;;		 -> dbuf(80), 
  7559 ;;  fp              1   10[COMRAM] PTR struct _IO_FILE
  7560 ;;		 -> sprintf@f(11), 
  7561 ;; Auto vars:     Size  Location     Type
  7562 ;;  i               2   12[COMRAM] int 
  7563 ;;  c               1   11[COMRAM] unsigned char 
  7564 ;; Return value:  Size  Location     Type
  7565 ;;                  2    8[COMRAM] int 
  7566 ;; Registers used:
  7567 ;;		wreg, fsr1l, fsr1h, fsr2l, fsr2h, status,2, status,0, cstack
  7568 ;; Tracked objects:
  7569 ;;		On entry : 0/0
  7570 ;;		On exit  : 0/0
  7571 ;;		Unchanged: 0/0
  7572 ;; Data sizes:     COMRAM   BANK0   BANK1   BANK2   BANK3   BANK4   BANK5   BANK6   BANK7
  7573 ;;      Params:         3       0       0       0       0       0       0       0       0
  7574 ;;      Locals:         3       0       0       0       0       0       0       0       0
  7575 ;;      Temps:          0       0       0       0       0       0       0       0       0
  7576 ;;      Totals:         6       0       0       0       0       0       0       0       0
  7577 ;;Total ram usage:        6 bytes
  7578 ;; Hardware stack levels used: 1
  7579 ;; Hardware stack levels required when called: 2
  7580 ;; This function calls:
  7581 ;;		_fputc
  7582 ;; This function is called by:
  7583 ;;		_pad
  7584 ;; This function uses a non-reentrant model
  7585 ;;
  7586                           
  7587                           	psect	text26
  7588   0045CC                     __ptext26:
  7589                           	callstack 0
  7590   0045CC                     _fputs:
  7591                           	callstack 21
  7592   0045CC  0E00               	movlw	0
  7593   0045CE  6E0E               	movwf	(fputs@i+1)^0,c
  7594   0045D0  0E00               	movlw	0
  7595   0045D2  6E0D               	movwf	fputs@i^0,c
  7596   0045D4  EFF5  F022         	goto	l3267
  7597   0045D8                     l3263:
  7598   0045D8  C00C  F001         	movff	fputs@c,fputc@c
  7599   0045DC  6A02               	clrf	(fputc@c+1)^0,c
  7600   0045DE  C00B  F003         	movff	fputs@fp,fputc@fp
  7601   0045E2  EC11  F01F         	call	_fputc	;wreg free
  7602   0045E6  4A0D               	infsnz	fputs@i^0,f,c
  7603   0045E8  2A0E               	incf	(fputs@i+1)^0,f,c
  7604   0045EA                     l3267:
  7605   0045EA  500D               	movf	fputs@i^0,w,c
  7606   0045EC  2409               	addwf	fputs@s^0,w,c
  7607   0045EE  6ED9               	movwf	fsr2l,c
  7608   0045F0  500E               	movf	(fputs@i+1)^0,w,c
  7609   0045F2  200A               	addwfc	(fputs@s+1)^0,w,c
  7610   0045F4  6EDA               	movwf	fsr2h,c
  7611   0045F6  50DF               	movf	indf2,w,c
  7612   0045F8  6E0C               	movwf	fputs@c^0,c
  7613   0045FA  500C               	movf	fputs@c^0,w,c
  7614   0045FC  A4D8               	btfss	status,2,c
  7615   0045FE  EF03  F023         	goto	u3651
  7616   004602  EF05  F023         	goto	u3650
  7617   004606                     u3651:
  7618   004606  EFEC  F022         	goto	l3263
  7619   00460A                     u3650:
  7620   00460A  0012               	return		;funcret
  7621   00460C                     __end_of_fputs:
  7622                           	callstack 0
  7623                           
  7624 ;; *************** function _fputc *****************
  7625 ;; Defined at:
  7626 ;;		line 8 in file "C:\Program Files\Microchip\xc8\v3.00\pic\sources\c99\common\nf_fputc.c"
  7627 ;; Parameters:    Size  Location     Type
  7628 ;;  c               2    0[COMRAM] int 
  7629 ;;  fp              1    2[COMRAM] PTR struct _IO_FILE
  7630 ;;		 -> sprintf@f(11), 
  7631 ;; Auto vars:     Size  Location     Type
  7632 ;;		None
  7633 ;; Return value:  Size  Location     Type
  7634 ;;                  2    0[COMRAM] int 
  7635 ;; Registers used:
  7636 ;;		wreg, fsr1l, fsr1h, fsr2l, fsr2h, status,2, status,0, cstack
  7637 ;; Tracked objects:
  7638 ;;		On entry : 0/0
  7639 ;;		On exit  : 0/0
  7640 ;;		Unchanged: 0/0
  7641 ;; Data sizes:     COMRAM   BANK0   BANK1   BANK2   BANK3   BANK4   BANK5   BANK6   BANK7
  7642 ;;      Params:         3       0       0       0       0       0       0       0       0
  7643 ;;      Locals:         0       0       0       0       0       0       0       0       0
  7644 ;;      Temps:          5       0       0       0       0       0       0       0       0
  7645 ;;      Totals:         8       0       0       0       0       0       0       0       0
  7646 ;;Total ram usage:        8 bytes
  7647 ;; Hardware stack levels used: 1
  7648 ;; Hardware stack levels required when called: 1
  7649 ;; This function calls:
  7650 ;;		_putch
  7651 ;; This function is called by:
  7652 ;;		_pad
  7653 ;;		_vfpfcnvrt
  7654 ;;		_fputs
  7655 ;; This function uses a non-reentrant model
  7656 ;;
  7657                           
  7658                           	psect	text27
  7659   003E22                     __ptext27:
  7660                           	callstack 0
  7661   003E22                     _fputc:
  7662                           	callstack 24
  7663   003E22  5003               	movf	fputc@fp^0,w,c
  7664   003E24  B4D8               	btfsc	status,2,c
  7665   003E26  EF17  F01F         	goto	u3221
  7666   003E2A  EF19  F01F         	goto	u3220
  7667   003E2E                     u3221:
  7668   003E2E  EF21  F01F         	goto	l3057
  7669   003E32                     u3220:
  7670   003E32  5003               	movf	fputc@fp^0,w,c
  7671   003E34  A4D8               	btfss	status,2,c
  7672   003E36  EF1F  F01F         	goto	u3231
  7673   003E3A  EF21  F01F         	goto	u3230
  7674   003E3E                     u3231:
  7675   003E3E  EF26  F01F         	goto	l3059
  7676   003E42                     u3230:
  7677   003E42                     l3057:
  7678   003E42  5001               	movf	fputc@c^0,w,c
  7679   003E44  EC1B  F024         	call	_putch
  7680   003E48  EF65  F01F         	goto	l1006
  7681   003E4C                     l3059:
  7682   003E4C  5003               	movf	fputc@fp^0,w,c
  7683   003E4E  6ED9               	movwf	fsr2l,c
  7684   003E50  6ADA               	clrf	fsr2h,c
  7685   003E52  0E09               	movlw	9
  7686   003E54  26D9               	addwf	fsr2l,f,c
  7687   003E56  50DE               	movf	postinc2,w,c
  7688   003E58  10DE               	iorwf	postinc2,w,c
  7689   003E5A  B4D8               	btfsc	status,2,c
  7690   003E5C  EF32  F01F         	goto	u3241
  7691   003E60  EF34  F01F         	goto	u3240
  7692   003E64                     u3241:
  7693   003E64  EF4D  F01F         	goto	l3063
  7694   003E68                     u3240:
  7695   003E68  5003               	movf	fputc@fp^0,w,c
  7696   003E6A  6ED9               	movwf	fsr2l,c
  7697   003E6C  6ADA               	clrf	fsr2h,c
  7698   003E6E  0E09               	movlw	9
  7699   003E70  26D9               	addwf	fsr2l,f,c
  7700   003E72  5003               	movf	fputc@fp^0,w,c
  7701   003E74  6EE1               	movwf	fsr1l,c
  7702   003E76  6AE2               	clrf	fsr1h,c
  7703   003E78  0E02               	movlw	2
  7704   003E7A  26E1               	addwf	fsr1l,f,c
  7705   003E7C  50DE               	movf	postinc2,w,c
  7706   003E7E  5CE6               	subwf	postinc1,w,c
  7707   003E80  50E6               	movf	postinc1,w,c
  7708   003E82  0A80               	xorlw	128
  7709   003E84  6E08               	movwf	(??_fputc+4)^0,c
  7710   003E86  50DE               	movf	postinc2,w,c
  7711   003E88  0A80               	xorlw	128
  7712   003E8A  5808               	subwfb	(??_fputc+4)^0,w,c
  7713   003E8C  B0D8               	btfsc	status,0,c
  7714   003E8E  EF4B  F01F         	goto	u3251
  7715   003E92  EF4D  F01F         	goto	u3250
  7716   003E96                     u3251:
  7717   003E96  EF65  F01F         	goto	l1006
  7718   003E9A                     u3250:
  7719   003E9A                     l3063:
  7720   003E9A  5003               	movf	fputc@fp^0,w,c
  7721   003E9C  6ED9               	movwf	fsr2l,c
  7722   003E9E  6ADA               	clrf	fsr2h,c
  7723   003EA0  0E02               	movlw	2
  7724   003EA2  26D9               	addwf	fsr2l,f,c
  7725   003EA4  50DF               	movf	indf2,w,c
  7726   003EA6  6E04               	movwf	??_fputc^0,c
  7727   003EA8  5003               	movf	fputc@fp^0,w,c
  7728   003EAA  6ED9               	movwf	fsr2l,c
  7729   003EAC  6ADA               	clrf	fsr2h,c
  7730   003EAE  50DF               	movf	indf2,w,c
  7731   003EB0  2404               	addwf	??_fputc^0,w,c
  7732   003EB2  6ED9               	movwf	fsr2l,c
  7733   003EB4  6ADA               	clrf	fsr2h,c
  7734   003EB6  C001  FFDF         	movff	fputc@c,indf2
  7735   003EBA  5003               	movf	fputc@fp^0,w,c
  7736   003EBC  6ED9               	movwf	fsr2l,c
  7737   003EBE  6ADA               	clrf	fsr2h,c
  7738   003EC0  0E02               	movlw	2
  7739   003EC2  26D9               	addwf	fsr2l,f,c
  7740   003EC4  2ADE               	incf	postinc2,f,c
  7741   003EC6  0E00               	movlw	0
  7742   003EC8  22DD               	addwfc	postdec2,f,c
  7743   003ECA                     l1006:
  7744   003ECA  0012               	return		;funcret
  7745   003ECC                     __end_of_fputc:
  7746                           	callstack 0
  7747                           
  7748 ;; *************** function _putch *****************
  7749 ;; Defined at:
  7750 ;;		line 7 in file "C:\Program Files\Microchip\xc8\v3.00\pic\sources\c99\common\putch.c"
  7751 ;; Parameters:    Size  Location     Type
  7752 ;;  c               1    wreg     unsigned char 
  7753 ;; Auto vars:     Size  Location     Type
  7754 ;;  c               1    0[COMRAM] unsigned char 
  7755 ;; Return value:  Size  Location     Type
  7756 ;;                  1    wreg      void 
  7757 ;; Registers used:
  7758 ;;		wreg
  7759 ;; Tracked objects:
  7760 ;;		On entry : 0/0
  7761 ;;		On exit  : 0/0
  7762 ;;		Unchanged: 0/0
  7763 ;; Data sizes:     COMRAM   BANK0   BANK1   BANK2   BANK3   BANK4   BANK5   BANK6   BANK7
  7764 ;;      Params:         0       0       0       0       0       0       0       0       0
  7765 ;;      Locals:         0       0       0       0       0       0       0       0       0
  7766 ;;      Temps:          0       0       0       0       0       0       0       0       0
  7767 ;;      Totals:         0       0       0       0       0       0       0       0       0
  7768 ;;Total ram usage:        0 bytes
  7769 ;; Hardware stack levels used: 1
  7770 ;; This function calls:
  7771 ;;		Nothing
  7772 ;; This function is called by:
  7773 ;;		_fputc
  7774 ;; This function uses a non-reentrant model
  7775 ;;
  7776                           
  7777                           	psect	text28
  7778   004836                     __ptext28:
  7779                           	callstack 0
  7780   004836                     _putch:
  7781                           	callstack 24
  7782   004836  0012               	return		;funcret
  7783   004838                     __end_of_putch:
  7784                           	callstack 0
  7785                           
  7786 ;; *************** function _memcpy *****************
  7787 ;; Defined at:
  7788 ;;		line 4 in file "C:\Program Files\Microchip\xc8\v3.00\pic\sources\c99\common\memcpy.c"
  7789 ;; Parameters:    Size  Location     Type
  7790 ;;  d1              2    0[COMRAM] PTR void 
  7791 ;;		 -> dbuf(80), 
  7792 ;;  s1              2    2[COMRAM] PTR const void 
  7793 ;;		 -> dbuf(80), 
  7794 ;;  n               2    4[COMRAM] unsigned int 
  7795 ;; Auto vars:     Size  Location     Type
  7796 ;;  s               2    8[COMRAM] PTR const unsigned char 
  7797 ;;		 -> dbuf(80), 
  7798 ;;  d               2    6[COMRAM] PTR unsigned char 
  7799 ;;		 -> dbuf(80), 
  7800 ;;  tmp             1   10[COMRAM] unsigned char 
  7801 ;; Return value:  Size  Location     Type
  7802 ;;                  2    0[COMRAM] PTR void 
  7803 ;; Registers used:
  7804 ;;		wreg, fsr2l, fsr2h, status,2, status,0
  7805 ;; Tracked objects:
  7806 ;;		On entry : 0/0
  7807 ;;		On exit  : 0/0
  7808 ;;		Unchanged: 0/0
  7809 ;; Data sizes:     COMRAM   BANK0   BANK1   BANK2   BANK3   BANK4   BANK5   BANK6   BANK7
  7810 ;;      Params:         6       0       0       0       0       0       0       0       0
  7811 ;;      Locals:         5       0       0       0       0       0       0       0       0
  7812 ;;      Temps:          0       0       0       0       0       0       0       0       0
  7813 ;;      Totals:        11       0       0       0       0       0       0       0       0
  7814 ;;Total ram usage:       11 bytes
  7815 ;; Hardware stack levels used: 1
  7816 ;; This function calls:
  7817 ;;		Nothing
  7818 ;; This function is called by:
  7819 ;;		_efgtoa
  7820 ;; This function uses a non-reentrant model
  7821 ;;
  7822                           
  7823                           	psect	text29
  7824   0044AE                     __ptext29:
  7825                           	callstack 0
  7826   0044AE                     _memcpy:
  7827                           	callstack 24
  7828   0044AE  C003  F009         	movff	memcpy@s1,memcpy@s
  7829   0044B2  C004  F00A         	movff	memcpy@s1+1,memcpy@s+1
  7830   0044B6  C001  F007         	movff	memcpy@d1,memcpy@d
  7831   0044BA  C002  F008         	movff	memcpy@d1+1,memcpy@d+1
  7832   0044BE  EF71  F022         	goto	l3713
  7833   0044C2                     l3705:
  7834   0044C2  C009  FFD9         	movff	memcpy@s,fsr2l
  7835   0044C6  C00A  FFDA         	movff	memcpy@s+1,fsr2h
  7836   0044CA  50DF               	movf	indf2,w,c
  7837   0044CC  6E0B               	movwf	memcpy@tmp^0,c
  7838   0044CE  4A09               	infsnz	memcpy@s^0,f,c
  7839   0044D0  2A0A               	incf	(memcpy@s+1)^0,f,c
  7840   0044D2  C007  FFD9         	movff	memcpy@d,fsr2l
  7841   0044D6  C008  FFDA         	movff	memcpy@d+1,fsr2h
  7842   0044DA  C00B  FFDF         	movff	memcpy@tmp,indf2
  7843   0044DE  4A07               	infsnz	memcpy@d^0,f,c
  7844   0044E0  2A08               	incf	(memcpy@d+1)^0,f,c
  7845   0044E2                     l3713:
  7846   0044E2  0605               	decf	memcpy@n^0,f,c
  7847   0044E4  A0D8               	btfss	status,0,c
  7848   0044E6  0606               	decf	(memcpy@n+1)^0,f,c
  7849   0044E8  2805               	incf	memcpy@n^0,w,c
  7850   0044EA  E106               	bnz	u4461
  7851   0044EC  2806               	incf	(memcpy@n+1)^0,w,c
  7852   0044EE  A4D8               	btfss	status,2,c
  7853   0044F0  EF7C  F022         	goto	u4461
  7854   0044F4  EF7E  F022         	goto	u4460
  7855   0044F8                     u4461:
  7856   0044F8  EF61  F022         	goto	l3705
  7857   0044FC                     u4460:
  7858   0044FC  0012               	return		;funcret
  7859   0044FE                     __end_of_memcpy:
  7860                           	callstack 0
  7861                           
  7862 ;; *************** function _labs *****************
  7863 ;; Defined at:
  7864 ;;		line 1 in file "C:\Program Files\Microchip\xc8\v3.00\pic\sources\c99\common\labs.c"
  7865 ;; Parameters:    Size  Location     Type
  7866 ;;  a               4    0[COMRAM] long 
  7867 ;; Auto vars:     Size  Location     Type
  7868 ;;		None
  7869 ;; Return value:  Size  Location     Type
  7870 ;;                  4    0[COMRAM] long 
  7871 ;; Registers used:
  7872 ;;		wreg, status,2, status,0
  7873 ;; Tracked objects:
  7874 ;;		On entry : 0/0
  7875 ;;		On exit  : 0/0
  7876 ;;		Unchanged: 0/0
  7877 ;; Data sizes:     COMRAM   BANK0   BANK1   BANK2   BANK3   BANK4   BANK5   BANK6   BANK7
  7878 ;;      Params:         4       0       0       0       0       0       0       0       0
  7879 ;;      Locals:         0       0       0       0       0       0       0       0       0
  7880 ;;      Temps:          4       0       0       0       0       0       0       0       0
  7881 ;;      Totals:         8       0       0       0       0       0       0       0       0
  7882 ;;Total ram usage:        8 bytes
  7883 ;; Hardware stack levels used: 1
  7884 ;; This function calls:
  7885 ;;		Nothing
  7886 ;; This function is called by:
  7887 ;;		_efgtoa
  7888 ;; This function uses a non-reentrant model
  7889 ;;
  7890                           
  7891                           	psect	text30
  7892   0043B0                     __ptext30:
  7893                           	callstack 0
  7894   0043B0                     _labs:
  7895                           	callstack 24
  7896   0043B0  BE04               	btfsc	(labs@a+3)^0,7,c
  7897   0043B2  EFDD  F021         	goto	u4351
  7898   0043B6  EFDF  F021         	goto	u4350
  7899   0043BA                     u4351:
  7900   0043BA  EFE9  F021         	goto	l3671
  7901   0043BE                     u4350:
  7902   0043BE  C001  F001         	movff	labs@a,?_labs
  7903   0043C2  C002  F002         	movff	labs@a+1,?_labs+1
  7904   0043C6  C003  F003         	movff	labs@a+2,?_labs+2
  7905   0043CA  C004  F004         	movff	labs@a+3,?_labs+3
  7906   0043CE  EF02  F022         	goto	l988
  7907   0043D2                     l3671:
  7908   0043D2  C001  F005         	movff	labs@a,??_labs
  7909   0043D6  C002  F006         	movff	labs@a+1,??_labs+1
  7910   0043DA  C003  F007         	movff	labs@a+2,??_labs+2
  7911   0043DE  C004  F008         	movff	labs@a+3,??_labs+3
  7912   0043E2  1E05               	comf	??_labs^0,f,c
  7913   0043E4  1E06               	comf	(??_labs+1)^0,f,c
  7914   0043E6  1E07               	comf	(??_labs+2)^0,f,c
  7915   0043E8  1E08               	comf	(??_labs+3)^0,f,c
  7916   0043EA  2A05               	incf	??_labs^0,f,c
  7917   0043EC  0E00               	movlw	0
  7918   0043EE  2206               	addwfc	(??_labs+1)^0,f,c
  7919   0043F0  2207               	addwfc	(??_labs+2)^0,f,c
  7920   0043F2  2208               	addwfc	(??_labs+3)^0,f,c
  7921   0043F4  C005  F001         	movff	??_labs,?_labs
  7922   0043F8  C006  F002         	movff	??_labs+1,?_labs+1
  7923   0043FC  C007  F003         	movff	??_labs+2,?_labs+2
  7924   004400  C008  F004         	movff	??_labs+3,?_labs+3
  7925   004404                     l988:
  7926   004404  0012               	return		;funcret
  7927   004406                     __end_of_labs:
  7928                           	callstack 0
  7929                           
  7930 ;; *************** function _floorf *****************
  7931 ;; Defined at:
  7932 ;;		line 3 in file "C:\Program Files\Microchip\xc8\v3.00\pic\sources\c99\common\floorf.c"
  7933 ;; Parameters:    Size  Location     Type
  7934 ;;  x               4   25[COMRAM] float 
  7935 ;; Auto vars:     Size  Location     Type
  7936 ;;  u               4   41[COMRAM] struct .
  7937 ;;  m               4   35[COMRAM] unsigned long 
  7938 ;;  e               2   39[COMRAM] int 
  7939 ;; Return value:  Size  Location     Type
  7940 ;;                  4   25[COMRAM] float 
  7941 ;; Registers used:
  7942 ;;		wreg, status,2, status,0
  7943 ;; Tracked objects:
  7944 ;;		On entry : 0/0
  7945 ;;		On exit  : 0/0
  7946 ;;		Unchanged: 0/0
  7947 ;; Data sizes:     COMRAM   BANK0   BANK1   BANK2   BANK3   BANK4   BANK5   BANK6   BANK7
  7948 ;;      Params:         4       0       0       0       0       0       0       0       0
  7949 ;;      Locals:        10       0       0       0       0       0       0       0       0
  7950 ;;      Temps:          6       0       0       0       0       0       0       0       0
  7951 ;;      Totals:        20       0       0       0       0       0       0       0       0
  7952 ;;Total ram usage:       20 bytes
  7953 ;; Hardware stack levels used: 1
  7954 ;; This function calls:
  7955 ;;		Nothing
  7956 ;; This function is called by:
  7957 ;;		_efgtoa
  7958 ;; This function uses a non-reentrant model
  7959 ;;
  7960                           
  7961                           	psect	text31
  7962   0031CE                     __ptext31:
  7963                           	callstack 0
  7964   0031CE                     _floorf:
  7965                           	callstack 24
  7966   0031CE  C0D8  F02A         	movff	floorf@F521,floorf@u
  7967   0031D2  C0D9  F02B         	movff	floorf@F521+1,floorf@u+1
  7968   0031D6  C0DA  F02C         	movff	floorf@F521+2,floorf@u+2
  7969   0031DA  C0DB  F02D         	movff	floorf@F521+3,floorf@u+3
  7970   0031DE  C01A  F02A         	movff	floorf@x,floorf@u
  7971   0031E2  C01B  F02B         	movff	floorf@x+1,floorf@u+1
  7972   0031E6  C01C  F02C         	movff	floorf@x+2,floorf@u+2
  7973   0031EA  C01D  F02D         	movff	floorf@x+3,floorf@u+3
  7974   0031EE  0E81               	movlw	129
  7975   0031F0  6E1E               	movwf	??_floorf^0,c
  7976   0031F2  0EFF               	movlw	255
  7977   0031F4  6E1F               	movwf	(??_floorf+1)^0,c
  7978   0031F6  C02A  F020         	movff	floorf@u,??_floorf+2
  7979   0031FA  C02B  F021         	movff	floorf@u+1,??_floorf+3
  7980   0031FE  C02C  F022         	movff	floorf@u+2,??_floorf+4
  7981   003202  C02D  F023         	movff	floorf@u+3,??_floorf+5
  7982   003206  0E18               	movlw	24
  7983   003208  EF0B  F019         	goto	u4360
  7984   00320C                     u4365:
  7985   00320C  90D8               	bcf	status,0,c
  7986   00320E  3223               	rrcf	(??_floorf+5)^0,f,c
  7987   003210  3222               	rrcf	(??_floorf+4)^0,f,c
  7988   003212  3221               	rrcf	(??_floorf+3)^0,f,c
  7989   003214  3220               	rrcf	(??_floorf+2)^0,f,c
  7990   003216                     u4360:
  7991   003216  2EE8               	decfsz	wreg,f,c
  7992   003218  EF06  F019         	goto	u4365
  7993   00321C  5020               	movf	(??_floorf+2)^0,w,c
  7994   00321E  241E               	addwf	??_floorf^0,w,c
  7995   003220  6E28               	movwf	floorf@e^0,c
  7996   003222  0E00               	movlw	0
  7997   003224  201F               	addwfc	(??_floorf+1)^0,w,c
  7998   003226  6E29               	movwf	(floorf@e+1)^0,c
  7999   003228  BE29               	btfsc	(floorf@e+1)^0,7,c
  8000   00322A  EF20  F019         	goto	u4371
  8001   00322E  5029               	movf	(floorf@e+1)^0,w,c
  8002   003230  E109               	bnz	u4370
  8003   003232  0E17               	movlw	23
  8004   003234  5C28               	subwf	floorf@e^0,w,c
  8005   003236  A0D8               	btfss	status,0,c
  8006   003238  EF20  F019         	goto	u4371
  8007   00323C  EF22  F019         	goto	u4370
  8008   003240                     u4371:
  8009   003240  EF2C  F019         	goto	l3681
  8010   003244                     u4370:
  8011   003244                     l3679:
  8012   003244  C01A  F01A         	movff	floorf@x,?_floorf
  8013   003248  C01B  F01B         	movff	floorf@x+1,?_floorf+1
  8014   00324C  C01C  F01C         	movff	floorf@x+2,?_floorf+2
  8015   003250  C01D  F01D         	movff	floorf@x+3,?_floorf+3
  8016   003254  EFEF  F019         	goto	l974
  8017   003258                     l3681:
  8018   003258  BE29               	btfsc	(floorf@e+1)^0,7,c
  8019   00325A  EF31  F019         	goto	u4381
  8020   00325E  EF33  F019         	goto	u4380
  8021   003262                     u4381:
  8022   003262  EFA3  F019         	goto	l3691
  8023   003266                     u4380:
  8024   003266  C028  F01E         	movff	floorf@e,??_floorf
  8025   00326A  0EFF               	movlw	255
  8026   00326C  6E1F               	movwf	(??_floorf+1)^0,c
  8027   00326E  0EFF               	movlw	255
  8028   003270  6E20               	movwf	(??_floorf+2)^0,c
  8029   003272  0E7F               	movlw	127
  8030   003274  6E21               	movwf	(??_floorf+3)^0,c
  8031   003276  0E00               	movlw	0
  8032   003278  6E22               	movwf	(??_floorf+4)^0,c
  8033   00327A                     u4395:
  8034   00327A  661E               	tstfsz	??_floorf^0,c
  8035   00327C  EF42  F019         	goto	u4396
  8036   003280  EF4A  F019         	goto	u4397
  8037   003284                     u4396:
  8038   003284  3422               	rlcf	(??_floorf+4)^0,w,c
  8039   003286  3222               	rrcf	(??_floorf+4)^0,f,c
  8040   003288  3221               	rrcf	(??_floorf+3)^0,f,c
  8041   00328A  3220               	rrcf	(??_floorf+2)^0,f,c
  8042   00328C  321F               	rrcf	(??_floorf+1)^0,f,c
  8043   00328E  2E1E               	decfsz	??_floorf^0,f,c
  8044   003290  EF3D  F019         	goto	u4395
  8045   003294                     u4397:
  8046   003294  C01F  F024         	movff	??_floorf+1,floorf@m
  8047   003298  C020  F025         	movff	??_floorf+2,floorf@m+1
  8048   00329C  C021  F026         	movff	??_floorf+3,floorf@m+2
  8049   0032A0  C022  F027         	movff	??_floorf+4,floorf@m+3
  8050   0032A4  5024               	movf	floorf@m^0,w,c
  8051   0032A6  142A               	andwf	floorf@u^0,w,c
  8052   0032A8  6E1E               	movwf	??_floorf^0,c
  8053   0032AA  5025               	movf	(floorf@m+1)^0,w,c
  8054   0032AC  142B               	andwf	(floorf@u+1)^0,w,c
  8055   0032AE  6E1F               	movwf	(??_floorf+1)^0,c
  8056   0032B0  5026               	movf	(floorf@m+2)^0,w,c
  8057   0032B2  142C               	andwf	(floorf@u+2)^0,w,c
  8058   0032B4  6E20               	movwf	(??_floorf+2)^0,c
  8059   0032B6  5027               	movf	(floorf@m+3)^0,w,c
  8060   0032B8  142D               	andwf	(floorf@u+3)^0,w,c
  8061   0032BA  6E21               	movwf	(??_floorf+3)^0,c
  8062   0032BC  501E               	movf	??_floorf^0,w,c
  8063   0032BE  101F               	iorwf	(??_floorf+1)^0,w,c
  8064   0032C0  1020               	iorwf	(??_floorf+2)^0,w,c
  8065   0032C2  1021               	iorwf	(??_floorf+3)^0,w,c
  8066   0032C4  A4D8               	btfss	status,2,c
  8067   0032C6  EF67  F019         	goto	u4401
  8068   0032CA  EF69  F019         	goto	u4400
  8069   0032CE                     u4401:
  8070   0032CE  EF6B  F019         	goto	l3687
  8071   0032D2                     u4400:
  8072   0032D2  EF22  F019         	goto	l3679
  8073   0032D6                     l3687:
  8074   0032D6  C02A  F01E         	movff	floorf@u,??_floorf
  8075   0032DA  C02B  F01F         	movff	floorf@u+1,??_floorf+1
  8076   0032DE  C02C  F020         	movff	floorf@u+2,??_floorf+2
  8077   0032E2  C02D  F021         	movff	floorf@u+3,??_floorf+3
  8078   0032E6  0E20               	movlw	32
  8079   0032E8  EF7B  F019         	goto	u4410
  8080   0032EC                     u4415:
  8081   0032EC  90D8               	bcf	status,0,c
  8082   0032EE  3221               	rrcf	(??_floorf+3)^0,f,c
  8083   0032F0  3220               	rrcf	(??_floorf+2)^0,f,c
  8084   0032F2  321F               	rrcf	(??_floorf+1)^0,f,c
  8085   0032F4  321E               	rrcf	??_floorf^0,f,c
  8086   0032F6                     u4410:
  8087   0032F6  2EE8               	decfsz	wreg,f,c
  8088   0032F8  EF76  F019         	goto	u4415
  8089   0032FC  501E               	movf	??_floorf^0,w,c
  8090   0032FE  101F               	iorwf	(??_floorf+1)^0,w,c
  8091   003300  1020               	iorwf	(??_floorf+2)^0,w,c
  8092   003302  1021               	iorwf	(??_floorf+3)^0,w,c
  8093   003304  B4D8               	btfsc	status,2,c
  8094   003306  EF87  F019         	goto	u4421
  8095   00330A  EF89  F019         	goto	u4420
  8096   00330E                     u4421:
  8097   00330E  EF91  F019         	goto	l977
  8098   003312                     u4420:
  8099   003312  5024               	movf	floorf@m^0,w,c
  8100   003314  262A               	addwf	floorf@u^0,f,c
  8101   003316  5025               	movf	(floorf@m+1)^0,w,c
  8102   003318  222B               	addwfc	(floorf@u+1)^0,f,c
  8103   00331A  5026               	movf	(floorf@m+2)^0,w,c
  8104   00331C  222C               	addwfc	(floorf@u+2)^0,f,c
  8105   00331E  5027               	movf	(floorf@m+3)^0,w,c
  8106   003320  222D               	addwfc	(floorf@u+3)^0,f,c
  8107   003322                     l977:
  8108   003322  1C24               	comf	floorf@m^0,w,c
  8109   003324  6E1E               	movwf	??_floorf^0,c
  8110   003326  1C25               	comf	(floorf@m+1)^0,w,c
  8111   003328  6E1F               	movwf	(??_floorf+1)^0,c
  8112   00332A  1C26               	comf	(floorf@m+2)^0,w,c
  8113   00332C  6E20               	movwf	(??_floorf+2)^0,c
  8114   00332E  1C27               	comf	(floorf@m+3)^0,w,c
  8115   003330  6E21               	movwf	(??_floorf+3)^0,c
  8116   003332  501E               	movf	??_floorf^0,w,c
  8117   003334  162A               	andwf	floorf@u^0,f,c
  8118   003336  501F               	movf	(??_floorf+1)^0,w,c
  8119   003338  162B               	andwf	(floorf@u+1)^0,f,c
  8120   00333A  5020               	movf	(??_floorf+2)^0,w,c
  8121   00333C  162C               	andwf	(floorf@u+2)^0,f,c
  8122   00333E  5021               	movf	(??_floorf+3)^0,w,c
  8123   003340  162D               	andwf	(floorf@u+3)^0,f,c
  8124   003342  EFE7  F019         	goto	l3699
  8125   003346                     l3691:
  8126   003346  C02A  F01E         	movff	floorf@u,??_floorf
  8127   00334A  C02B  F01F         	movff	floorf@u+1,??_floorf+1
  8128   00334E  C02C  F020         	movff	floorf@u+2,??_floorf+2
  8129   003352  C02D  F021         	movff	floorf@u+3,??_floorf+3
  8130   003356  0E20               	movlw	32
  8131   003358  EFB3  F019         	goto	u4430
  8132   00335C                     u4435:
  8133   00335C  90D8               	bcf	status,0,c
  8134   00335E  3221               	rrcf	(??_floorf+3)^0,f,c
  8135   003360  3220               	rrcf	(??_floorf+2)^0,f,c
  8136   003362  321F               	rrcf	(??_floorf+1)^0,f,c
  8137   003364  321E               	rrcf	??_floorf^0,f,c
  8138   003366                     u4430:
  8139   003366  2EE8               	decfsz	wreg,f,c
  8140   003368  EFAE  F019         	goto	u4435
  8141   00336C  501E               	movf	??_floorf^0,w,c
  8142   00336E  101F               	iorwf	(??_floorf+1)^0,w,c
  8143   003370  1020               	iorwf	(??_floorf+2)^0,w,c
  8144   003372  1021               	iorwf	(??_floorf+3)^0,w,c
  8145   003374  A4D8               	btfss	status,2,c
  8146   003376  EFBF  F019         	goto	u4441
  8147   00337A  EFC1  F019         	goto	u4440
  8148   00337E                     u4441:
  8149   00337E  EFCB  F019         	goto	l3695
  8150   003382                     u4440:
  8151   003382  0E00               	movlw	0
  8152   003384  6E2A               	movwf	floorf@u^0,c
  8153   003386  0E00               	movlw	0
  8154   003388  6E2B               	movwf	(floorf@u+1)^0,c
  8155   00338A  0E00               	movlw	0
  8156   00338C  6E2C               	movwf	(floorf@u+2)^0,c
  8157   00338E  0E00               	movlw	0
  8158   003390  6E2D               	movwf	(floorf@u+3)^0,c
  8159   003392  EFE7  F019         	goto	l3699
  8160   003396                     l3695:
  8161   003396  90D8               	bcf	status,0,c
  8162   003398  342A               	rlcf	floorf@u^0,w,c
  8163   00339A  6E1E               	movwf	??_floorf^0,c
  8164   00339C  342B               	rlcf	(floorf@u+1)^0,w,c
  8165   00339E  6E1F               	movwf	(??_floorf+1)^0,c
  8166   0033A0  342C               	rlcf	(floorf@u+2)^0,w,c
  8167   0033A2  6E20               	movwf	(??_floorf+2)^0,c
  8168   0033A4  342D               	rlcf	(floorf@u+3)^0,w,c
  8169   0033A6  6E21               	movwf	(??_floorf+3)^0,c
  8170   0033A8  501E               	movf	??_floorf^0,w,c
  8171   0033AA  101F               	iorwf	(??_floorf+1)^0,w,c
  8172   0033AC  1020               	iorwf	(??_floorf+2)^0,w,c
  8173   0033AE  1021               	iorwf	(??_floorf+3)^0,w,c
  8174   0033B0  B4D8               	btfsc	status,2,c
  8175   0033B2  EFDD  F019         	goto	u4451
  8176   0033B6  EFDF  F019         	goto	u4450
  8177   0033BA                     u4451:
  8178   0033BA  EFE7  F019         	goto	l3699
  8179   0033BE                     u4450:
  8180   0033BE  0E00               	movlw	0
  8181   0033C0  6E2A               	movwf	floorf@u^0,c
  8182   0033C2  0E00               	movlw	0
  8183   0033C4  6E2B               	movwf	(floorf@u+1)^0,c
  8184   0033C6  0E80               	movlw	128
  8185   0033C8  6E2C               	movwf	(floorf@u+2)^0,c
  8186   0033CA  0EBF               	movlw	191
  8187   0033CC  6E2D               	movwf	(floorf@u+3)^0,c
  8188   0033CE                     l3699:
  8189   0033CE  C02A  F01A         	movff	floorf@u,?_floorf
  8190   0033D2  C02B  F01B         	movff	floorf@u+1,?_floorf+1
  8191   0033D6  C02C  F01C         	movff	floorf@u+2,?_floorf+2
  8192   0033DA  C02D  F01D         	movff	floorf@u+3,?_floorf+3
  8193   0033DE                     l974:
  8194   0033DE  0012               	return		;funcret
  8195   0033E0                     __end_of_floorf:
  8196                           	callstack 0
  8197                           
  8198 ;; *************** function ___fpclassifyf *****************
  8199 ;; Defined at:
  8200 ;;		line 4 in file "C:\Program Files\Microchip\xc8\v3.00\pic\sources\c99\common\__fpclassifyf.c"
  8201 ;; Parameters:    Size  Location     Type
  8202 ;;  x               4    0[COMRAM] float 
  8203 ;; Auto vars:     Size  Location     Type
  8204 ;;  u               4   10[COMRAM] struct .
  8205 ;;  e               2    8[COMRAM] int 
  8206 ;; Return value:  Size  Location     Type
  8207 ;;                  2    0[COMRAM] int 
  8208 ;; Registers used:
  8209 ;;		wreg, status,2, status,0
  8210 ;; Tracked objects:
  8211 ;;		On entry : 0/0
  8212 ;;		On exit  : 0/0
  8213 ;;		Unchanged: 0/0
  8214 ;; Data sizes:     COMRAM   BANK0   BANK1   BANK2   BANK3   BANK4   BANK5   BANK6   BANK7
  8215 ;;      Params:         4       0       0       0       0       0       0       0       0
  8216 ;;      Locals:         6       0       0       0       0       0       0       0       0
  8217 ;;      Temps:          4       0       0       0       0       0       0       0       0
  8218 ;;      Totals:        14       0       0       0       0       0       0       0       0
  8219 ;;Total ram usage:       14 bytes
  8220 ;; Hardware stack levels used: 1
  8221 ;; This function calls:
  8222 ;;		Nothing
  8223 ;; This function is called by:
  8224 ;;		_efgtoa
  8225 ;; This function uses a non-reentrant model
  8226 ;;
  8227                           
  8228                           	psect	text32
  8229   003AD8                     __ptext32:
  8230                           	callstack 0
  8231   003AD8                     ___fpclassifyf:
  8232                           	callstack 24
  8233   003AD8  C0DC  F00B         	movff	___fpclassifyf@F465,___fpclassifyf@u
  8234   003ADC  C0DD  F00C         	movff	___fpclassifyf@F465+1,___fpclassifyf@u+1
  8235   003AE0  C0DE  F00D         	movff	___fpclassifyf@F465+2,___fpclassifyf@u+2
  8236   003AE4  C0DF  F00E         	movff	___fpclassifyf@F465+3,___fpclassifyf@u+3
  8237   003AE8  C001  F00B         	movff	___fpclassifyf@x,___fpclassifyf@u
  8238   003AEC  C002  F00C         	movff	___fpclassifyf@x+1,___fpclassifyf@u+1
  8239   003AF0  C003  F00D         	movff	___fpclassifyf@x+2,___fpclassifyf@u+2
  8240   003AF4  C004  F00E         	movff	___fpclassifyf@x+3,___fpclassifyf@u+3
  8241   003AF8  C00B  F005         	movff	___fpclassifyf@u,??___fpclassifyf
  8242   003AFC  C00C  F006         	movff	___fpclassifyf@u+1,??___fpclassifyf+1
  8243   003B00  C00D  F007         	movff	___fpclassifyf@u+2,??___fpclassifyf+2
  8244   003B04  C00E  F008         	movff	___fpclassifyf@u+3,??___fpclassifyf+3
  8245   003B08  0E18               	movlw	24
  8246   003B0A  EF8C  F01D         	goto	u4280
  8247   003B0E                     u4285:
  8248   003B0E  90D8               	bcf	status,0,c
  8249   003B10  3208               	rrcf	(??___fpclassifyf+3)^0,f,c
  8250   003B12  3207               	rrcf	(??___fpclassifyf+2)^0,f,c
  8251   003B14  3206               	rrcf	(??___fpclassifyf+1)^0,f,c
  8252   003B16  3205               	rrcf	??___fpclassifyf^0,f,c
  8253   003B18                     u4280:
  8254   003B18  2EE8               	decfsz	wreg,f,c
  8255   003B1A  EF87  F01D         	goto	u4285
  8256   003B1E  5005               	movf	??___fpclassifyf^0,w,c
  8257   003B20  6E09               	movwf	___fpclassifyf@e^0,c
  8258   003B22  6A0A               	clrf	(___fpclassifyf@e+1)^0,c
  8259   003B24  5009               	movf	___fpclassifyf@e^0,w,c
  8260   003B26  100A               	iorwf	(___fpclassifyf@e+1)^0,w,c
  8261   003B28  A4D8               	btfss	status,2,c
  8262   003B2A  EF99  F01D         	goto	u4291
  8263   003B2E  EF9B  F01D         	goto	u4290
  8264   003B32                     u4291:
  8265   003B32  EFBB  F01D         	goto	l3657
  8266   003B36                     u4290:
  8267   003B36  90D8               	bcf	status,0,c
  8268   003B38  340B               	rlcf	___fpclassifyf@u^0,w,c
  8269   003B3A  6E05               	movwf	??___fpclassifyf^0,c
  8270   003B3C  340C               	rlcf	(___fpclassifyf@u+1)^0,w,c
  8271   003B3E  6E06               	movwf	(??___fpclassifyf+1)^0,c
  8272   003B40  340D               	rlcf	(___fpclassifyf@u+2)^0,w,c
  8273   003B42  6E07               	movwf	(??___fpclassifyf+2)^0,c
  8274   003B44  340E               	rlcf	(___fpclassifyf@u+3)^0,w,c
  8275   003B46  6E08               	movwf	(??___fpclassifyf+3)^0,c
  8276   003B48  5005               	movf	??___fpclassifyf^0,w,c
  8277   003B4A  1006               	iorwf	(??___fpclassifyf+1)^0,w,c
  8278   003B4C  1007               	iorwf	(??___fpclassifyf+2)^0,w,c
  8279   003B4E  1008               	iorwf	(??___fpclassifyf+3)^0,w,c
  8280   003B50  A4D8               	btfss	status,2,c
  8281   003B52  EFAD  F01D         	goto	u4301
  8282   003B56  EFAF  F01D         	goto	u4300
  8283   003B5A                     u4301:
  8284   003B5A  EFB5  F01D         	goto	l3653
  8285   003B5E                     u4300:
  8286   003B5E  0E00               	movlw	0
  8287   003B60  6E02               	movwf	(?___fpclassifyf+1)^0,c
  8288   003B62  0E02               	movlw	2
  8289   003B64  6E01               	movwf	?___fpclassifyf^0,c
  8290   003B66  EFEA  F01D         	goto	l967
  8291   003B6A                     l3653:
  8292   003B6A  0E00               	movlw	0
  8293   003B6C  6E02               	movwf	(?___fpclassifyf+1)^0,c
  8294   003B6E  0E03               	movlw	3
  8295   003B70  6E01               	movwf	?___fpclassifyf^0,c
  8296   003B72  EFEA  F01D         	goto	l967
  8297   003B76                     l3657:
  8298   003B76  2809               	incf	___fpclassifyf@e^0,w,c
  8299   003B78  100A               	iorwf	(___fpclassifyf@e+1)^0,w,c
  8300   003B7A  A4D8               	btfss	status,2,c
  8301   003B7C  EFC2  F01D         	goto	u4311
  8302   003B80  EFC4  F01D         	goto	u4310
  8303   003B84                     u4311:
  8304   003B84  EFE6  F01D         	goto	l3663
  8305   003B88                     u4310:
  8306   003B88  C00B  F005         	movff	___fpclassifyf@u,??___fpclassifyf
  8307   003B8C  C00C  F006         	movff	___fpclassifyf@u+1,??___fpclassifyf+1
  8308   003B90  C00D  F007         	movff	___fpclassifyf@u+2,??___fpclassifyf+2
  8309   003B94  C00E  F008         	movff	___fpclassifyf@u+3,??___fpclassifyf+3
  8310   003B98  0E09               	movlw	9
  8311   003B9A                     u4325:
  8312   003B9A  90D8               	bcf	status,0,c
  8313   003B9C  3605               	rlcf	??___fpclassifyf^0,f,c
  8314   003B9E  3606               	rlcf	(??___fpclassifyf+1)^0,f,c
  8315   003BA0  3607               	rlcf	(??___fpclassifyf+2)^0,f,c
  8316   003BA2  3608               	rlcf	(??___fpclassifyf+3)^0,f,c
  8317   003BA4  2EE8               	decfsz	wreg,f,c
  8318   003BA6  EFCD  F01D         	goto	u4325
  8319   003BAA  5005               	movf	??___fpclassifyf^0,w,c
  8320   003BAC  1006               	iorwf	(??___fpclassifyf+1)^0,w,c
  8321   003BAE  1007               	iorwf	(??___fpclassifyf+2)^0,w,c
  8322   003BB0  1008               	iorwf	(??___fpclassifyf+3)^0,w,c
  8323   003BB2  B4D8               	btfsc	status,2,c
  8324   003BB4  EFDE  F01D         	goto	u4331
  8325   003BB8  EFE1  F01D         	goto	u4330
  8326   003BBC                     u4331:
  8327   003BBC  0E01               	movlw	1
  8328   003BBE  EFE2  F01D         	goto	u4340
  8329   003BC2                     u4330:
  8330   003BC2  0E00               	movlw	0
  8331   003BC4                     u4340:
  8332   003BC4  6E01               	movwf	?___fpclassifyf^0,c
  8333   003BC6  6A02               	clrf	(?___fpclassifyf+1)^0,c
  8334   003BC8  EFEA  F01D         	goto	l967
  8335   003BCC                     l3663:
  8336   003BCC  0E00               	movlw	0
  8337   003BCE  6E02               	movwf	(?___fpclassifyf+1)^0,c
  8338   003BD0  0E04               	movlw	4
  8339   003BD2  6E01               	movwf	?___fpclassifyf^0,c
  8340   003BD4                     l967:
  8341   003BD4  0012               	return		;funcret
  8342   003BD6                     __end_of___fpclassifyf:
  8343                           	callstack 0
  8344                           
  8345 ;; *************** function ___fltol *****************
  8346 ;; Defined at:
  8347 ;;		line 43 in file "C:\Program Files\Microchip\xc8\v3.00\pic\sources\c99\common\fltol.c"
  8348 ;; Parameters:    Size  Location     Type
  8349 ;;  f1              4    0[COMRAM] int 
  8350 ;; Auto vars:     Size  Location     Type
  8351 ;;  exp1            1    9[COMRAM] unsigned char 
  8352 ;;  sign1           1    8[COMRAM] unsigned char 
  8353 ;; Return value:  Size  Location     Type
  8354 ;;                  4    0[COMRAM] long 
  8355 ;; Registers used:
  8356 ;;		wreg, status,2, status,0
  8357 ;; Tracked objects:
  8358 ;;		On entry : 0/0
  8359 ;;		On exit  : 0/0
  8360 ;;		Unchanged: 0/0
  8361 ;; Data sizes:     COMRAM   BANK0   BANK1   BANK2   BANK3   BANK4   BANK5   BANK6   BANK7
  8362 ;;      Params:         4       0       0       0       0       0       0       0       0
  8363 ;;      Locals:         2       0       0       0       0       0       0       0       0
  8364 ;;      Temps:          4       0       0       0       0       0       0       0       0
  8365 ;;      Totals:        10       0       0       0       0       0       0       0       0
  8366 ;;Total ram usage:       10 bytes
  8367 ;; Hardware stack levels used: 1
  8368 ;; This function calls:
  8369 ;;		Nothing
  8370 ;; This function is called by:
  8371 ;;		_efgtoa
  8372 ;; This function uses a non-reentrant model
  8373 ;;
  8374                           
  8375                           	psect	text33
  8376   0038CE                     __ptext33:
  8377                           	callstack 0
  8378   0038CE                     ___fltol:
  8379                           	callstack 24
  8380   0038CE  3403               	rlcf	(___fltol@f1+2)^0,w,c
  8381   0038D0  3404               	rlcf	(___fltol@f1+3)^0,w,c
  8382   0038D2  6E0A               	movwf	___fltol@exp1^0,c
  8383   0038D4  500A               	movf	___fltol@exp1^0,w,c
  8384   0038D6  A4D8               	btfss	status,2,c
  8385   0038D8  EF70  F01C         	goto	u4191
  8386   0038DC  EF72  F01C         	goto	u4190
  8387   0038E0                     u4191:
  8388   0038E0  EF7C  F01C         	goto	l3595
  8389   0038E4                     u4190:
  8390   0038E4                     l3591:
  8391   0038E4  0E00               	movlw	0
  8392   0038E6  6E01               	movwf	?___fltol^0,c
  8393   0038E8  0E00               	movlw	0
  8394   0038EA  6E02               	movwf	(?___fltol+1)^0,c
  8395   0038EC  0E00               	movlw	0
  8396   0038EE  6E03               	movwf	(?___fltol+2)^0,c
  8397   0038F0  0E00               	movlw	0
  8398   0038F2  6E04               	movwf	(?___fltol+3)^0,c
  8399   0038F4  EFE9  F01C         	goto	l458
  8400   0038F8                     l3595:
  8401   0038F8  C001  F005         	movff	___fltol@f1,??___fltol
  8402   0038FC  C002  F006         	movff	___fltol@f1+1,??___fltol+1
  8403   003900  C003  F007         	movff	___fltol@f1+2,??___fltol+2
  8404   003904  C004  F008         	movff	___fltol@f1+3,??___fltol+3
  8405   003908  0E20               	movlw	32
  8406   00390A  EF8C  F01C         	goto	u4200
  8407   00390E                     u4205:
  8408   00390E  90D8               	bcf	status,0,c
  8409   003910  3208               	rrcf	(??___fltol+3)^0,f,c
  8410   003912  3207               	rrcf	(??___fltol+2)^0,f,c
  8411   003914  3206               	rrcf	(??___fltol+1)^0,f,c
  8412   003916  3205               	rrcf	??___fltol^0,f,c
  8413   003918                     u4200:
  8414   003918  2EE8               	decfsz	wreg,f,c
  8415   00391A  EF87  F01C         	goto	u4205
  8416   00391E  5005               	movf	??___fltol^0,w,c
  8417   003920  6E09               	movwf	___fltol@sign1^0,c
  8418   003922  8E03               	bsf	(___fltol@f1+2)^0,7,c
  8419   003924  0EFF               	movlw	255
  8420   003926  1601               	andwf	___fltol@f1^0,f,c
  8421   003928  0EFF               	movlw	255
  8422   00392A  1602               	andwf	(___fltol@f1+1)^0,f,c
  8423   00392C  0EFF               	movlw	255
  8424   00392E  1603               	andwf	(___fltol@f1+2)^0,f,c
  8425   003930  0E00               	movlw	0
  8426   003932  1604               	andwf	(___fltol@f1+3)^0,f,c
  8427   003934  0E96               	movlw	150
  8428   003936  5E0A               	subwf	___fltol@exp1^0,f,c
  8429   003938  BE0A               	btfsc	___fltol@exp1^0,7,c
  8430   00393A  EFA3  F01C         	goto	u4210
  8431   00393E  EFA1  F01C         	goto	u4211
  8432   003942                     u4211:
  8433   003942  EFB9  F01C         	goto	l3615
  8434   003946                     u4210:
  8435   003946  500A               	movf	___fltol@exp1^0,w,c
  8436   003948  0A80               	xorlw	128
  8437   00394A  0F97               	addlw	151
  8438   00394C  B0D8               	btfsc	status,0,c
  8439   00394E  EFAB  F01C         	goto	u4221
  8440   003952  EFAD  F01C         	goto	u4220
  8441   003956                     u4221:
  8442   003956  EFAF  F01C         	goto	l3611
  8443   00395A                     u4220:
  8444   00395A  EF72  F01C         	goto	l3591
  8445   00395E                     l3611:
  8446   00395E  90D8               	bcf	status,0,c
  8447   003960  3204               	rrcf	(___fltol@f1+3)^0,f,c
  8448   003962  3203               	rrcf	(___fltol@f1+2)^0,f,c
  8449   003964  3202               	rrcf	(___fltol@f1+1)^0,f,c
  8450   003966  3201               	rrcf	___fltol@f1^0,f,c
  8451   003968  3E0A               	incfsz	___fltol@exp1^0,f,c
  8452   00396A  EFAF  F01C         	goto	l3611
  8453   00396E  EFD1  F01C         	goto	l3625
  8454   003972                     l3615:
  8455   003972  0E1F               	movlw	31
  8456   003974  640A               	cpfsgt	___fltol@exp1^0,c
  8457   003976  EFBF  F01C         	goto	u4231
  8458   00397A  EFC1  F01C         	goto	u4230
  8459   00397E                     u4231:
  8460   00397E  EFC9  F01C         	goto	l3623
  8461   003982                     u4230:
  8462   003982  EF72  F01C         	goto	l3591
  8463   003986                     l3621:
  8464   003986  90D8               	bcf	status,0,c
  8465   003988  3601               	rlcf	___fltol@f1^0,f,c
  8466   00398A  3602               	rlcf	(___fltol@f1+1)^0,f,c
  8467   00398C  3603               	rlcf	(___fltol@f1+2)^0,f,c
  8468   00398E  3604               	rlcf	(___fltol@f1+3)^0,f,c
  8469   003990  060A               	decf	___fltol@exp1^0,f,c
  8470   003992                     l3623:
  8471   003992  500A               	movf	___fltol@exp1^0,w,c
  8472   003994  A4D8               	btfss	status,2,c
  8473   003996  EFCF  F01C         	goto	u4241
  8474   00399A  EFD1  F01C         	goto	u4240
  8475   00399E                     u4241:
  8476   00399E  EFC3  F01C         	goto	l3621
  8477   0039A2                     u4240:
  8478   0039A2                     l3625:
  8479   0039A2  5009               	movf	___fltol@sign1^0,w,c
  8480   0039A4  B4D8               	btfsc	status,2,c
  8481   0039A6  EFD7  F01C         	goto	u4251
  8482   0039AA  EFD9  F01C         	goto	u4250
  8483   0039AE                     u4251:
  8484   0039AE  EFE1  F01C         	goto	l3629
  8485   0039B2                     u4250:
  8486   0039B2  1E04               	comf	(___fltol@f1+3)^0,f,c
  8487   0039B4  1E03               	comf	(___fltol@f1+2)^0,f,c
  8488   0039B6  1E02               	comf	(___fltol@f1+1)^0,f,c
  8489   0039B8  6C01               	negf	___fltol@f1^0,c
  8490   0039BA  0E00               	movlw	0
  8491   0039BC  2202               	addwfc	(___fltol@f1+1)^0,f,c
  8492   0039BE  2203               	addwfc	(___fltol@f1+2)^0,f,c
  8493   0039C0  2204               	addwfc	(___fltol@f1+3)^0,f,c
  8494   0039C2                     l3629:
  8495   0039C2  C001  F001         	movff	___fltol@f1,?___fltol
  8496   0039C6  C002  F002         	movff	___fltol@f1+1,?___fltol+1
  8497   0039CA  C003  F003         	movff	___fltol@f1+2,?___fltol+2
  8498   0039CE  C004  F004         	movff	___fltol@f1+3,?___fltol+3
  8499   0039D2                     l458:
  8500   0039D2  0012               	return		;funcret
  8501   0039D4                     __end_of___fltol:
  8502                           	callstack 0
  8503                           
  8504 ;; *************** function ___flsub *****************
  8505 ;; Defined at:
  8506 ;;		line 245 in file "C:\Program Files\Microchip\xc8\v3.00\pic\sources\c99\common\sprcadd.c"
  8507 ;; Parameters:    Size  Location     Type
  8508 ;;  b               4   41[COMRAM] long 
  8509 ;;  a               4   45[COMRAM] long 
  8510 ;; Auto vars:     Size  Location     Type
  8511 ;;		None
  8512 ;; Return value:  Size  Location     Type
  8513 ;;                  4   41[COMRAM] long 
  8514 ;; Registers used:
  8515 ;;		wreg, status,2, status,0, cstack
  8516 ;; Tracked objects:
  8517 ;;		On entry : 0/0
  8518 ;;		On exit  : 0/0
  8519 ;;		Unchanged: 0/0
  8520 ;; Data sizes:     COMRAM   BANK0   BANK1   BANK2   BANK3   BANK4   BANK5   BANK6   BANK7
  8521 ;;      Params:         8       0       0       0       0       0       0       0       0
  8522 ;;      Locals:         0       0       0       0       0       0       0       0       0
  8523 ;;      Temps:          0       0       0       0       0       0       0       0       0
  8524 ;;      Totals:         8       0       0       0       0       0       0       0       0
  8525 ;;Total ram usage:        8 bytes
  8526 ;; Hardware stack levels used: 1
  8527 ;; Hardware stack levels required when called: 1
  8528 ;; This function calls:
  8529 ;;		___fladd
  8530 ;; This function is called by:
  8531 ;;		_efgtoa
  8532 ;; This function uses a non-reentrant model
  8533 ;;
  8534                           
  8535                           	psect	text34
  8536   004546                     __ptext34:
  8537                           	callstack 0
  8538   004546                     ___flsub:
  8539                           	callstack 23
  8540   004546  0E00               	movlw	0
  8541   004548  1A2E               	xorwf	___flsub@a^0,f,c
  8542   00454A  0E00               	movlw	0
  8543   00454C  1A2F               	xorwf	(___flsub@a+1)^0,f,c
  8544   00454E  0E00               	movlw	0
  8545   004550  1A30               	xorwf	(___flsub@a+2)^0,f,c
  8546   004552  0E80               	movlw	128
  8547   004554  1A31               	xorwf	(___flsub@a+3)^0,f,c
  8548   004556  C02A  F01A         	movff	___flsub@b,___fladd@b
  8549   00455A  C02B  F01B         	movff	___flsub@b+1,___fladd@b+1
  8550   00455E  C02C  F01C         	movff	___flsub@b+2,___fladd@b+2
  8551   004562  C02D  F01D         	movff	___flsub@b+3,___fladd@b+3
  8552   004566  C02E  F01E         	movff	___flsub@a,___fladd@a
  8553   00456A  C02F  F01F         	movff	___flsub@a+1,___fladd@a+1
  8554   00456E  C030  F020         	movff	___flsub@a+2,___fladd@a+2
  8555   004572  C031  F021         	movff	___flsub@a+3,___fladd@a+3
  8556   004576  EC3F  F011         	call	___fladd	;wreg free
  8557   00457A  C01A  F02A         	movff	?___fladd,?___flsub
  8558   00457E  C01B  F02B         	movff	?___fladd+1,?___flsub+1
  8559   004582  C01C  F02C         	movff	?___fladd+2,?___flsub+2
  8560   004586  C01D  F02D         	movff	?___fladd+3,?___flsub+3
  8561   00458A  0012               	return		;funcret
  8562   00458C                     __end_of___flsub:
  8563                           	callstack 0
  8564                           
  8565 ;; *************** function ___fladd *****************
  8566 ;; Defined at:
  8567 ;;		line 10 in file "C:\Program Files\Microchip\xc8\v3.00\pic\sources\c99\common\sprcadd.c"
  8568 ;; Parameters:    Size  Location     Type
  8569 ;;  b               4   25[COMRAM] long 
  8570 ;;  a               4   29[COMRAM] long 
  8571 ;; Auto vars:     Size  Location     Type
  8572 ;;  grs             1   40[COMRAM] unsigned char 
  8573 ;;  bexp            1   39[COMRAM] unsigned char 
  8574 ;;  aexp            1   38[COMRAM] unsigned char 
  8575 ;;  signs           1   37[COMRAM] unsigned char 
  8576 ;; Return value:  Size  Location     Type
  8577 ;;                  4   25[COMRAM] unsigned char 
  8578 ;; Registers used:
  8579 ;;		wreg, status,2, status,0
  8580 ;; Tracked objects:
  8581 ;;		On entry : 0/0
  8582 ;;		On exit  : 0/0
  8583 ;;		Unchanged: 0/0
  8584 ;; Data sizes:     COMRAM   BANK0   BANK1   BANK2   BANK3   BANK4   BANK5   BANK6   BANK7
  8585 ;;      Params:         8       0       0       0       0       0       0       0       0
  8586 ;;      Locals:         4       0       0       0       0       0       0       0       0
  8587 ;;      Temps:          4       0       0       0       0       0       0       0       0
  8588 ;;      Totals:        16       0       0       0       0       0       0       0       0
  8589 ;;Total ram usage:       16 bytes
  8590 ;; Hardware stack levels used: 1
  8591 ;; This function calls:
  8592 ;;		Nothing
  8593 ;; This function is called by:
  8594 ;;		_nmea_latlon_to_decimal
  8595 ;;		___flsub
  8596 ;;		_efgtoa
  8597 ;; This function uses a non-reentrant model
  8598 ;;
  8599                           
  8600                           	psect	text35
  8601   00227E                     __ptext35:
  8602                           	callstack 0
  8603   00227E                     ___fladd:
  8604                           	callstack 28
  8605   00227E  501D               	movf	(___fladd@b+3)^0,w,c
  8606   002280  0B80               	andlw	128
  8607   002282  6E26               	movwf	___fladd@signs^0,c
  8608   002284  501D               	movf	(___fladd@b+3)^0,w,c
  8609   002286  241D               	addwf	(___fladd@b+3)^0,w,c
  8610   002288  6E28               	movwf	___fladd@bexp^0,c
  8611   00228A  AE1C               	btfss	(___fladd@b+2)^0,7,c
  8612   00228C  EF4A  F011         	goto	u3261
  8613   002290  EF4C  F011         	goto	u3260
  8614   002294                     u3261:
  8615   002294  EF4D  F011         	goto	l3073
  8616   002298                     u3260:
  8617   002298  8028               	bsf	___fladd@bexp^0,0,c
  8618   00229A                     l3073:
  8619   00229A  5028               	movf	___fladd@bexp^0,w,c
  8620   00229C  B4D8               	btfsc	status,2,c
  8621   00229E  EF53  F011         	goto	u3271
  8622   0022A2  EF55  F011         	goto	u3270
  8623   0022A6                     u3271:
  8624   0022A6  EF69  F011         	goto	l3083
  8625   0022AA                     u3270:
  8626   0022AA  2828               	incf	___fladd@bexp^0,w,c
  8627   0022AC  A4D8               	btfss	status,2,c
  8628   0022AE  EF5B  F011         	goto	u3281
  8629   0022B2  EF5D  F011         	goto	u3280
  8630   0022B6                     u3281:
  8631   0022B6  EF65  F011         	goto	l3079
  8632   0022BA                     u3280:
  8633   0022BA  0E00               	movlw	0
  8634   0022BC  6E1A               	movwf	___fladd@b^0,c
  8635   0022BE  0E00               	movlw	0
  8636   0022C0  6E1B               	movwf	(___fladd@b+1)^0,c
  8637   0022C2  0E00               	movlw	0
  8638   0022C4  6E1C               	movwf	(___fladd@b+2)^0,c
  8639   0022C6  0E00               	movlw	0
  8640   0022C8  6E1D               	movwf	(___fladd@b+3)^0,c
  8641   0022CA                     l3079:
  8642   0022CA  8E1C               	bsf	(___fladd@b+2)^0,7,c
  8643   0022CC  6A1D               	clrf	(___fladd@b+3)^0,c
  8644   0022CE  EF71  F011         	goto	l3085
  8645   0022D2                     l3083:
  8646   0022D2  0E00               	movlw	0
  8647   0022D4  6E1A               	movwf	___fladd@b^0,c
  8648   0022D6  0E00               	movlw	0
  8649   0022D8  6E1B               	movwf	(___fladd@b+1)^0,c
  8650   0022DA  0E00               	movlw	0
  8651   0022DC  6E1C               	movwf	(___fladd@b+2)^0,c
  8652   0022DE  0E00               	movlw	0
  8653   0022E0  6E1D               	movwf	(___fladd@b+3)^0,c
  8654   0022E2                     l3085:
  8655   0022E2  5021               	movf	(___fladd@a+3)^0,w,c
  8656   0022E4  0B80               	andlw	128
  8657   0022E6  6E27               	movwf	___fladd@aexp^0,c
  8658   0022E8  5026               	movf	___fladd@signs^0,w,c
  8659   0022EA  1827               	xorwf	___fladd@aexp^0,w,c
  8660   0022EC  B4D8               	btfsc	status,2,c
  8661   0022EE  EF7B  F011         	goto	u3291
  8662   0022F2  EF7D  F011         	goto	u3290
  8663   0022F6                     u3291:
  8664   0022F6  EF7E  F011         	goto	l3091
  8665   0022FA                     u3290:
  8666   0022FA  8C26               	bsf	___fladd@signs^0,6,c
  8667   0022FC                     l3091:
  8668   0022FC  5021               	movf	(___fladd@a+3)^0,w,c
  8669   0022FE  2421               	addwf	(___fladd@a+3)^0,w,c
  8670   002300  6E27               	movwf	___fladd@aexp^0,c
  8671   002302  AE20               	btfss	(___fladd@a+2)^0,7,c
  8672   002304  EF86  F011         	goto	u3301
  8673   002308  EF88  F011         	goto	u3300
  8674   00230C                     u3301:
  8675   00230C  EF89  F011         	goto	l3097
  8676   002310                     u3300:
  8677   002310  8027               	bsf	___fladd@aexp^0,0,c
  8678   002312                     l3097:
  8679   002312  5027               	movf	___fladd@aexp^0,w,c
  8680   002314  B4D8               	btfsc	status,2,c
  8681   002316  EF8F  F011         	goto	u3311
  8682   00231A  EF91  F011         	goto	u3310
  8683   00231E                     u3311:
  8684   00231E  EFA5  F011         	goto	l3107
  8685   002322                     u3310:
  8686   002322  2827               	incf	___fladd@aexp^0,w,c
  8687   002324  A4D8               	btfss	status,2,c
  8688   002326  EF97  F011         	goto	u3321
  8689   00232A  EF99  F011         	goto	u3320
  8690   00232E                     u3321:
  8691   00232E  EFA1  F011         	goto	l3103
  8692   002332                     u3320:
  8693   002332  0E00               	movlw	0
  8694   002334  6E1E               	movwf	___fladd@a^0,c
  8695   002336  0E00               	movlw	0
  8696   002338  6E1F               	movwf	(___fladd@a+1)^0,c
  8697   00233A  0E00               	movlw	0
  8698   00233C  6E20               	movwf	(___fladd@a+2)^0,c
  8699   00233E  0E00               	movlw	0
  8700   002340  6E21               	movwf	(___fladd@a+3)^0,c
  8701   002342                     l3103:
  8702   002342  8E20               	bsf	(___fladd@a+2)^0,7,c
  8703   002344  6A21               	clrf	(___fladd@a+3)^0,c
  8704   002346  EFAD  F011         	goto	l3109
  8705   00234A                     l3107:
  8706   00234A  0E00               	movlw	0
  8707   00234C  6E1E               	movwf	___fladd@a^0,c
  8708   00234E  0E00               	movlw	0
  8709   002350  6E1F               	movwf	(___fladd@a+1)^0,c
  8710   002352  0E00               	movlw	0
  8711   002354  6E20               	movwf	(___fladd@a+2)^0,c
  8712   002356  0E00               	movlw	0
  8713   002358  6E21               	movwf	(___fladd@a+3)^0,c
  8714   00235A                     l3109:
  8715   00235A  5028               	movf	___fladd@bexp^0,w,c
  8716   00235C  5C27               	subwf	___fladd@aexp^0,w,c
  8717   00235E  B0D8               	btfsc	status,0,c
  8718   002360  EFB4  F011         	goto	u3331
  8719   002364  EFB6  F011         	goto	u3330
  8720   002368                     u3331:
  8721   002368  EFDD  F011         	goto	l3145
  8722   00236C                     u3330:
  8723   00236C  AC26               	btfss	___fladd@signs^0,6,c
  8724   00236E  EFBB  F011         	goto	u3341
  8725   002372  EFBD  F011         	goto	u3340
  8726   002376                     u3341:
  8727   002376  EFBF  F011         	goto	l3115
  8728   00237A                     u3340:
  8729   00237A  0E80               	movlw	128
  8730   00237C  1A26               	xorwf	___fladd@signs^0,f,c
  8731   00237E                     l3115:
  8732   00237E  C028  F029         	movff	___fladd@bexp,___fladd@grs
  8733   002382  C027  F028         	movff	___fladd@aexp,___fladd@bexp
  8734   002386  C029  F027         	movff	___fladd@grs,___fladd@aexp
  8735   00238A  C01A  F029         	movff	___fladd@b,___fladd@grs
  8736   00238E  C01E  F01A         	movff	___fladd@a,___fladd@b
  8737   002392  C029  F01E         	movff	___fladd@grs,___fladd@a
  8738   002396  C01B  F029         	movff	___fladd@b+1,___fladd@grs
  8739   00239A  C01F  F01B         	movff	___fladd@a+1,___fladd@b+1
  8740   00239E  C029  F01F         	movff	___fladd@grs,___fladd@a+1
  8741   0023A2  C01C  F029         	movff	___fladd@b+2,___fladd@grs
  8742   0023A6  C020  F01C         	movff	___fladd@a+2,___fladd@b+2
  8743   0023AA  C029  F020         	movff	___fladd@grs,___fladd@a+2
  8744   0023AE  C01D  F029         	movff	___fladd@b+3,___fladd@grs
  8745   0023B2  C021  F01D         	movff	___fladd@a+3,___fladd@b+3
  8746   0023B6  C029  F021         	movff	___fladd@grs,___fladd@a+3
  8747   0023BA                     l3145:
  8748   0023BA  6A29               	clrf	___fladd@grs^0,c
  8749   0023BC  5028               	movf	___fladd@bexp^0,w,c
  8750   0023BE  C027  F022         	movff	___fladd@aexp,??___fladd
  8751   0023C2  6A23               	clrf	(??___fladd+1)^0,c
  8752   0023C4  5E22               	subwf	??___fladd^0,f,c
  8753   0023C6  0E00               	movlw	0
  8754   0023C8  5A23               	subwfb	(??___fladd+1)^0,f,c
  8755   0023CA  BE23               	btfsc	(??___fladd+1)^0,7,c
  8756   0023CC  EFF1  F011         	goto	u3351
  8757   0023D0  5023               	movf	(??___fladd+1)^0,w,c
  8758   0023D2  E109               	bnz	u3350
  8759   0023D4  0E1A               	movlw	26
  8760   0023D6  5C22               	subwf	??___fladd^0,w,c
  8761   0023D8  A0D8               	btfss	status,0,c
  8762   0023DA  EFF1  F011         	goto	u3351
  8763   0023DE  EFF3  F011         	goto	u3350
  8764   0023E2                     u3351:
  8765   0023E2  EF2A  F012         	goto	l690
  8766   0023E6                     u3350:
  8767   0023E6  501A               	movf	___fladd@b^0,w,c
  8768   0023E8  101B               	iorwf	(___fladd@b+1)^0,w,c
  8769   0023EA  101C               	iorwf	(___fladd@b+2)^0,w,c
  8770   0023EC  101D               	iorwf	(___fladd@b+3)^0,w,c
  8771   0023EE  A4D8               	btfss	status,2,c
  8772   0023F0  EFFC  F011         	goto	u3361
  8773   0023F4  EFFF  F011         	goto	u3360
  8774   0023F8                     u3361:
  8775   0023F8  0E01               	movlw	1
  8776   0023FA  EF00  F012         	goto	u3370
  8777   0023FE                     u3360:
  8778   0023FE  0E00               	movlw	0
  8779   002400                     u3370:
  8780   002400  6E29               	movwf	___fladd@grs^0,c
  8781   002402  0E00               	movlw	0
  8782   002404  6E1A               	movwf	___fladd@b^0,c
  8783   002406  0E00               	movlw	0
  8784   002408  6E1B               	movwf	(___fladd@b+1)^0,c
  8785   00240A  0E00               	movlw	0
  8786   00240C  6E1C               	movwf	(___fladd@b+2)^0,c
  8787   00240E  0E00               	movlw	0
  8788   002410  6E1D               	movwf	(___fladd@b+3)^0,c
  8789   002412  C027  F028         	movff	___fladd@aexp,___fladd@bexp
  8790   002416  EF33  F012         	goto	l689
  8791   00241A                     l691:
  8792   00241A  A029               	btfss	___fladd@grs^0,0,c
  8793   00241C  EF12  F012         	goto	u3381
  8794   002420  EF14  F012         	goto	u3380
  8795   002424                     u3381:
  8796   002424  EF1A  F012         	goto	l3155
  8797   002428                     u3380:
  8798   002428  90D8               	bcf	status,0,c
  8799   00242A  3029               	rrcf	___fladd@grs^0,w,c
  8800   00242C  0901               	iorlw	1
  8801   00242E  6E29               	movwf	___fladd@grs^0,c
  8802   002430  EF1C  F012         	goto	l3157
  8803   002434                     l3155:
  8804   002434  90D8               	bcf	status,0,c
  8805   002436  3229               	rrcf	___fladd@grs^0,f,c
  8806   002438                     l3157:
  8807   002438  A01A               	btfss	___fladd@b^0,0,c
  8808   00243A  EF21  F012         	goto	u3391
  8809   00243E  EF23  F012         	goto	u3390
  8810   002442                     u3391:
  8811   002442  EF24  F012         	goto	l3161
  8812   002446                     u3390:
  8813   002446  8E29               	bsf	___fladd@grs^0,7,c
  8814   002448                     l3161:
  8815   002448  341D               	rlcf	(___fladd@b+3)^0,w,c
  8816   00244A  321D               	rrcf	(___fladd@b+3)^0,f,c
  8817   00244C  321C               	rrcf	(___fladd@b+2)^0,f,c
  8818   00244E  321B               	rrcf	(___fladd@b+1)^0,f,c
  8819   002450  321A               	rrcf	___fladd@b^0,f,c
  8820   002452  2A28               	incf	___fladd@bexp^0,f,c
  8821   002454                     l690:
  8822   002454  5027               	movf	___fladd@aexp^0,w,c
  8823   002456  5C28               	subwf	___fladd@bexp^0,w,c
  8824   002458  A0D8               	btfss	status,0,c
  8825   00245A  EF31  F012         	goto	u3401
  8826   00245E  EF33  F012         	goto	u3400
  8827   002462                     u3401:
  8828   002462  EF0D  F012         	goto	l691
  8829   002466                     u3400:
  8830   002466                     l689:
  8831   002466  BC26               	btfsc	___fladd@signs^0,6,c
  8832   002468  EF38  F012         	goto	u3411
  8833   00246C  EF3A  F012         	goto	u3410
  8834   002470                     u3411:
  8835   002470  EF7A  F012         	goto	l3189
  8836   002474                     u3410:
  8837   002474  5028               	movf	___fladd@bexp^0,w,c
  8838   002476  A4D8               	btfss	status,2,c
  8839   002478  EF40  F012         	goto	u3421
  8840   00247C  EF42  F012         	goto	u3420
  8841   002480                     u3421:
  8842   002480  EF4C  F012         	goto	l3171
  8843   002484                     u3420:
  8844   002484  0E00               	movlw	0
  8845   002486  6E1A               	movwf	?___fladd^0,c
  8846   002488  0E00               	movlw	0
  8847   00248A  6E1B               	movwf	(?___fladd+1)^0,c
  8848   00248C  0E00               	movlw	0
  8849   00248E  6E1C               	movwf	(?___fladd+2)^0,c
  8850   002490  0E00               	movlw	0
  8851   002492  6E1D               	movwf	(?___fladd+3)^0,c
  8852   002494  EF99  F013         	goto	l698
  8853   002498                     l3171:
  8854   002498  501E               	movf	___fladd@a^0,w,c
  8855   00249A  261A               	addwf	___fladd@b^0,f,c
  8856   00249C  501F               	movf	(___fladd@a+1)^0,w,c
  8857   00249E  221B               	addwfc	(___fladd@b+1)^0,f,c
  8858   0024A0  5020               	movf	(___fladd@a+2)^0,w,c
  8859   0024A2  221C               	addwfc	(___fladd@b+2)^0,f,c
  8860   0024A4  5021               	movf	(___fladd@a+3)^0,w,c
  8861   0024A6  221D               	addwfc	(___fladd@b+3)^0,f,c
  8862   0024A8  A01D               	btfss	(___fladd@b+3)^0,0,c
  8863   0024AA  EF59  F012         	goto	u3431
  8864   0024AE  EF5B  F012         	goto	u3430
  8865   0024B2                     u3431:
  8866   0024B2  EF07  F013         	goto	l703
  8867   0024B6                     u3430:
  8868   0024B6  A029               	btfss	___fladd@grs^0,0,c
  8869   0024B8  EF60  F012         	goto	u3441
  8870   0024BC  EF62  F012         	goto	u3440
  8871   0024C0                     u3441:
  8872   0024C0  EF68  F012         	goto	l3179
  8873   0024C4                     u3440:
  8874   0024C4  90D8               	bcf	status,0,c
  8875   0024C6  3029               	rrcf	___fladd@grs^0,w,c
  8876   0024C8  0901               	iorlw	1
  8877   0024CA  6E29               	movwf	___fladd@grs^0,c
  8878   0024CC  EF6A  F012         	goto	l3181
  8879   0024D0                     l3179:
  8880   0024D0  90D8               	bcf	status,0,c
  8881   0024D2  3229               	rrcf	___fladd@grs^0,f,c
  8882   0024D4                     l3181:
  8883   0024D4  A01A               	btfss	___fladd@b^0,0,c
  8884   0024D6  EF6F  F012         	goto	u3451
  8885   0024DA  EF71  F012         	goto	u3450
  8886   0024DE                     u3451:
  8887   0024DE  EF72  F012         	goto	l3185
  8888   0024E2                     u3450:
  8889   0024E2  8E29               	bsf	___fladd@grs^0,7,c
  8890   0024E4                     l3185:
  8891   0024E4  341D               	rlcf	(___fladd@b+3)^0,w,c
  8892   0024E6  321D               	rrcf	(___fladd@b+3)^0,f,c
  8893   0024E8  321C               	rrcf	(___fladd@b+2)^0,f,c
  8894   0024EA  321B               	rrcf	(___fladd@b+1)^0,f,c
  8895   0024EC  321A               	rrcf	___fladd@b^0,f,c
  8896   0024EE  2A28               	incf	___fladd@bexp^0,f,c
  8897   0024F0  EF07  F013         	goto	l703
  8898   0024F4                     l3189:
  8899   0024F4  501E               	movf	___fladd@a^0,w,c
  8900   0024F6  5C1A               	subwf	___fladd@b^0,w,c
  8901   0024F8  501F               	movf	(___fladd@a+1)^0,w,c
  8902   0024FA  581B               	subwfb	(___fladd@b+1)^0,w,c
  8903   0024FC  5020               	movf	(___fladd@a+2)^0,w,c
  8904   0024FE  581C               	subwfb	(___fladd@b+2)^0,w,c
  8905   002500  501D               	movf	(___fladd@b+3)^0,w,c
  8906   002502  0A80               	xorlw	128
  8907   002504  6E22               	movwf	??___fladd^0,c
  8908   002506  5021               	movf	(___fladd@a+3)^0,w,c
  8909   002508  0A80               	xorlw	128
  8910   00250A  5822               	subwfb	??___fladd^0,w,c
  8911   00250C  B0D8               	btfsc	status,0,c
  8912   00250E  EF8B  F012         	goto	u3461
  8913   002512  EF8D  F012         	goto	u3460
  8914   002516                     u3461:
  8915   002516  EFB8  F012         	goto	l3199
  8916   00251A                     u3460:
  8917   00251A  501A               	movf	___fladd@b^0,w,c
  8918   00251C  5C1E               	subwf	___fladd@a^0,w,c
  8919   00251E  6E22               	movwf	??___fladd^0,c
  8920   002520  501B               	movf	(___fladd@b+1)^0,w,c
  8921   002522  581F               	subwfb	(___fladd@a+1)^0,w,c
  8922   002524  6E23               	movwf	(??___fladd+1)^0,c
  8923   002526  501C               	movf	(___fladd@b+2)^0,w,c
  8924   002528  5820               	subwfb	(___fladd@a+2)^0,w,c
  8925   00252A  6E24               	movwf	(??___fladd+2)^0,c
  8926   00252C  501D               	movf	(___fladd@b+3)^0,w,c
  8927   00252E  5821               	subwfb	(___fladd@a+3)^0,w,c
  8928   002530  6E25               	movwf	(??___fladd+3)^0,c
  8929   002532  0EFF               	movlw	255
  8930   002534  2422               	addwf	??___fladd^0,w,c
  8931   002536  6E1A               	movwf	___fladd@b^0,c
  8932   002538  0EFF               	movlw	255
  8933   00253A  2023               	addwfc	(??___fladd+1)^0,w,c
  8934   00253C  6E1B               	movwf	(___fladd@b+1)^0,c
  8935   00253E  0EFF               	movlw	255
  8936   002540  2024               	addwfc	(??___fladd+2)^0,w,c
  8937   002542  6E1C               	movwf	(___fladd@b+2)^0,c
  8938   002544  0EFF               	movlw	255
  8939   002546  2025               	addwfc	(??___fladd+3)^0,w,c
  8940   002548  6E1D               	movwf	(___fladd@b+3)^0,c
  8941   00254A  0E80               	movlw	128
  8942   00254C  1A26               	xorwf	___fladd@signs^0,f,c
  8943   00254E  6C29               	negf	___fladd@grs^0,c
  8944   002550  5029               	movf	___fladd@grs^0,w,c
  8945   002552  A4D8               	btfss	status,2,c
  8946   002554  EFAE  F012         	goto	u3471
  8947   002558  EFB0  F012         	goto	u3470
  8948   00255C                     u3471:
  8949   00255C  EFC0  F012         	goto	l706
  8950   002560                     u3470:
  8951   002560  0E01               	movlw	1
  8952   002562  261A               	addwf	___fladd@b^0,f,c
  8953   002564  0E00               	movlw	0
  8954   002566  221B               	addwfc	(___fladd@b+1)^0,f,c
  8955   002568  221C               	addwfc	(___fladd@b+2)^0,f,c
  8956   00256A  221D               	addwfc	(___fladd@b+3)^0,f,c
  8957   00256C  EFC0  F012         	goto	l706
  8958   002570                     l3199:
  8959   002570  501E               	movf	___fladd@a^0,w,c
  8960   002572  5E1A               	subwf	___fladd@b^0,f,c
  8961   002574  501F               	movf	(___fladd@a+1)^0,w,c
  8962   002576  5A1B               	subwfb	(___fladd@b+1)^0,f,c
  8963   002578  5020               	movf	(___fladd@a+2)^0,w,c
  8964   00257A  5A1C               	subwfb	(___fladd@b+2)^0,f,c
  8965   00257C  5021               	movf	(___fladd@a+3)^0,w,c
  8966   00257E  5A1D               	subwfb	(___fladd@b+3)^0,f,c
  8967   002580                     l706:
  8968   002580  501A               	movf	___fladd@b^0,w,c
  8969   002582  101B               	iorwf	(___fladd@b+1)^0,w,c
  8970   002584  101C               	iorwf	(___fladd@b+2)^0,w,c
  8971   002586  101D               	iorwf	(___fladd@b+3)^0,w,c
  8972   002588  A4D8               	btfss	status,2,c
  8973   00258A  EFC9  F012         	goto	u3481
  8974   00258E  EFCB  F012         	goto	u3480
  8975   002592                     u3481:
  8976   002592  EF00  F013         	goto	l3223
  8977   002596                     u3480:
  8978   002596  5029               	movf	___fladd@grs^0,w,c
  8979   002598  A4D8               	btfss	status,2,c
  8980   00259A  EFD1  F012         	goto	u3491
  8981   00259E  EFD3  F012         	goto	u3490
  8982   0025A2                     u3491:
  8983   0025A2  EF00  F013         	goto	l3223
  8984   0025A6                     u3490:
  8985   0025A6  0E00               	movlw	0
  8986   0025A8  6E1A               	movwf	?___fladd^0,c
  8987   0025AA  0E00               	movlw	0
  8988   0025AC  6E1B               	movwf	(?___fladd+1)^0,c
  8989   0025AE  0E00               	movlw	0
  8990   0025B0  6E1C               	movwf	(?___fladd+2)^0,c
  8991   0025B2  0E00               	movlw	0
  8992   0025B4  6E1D               	movwf	(?___fladd+3)^0,c
  8993   0025B6  EF99  F013         	goto	l698
  8994   0025BA                     l3207:
  8995   0025BA  90D8               	bcf	status,0,c
  8996   0025BC  361A               	rlcf	___fladd@b^0,f,c
  8997   0025BE  361B               	rlcf	(___fladd@b+1)^0,f,c
  8998   0025C0  361C               	rlcf	(___fladd@b+2)^0,f,c
  8999   0025C2  361D               	rlcf	(___fladd@b+3)^0,f,c
  9000   0025C4  AE29               	btfss	___fladd@grs^0,7,c
  9001   0025C6  EFE7  F012         	goto	u3501
  9002   0025CA  EFE9  F012         	goto	u3500
  9003   0025CE                     u3501:
  9004   0025CE  EFEA  F012         	goto	l3213
  9005   0025D2                     u3500:
  9006   0025D2  801A               	bsf	___fladd@b^0,0,c
  9007   0025D4                     l3213:
  9008   0025D4  A029               	btfss	___fladd@grs^0,0,c
  9009   0025D6  EFEF  F012         	goto	u3511
  9010   0025DA  EFF1  F012         	goto	u3510
  9011   0025DE                     u3511:
  9012   0025DE  EFF5  F012         	goto	l3217
  9013   0025E2                     u3510:
  9014   0025E2  80D8               	bsf	status,0,c
  9015   0025E4  3629               	rlcf	___fladd@grs^0,f,c
  9016   0025E6  EFF7  F012         	goto	l3219
  9017   0025EA                     l3217:
  9018   0025EA  90D8               	bcf	status,0,c
  9019   0025EC  3629               	rlcf	___fladd@grs^0,f,c
  9020   0025EE                     l3219:
  9021   0025EE  5028               	movf	___fladd@bexp^0,w,c
  9022   0025F0  B4D8               	btfsc	status,2,c
  9023   0025F2  EFFD  F012         	goto	u3521
  9024   0025F6  EFFF  F012         	goto	u3520
  9025   0025FA                     u3521:
  9026   0025FA  EF00  F013         	goto	l3223
  9027   0025FE                     u3520:
  9028   0025FE  0628               	decf	___fladd@bexp^0,f,c
  9029   002600                     l3223:
  9030   002600  AE1C               	btfss	(___fladd@b+2)^0,7,c
  9031   002602  EF05  F013         	goto	u3531
  9032   002606  EF07  F013         	goto	u3530
  9033   00260A                     u3531:
  9034   00260A  EFDD  F012         	goto	l3207
  9035   00260E                     u3530:
  9036   00260E                     l703:
  9037   00260E  6A27               	clrf	___fladd@aexp^0,c
  9038   002610  AE29               	btfss	___fladd@grs^0,7,c
  9039   002612  EF0D  F013         	goto	u3541
  9040   002616  EF0F  F013         	goto	u3540
  9041   00261A                     u3541:
  9042   00261A  EF27  F013         	goto	l715
  9043   00261E                     u3540:
  9044   00261E  C029  F022         	movff	___fladd@grs,??___fladd
  9045   002622  0E7F               	movlw	127
  9046   002624  1622               	andwf	??___fladd^0,f,c
  9047   002626  B4D8               	btfsc	status,2,c
  9048   002628  EF18  F013         	goto	u3551
  9049   00262C  EF1A  F013         	goto	u3550
  9050   002630                     u3551:
  9051   002630  EF1E  F013         	goto	l716
  9052   002634                     u3550:
  9053   002634                     l3227:
  9054   002634  0E01               	movlw	1
  9055   002636  6E27               	movwf	___fladd@aexp^0,c
  9056   002638  EF27  F013         	goto	l715
  9057   00263C                     l716:
  9058   00263C  A01A               	btfss	___fladd@b^0,0,c
  9059   00263E  EF23  F013         	goto	u3561
  9060   002642  EF25  F013         	goto	u3560
  9061   002646                     u3561:
  9062   002646  EF27  F013         	goto	l715
  9063   00264A                     u3560:
  9064   00264A  EF1A  F013         	goto	l3227
  9065   00264E                     l715:
  9066   00264E  5027               	movf	___fladd@aexp^0,w,c
  9067   002650  B4D8               	btfsc	status,2,c
  9068   002652  EF2D  F013         	goto	u3571
  9069   002656  EF2F  F013         	goto	u3570
  9070   00265A                     u3571:
  9071   00265A  EF5A  F013         	goto	l3239
  9072   00265E                     u3570:
  9073   00265E  0E01               	movlw	1
  9074   002660  261A               	addwf	___fladd@b^0,f,c
  9075   002662  0E00               	movlw	0
  9076   002664  221B               	addwfc	(___fladd@b+1)^0,f,c
  9077   002666  221C               	addwfc	(___fladd@b+2)^0,f,c
  9078   002668  221D               	addwfc	(___fladd@b+3)^0,f,c
  9079   00266A  A01D               	btfss	(___fladd@b+3)^0,0,c
  9080   00266C  EF3A  F013         	goto	u3581
  9081   002670  EF3C  F013         	goto	u3580
  9082   002674                     u3581:
  9083   002674  EF5A  F013         	goto	l3239
  9084   002678                     u3580:
  9085   002678  C01A  F022         	movff	___fladd@b,??___fladd
  9086   00267C  C01B  F023         	movff	___fladd@b+1,??___fladd+1
  9087   002680  C01C  F024         	movff	___fladd@b+2,??___fladd+2
  9088   002684  C01D  F025         	movff	___fladd@b+3,??___fladd+3
  9089   002688  3425               	rlcf	(??___fladd+3)^0,w,c
  9090   00268A  3225               	rrcf	(??___fladd+3)^0,f,c
  9091   00268C  3224               	rrcf	(??___fladd+2)^0,f,c
  9092   00268E  3223               	rrcf	(??___fladd+1)^0,f,c
  9093   002690  3222               	rrcf	??___fladd^0,f,c
  9094   002692  C022  F01A         	movff	??___fladd,___fladd@b
  9095   002696  C023  F01B         	movff	??___fladd+1,___fladd@b+1
  9096   00269A  C024  F01C         	movff	??___fladd+2,___fladd@b+2
  9097   00269E  C025  F01D         	movff	??___fladd+3,___fladd@b+3
  9098   0026A2  2828               	incf	___fladd@bexp^0,w,c
  9099   0026A4  B4D8               	btfsc	status,2,c
  9100   0026A6  EF57  F013         	goto	u3591
  9101   0026AA  EF59  F013         	goto	u3590
  9102   0026AE                     u3591:
  9103   0026AE  EF5A  F013         	goto	l3239
  9104   0026B2                     u3590:
  9105   0026B2  2A28               	incf	___fladd@bexp^0,f,c
  9106   0026B4                     l3239:
  9107   0026B4  2828               	incf	___fladd@bexp^0,w,c
  9108   0026B6  B4D8               	btfsc	status,2,c
  9109   0026B8  EF60  F013         	goto	u3601
  9110   0026BC  EF62  F013         	goto	u3600
  9111   0026C0                     u3601:
  9112   0026C0  EF6A  F013         	goto	l3243
  9113   0026C4                     u3600:
  9114   0026C4  5028               	movf	___fladd@bexp^0,w,c
  9115   0026C6  A4D8               	btfss	status,2,c
  9116   0026C8  EF68  F013         	goto	u3611
  9117   0026CC  EF6A  F013         	goto	u3610
  9118   0026D0                     u3611:
  9119   0026D0  EF7B  F013         	goto	l722
  9120   0026D4                     u3610:
  9121   0026D4                     l3243:
  9122   0026D4  0E00               	movlw	0
  9123   0026D6  6E1A               	movwf	___fladd@b^0,c
  9124   0026D8  0E00               	movlw	0
  9125   0026DA  6E1B               	movwf	(___fladd@b+1)^0,c
  9126   0026DC  0E00               	movlw	0
  9127   0026DE  6E1C               	movwf	(___fladd@b+2)^0,c
  9128   0026E0  0E00               	movlw	0
  9129   0026E2  6E1D               	movwf	(___fladd@b+3)^0,c
  9130   0026E4  5028               	movf	___fladd@bexp^0,w,c
  9131   0026E6  A4D8               	btfss	status,2,c
  9132   0026E8  EF78  F013         	goto	u3621
  9133   0026EC  EF7A  F013         	goto	u3620
  9134   0026F0                     u3621:
  9135   0026F0  EF7B  F013         	goto	l722
  9136   0026F4                     u3620:
  9137   0026F4  6A26               	clrf	___fladd@signs^0,c
  9138   0026F6                     l722:
  9139   0026F6  A028               	btfss	___fladd@bexp^0,0,c
  9140   0026F8  EF80  F013         	goto	u3631
  9141   0026FC  EF82  F013         	goto	u3630
  9142   002700                     u3631:
  9143   002700  EF85  F013         	goto	l3249
  9144   002704                     u3630:
  9145   002704  8E1C               	bsf	(___fladd@b+2)^0,7,c
  9146   002706  EF86  F013         	goto	l3251
  9147   00270A                     l3249:
  9148   00270A  9E1C               	bcf	(___fladd@b+2)^0,7,c
  9149   00270C                     l3251:
  9150   00270C  90D8               	bcf	status,0,c
  9151   00270E  3028               	rrcf	___fladd@bexp^0,w,c
  9152   002710  6E1D               	movwf	(___fladd@b+3)^0,c
  9153   002712  AE26               	btfss	___fladd@signs^0,7,c
  9154   002714  EF8E  F013         	goto	u3641
  9155   002718  EF90  F013         	goto	u3640
  9156   00271C                     u3641:
  9157   00271C  EF91  F013         	goto	l3257
  9158   002720                     u3640:
  9159   002720  8E1D               	bsf	(___fladd@b+3)^0,7,c
  9160   002722                     l3257:
  9161   002722  C01A  F01A         	movff	___fladd@b,?___fladd
  9162   002726  C01B  F01B         	movff	___fladd@b+1,?___fladd+1
  9163   00272A  C01C  F01C         	movff	___fladd@b+2,?___fladd+2
  9164   00272E  C01D  F01D         	movff	___fladd@b+3,?___fladd+3
  9165   002732                     l698:
  9166   002732  0012               	return		;funcret
  9167   002734                     __end_of___fladd:
  9168                           	callstack 0
  9169                           
  9170 ;; *************** function ___flneg *****************
  9171 ;; Defined at:
  9172 ;;		line 15 in file "C:\Program Files\Microchip\xc8\v3.00\pic\sources\c99\common\flneg.c"
  9173 ;; Parameters:    Size  Location     Type
  9174 ;;  f1              4    0[COMRAM] unsigned char 
  9175 ;; Auto vars:     Size  Location     Type
  9176 ;;		None
  9177 ;; Return value:  Size  Location     Type
  9178 ;;                  4    0[COMRAM] unsigned char 
  9179 ;; Registers used:
  9180 ;;		wreg, status,2, status,0
  9181 ;; Tracked objects:
  9182 ;;		On entry : 0/0
  9183 ;;		On exit  : 0/0
  9184 ;;		Unchanged: 0/0
  9185 ;; Data sizes:     COMRAM   BANK0   BANK1   BANK2   BANK3   BANK4   BANK5   BANK6   BANK7
  9186 ;;      Params:         4       0       0       0       0       0       0       0       0
  9187 ;;      Locals:         0       0       0       0       0       0       0       0       0
  9188 ;;      Temps:          0       0       0       0       0       0       0       0       0
  9189 ;;      Totals:         4       0       0       0       0       0       0       0       0
  9190 ;;Total ram usage:        4 bytes
  9191 ;; Hardware stack levels used: 1
  9192 ;; This function calls:
  9193 ;;		Nothing
  9194 ;; This function is called by:
  9195 ;;		_efgtoa
  9196 ;;		_strtof
  9197 ;; This function uses a non-reentrant model
  9198 ;;
  9199                           
  9200                           	psect	text36
  9201   00467E                     __ptext36:
  9202                           	callstack 0
  9203   00467E                     ___flneg:
  9204                           	callstack 27
  9205   00467E  5001               	movf	___flneg@f1^0,w,c
  9206   004680  1002               	iorwf	(___flneg@f1+1)^0,w,c
  9207   004682  1003               	iorwf	(___flneg@f1+2)^0,w,c
  9208   004684  1004               	iorwf	(___flneg@f1+3)^0,w,c
  9209   004686  B4D8               	btfsc	status,2,c
  9210   004688  EF48  F023         	goto	u4181
  9211   00468C  EF4A  F023         	goto	u4180
  9212   004690                     u4181:
  9213   004690  EF52  F023         	goto	l3585
  9214   004694                     u4180:
  9215   004694  0E00               	movlw	0
  9216   004696  1A01               	xorwf	___flneg@f1^0,f,c
  9217   004698  0E00               	movlw	0
  9218   00469A  1A02               	xorwf	(___flneg@f1+1)^0,f,c
  9219   00469C  0E00               	movlw	0
  9220   00469E  1A03               	xorwf	(___flneg@f1+2)^0,f,c
  9221   0046A0  0E80               	movlw	128
  9222   0046A2  1A04               	xorwf	(___flneg@f1+3)^0,f,c
  9223   0046A4                     l3585:
  9224   0046A4  C001  F001         	movff	___flneg@f1,?___flneg
  9225   0046A8  C002  F002         	movff	___flneg@f1+1,?___flneg+1
  9226   0046AC  C003  F003         	movff	___flneg@f1+2,?___flneg+2
  9227   0046B0  C004  F004         	movff	___flneg@f1+3,?___flneg+3
  9228   0046B4  0012               	return		;funcret
  9229   0046B6                     __end_of___flneg:
  9230                           	callstack 0
  9231                           
  9232 ;; *************** function ___flmul *****************
  9233 ;; Defined at:
  9234 ;;		line 8 in file "C:\Program Files\Microchip\xc8\v3.00\pic\sources\c99\common\sprcmul.c"
  9235 ;; Parameters:    Size  Location     Type
  9236 ;;  b               4    0[COMRAM] unsigned char 
  9237 ;;  a               4    4[COMRAM] unsigned char 
  9238 ;; Auto vars:     Size  Location     Type
  9239 ;;  prod            4   19[COMRAM] struct .
  9240 ;;  grs             4   13[COMRAM] unsigned long 
  9241 ;;  temp            2   23[COMRAM] struct .
  9242 ;;  bexp            1   18[COMRAM] unsigned char 
  9243 ;;  aexp            1   17[COMRAM] unsigned char 
  9244 ;;  sign            1   12[COMRAM] unsigned char 
  9245 ;; Return value:  Size  Location     Type
  9246 ;;                  4    0[COMRAM] unsigned char 
  9247 ;; Registers used:
  9248 ;;		wreg, status,2, status,0, prodl, prodh
  9249 ;; Tracked objects:
  9250 ;;		On entry : 0/0
  9251 ;;		On exit  : 0/0
  9252 ;;		Unchanged: 0/0
  9253 ;; Data sizes:     COMRAM   BANK0   BANK1   BANK2   BANK3   BANK4   BANK5   BANK6   BANK7
  9254 ;;      Params:         8       0       0       0       0       0       0       0       0
  9255 ;;      Locals:        13       0       0       0       0       0       0       0       0
  9256 ;;      Temps:          4       0       0       0       0       0       0       0       0
  9257 ;;      Totals:        25       0       0       0       0       0       0       0       0
  9258 ;;Total ram usage:       25 bytes
  9259 ;; Hardware stack levels used: 1
  9260 ;; This function calls:
  9261 ;;		Nothing
  9262 ;; This function is called by:
  9263 ;;		_nmea_latlon_to_decimal
  9264 ;;		_efgtoa
  9265 ;;		_strtof
  9266 ;; This function uses a non-reentrant model
  9267 ;;
  9268                           
  9269                           	psect	text37
  9270   002734                     __ptext37:
  9271                           	callstack 0
  9272   002734                     ___flmul:
  9273                           	callstack 27
  9274   002734  5004               	movf	(___flmul@b+3)^0,w,c
  9275   002736  0B80               	andlw	128
  9276   002738  6E0D               	movwf	___flmul@sign^0,c
  9277   00273A  5004               	movf	(___flmul@b+3)^0,w,c
  9278   00273C  2404               	addwf	(___flmul@b+3)^0,w,c
  9279   00273E  6E13               	movwf	___flmul@bexp^0,c
  9280   002740  AE03               	btfss	(___flmul@b+2)^0,7,c
  9281   002742  EFA5  F013         	goto	u3911
  9282   002746  EFA7  F013         	goto	u3910
  9283   00274A                     u3911:
  9284   00274A  EFA8  F013         	goto	l3415
  9285   00274E                     u3910:
  9286   00274E  8013               	bsf	___flmul@bexp^0,0,c
  9287   002750                     l3415:
  9288   002750  5013               	movf	___flmul@bexp^0,w,c
  9289   002752  B4D8               	btfsc	status,2,c
  9290   002754  EFAE  F013         	goto	u3921
  9291   002758  EFB0  F013         	goto	u3920
  9292   00275C                     u3921:
  9293   00275C  EFC3  F013         	goto	l3423
  9294   002760                     u3920:
  9295   002760  2813               	incf	___flmul@bexp^0,w,c
  9296   002762  A4D8               	btfss	status,2,c
  9297   002764  EFB6  F013         	goto	u3931
  9298   002768  EFB8  F013         	goto	u3930
  9299   00276C                     u3931:
  9300   00276C  EFC0  F013         	goto	l3421
  9301   002770                     u3930:
  9302   002770  0E00               	movlw	0
  9303   002772  6E01               	movwf	___flmul@b^0,c
  9304   002774  0E00               	movlw	0
  9305   002776  6E02               	movwf	(___flmul@b+1)^0,c
  9306   002778  0E00               	movlw	0
  9307   00277A  6E03               	movwf	(___flmul@b+2)^0,c
  9308   00277C  0E00               	movlw	0
  9309   00277E  6E04               	movwf	(___flmul@b+3)^0,c
  9310   002780                     l3421:
  9311   002780  8E03               	bsf	(___flmul@b+2)^0,7,c
  9312   002782  EFCB  F013         	goto	l3425
  9313   002786                     l3423:
  9314   002786  0E00               	movlw	0
  9315   002788  6E01               	movwf	___flmul@b^0,c
  9316   00278A  0E00               	movlw	0
  9317   00278C  6E02               	movwf	(___flmul@b+1)^0,c
  9318   00278E  0E00               	movlw	0
  9319   002790  6E03               	movwf	(___flmul@b+2)^0,c
  9320   002792  0E00               	movlw	0
  9321   002794  6E04               	movwf	(___flmul@b+3)^0,c
  9322   002796                     l3425:
  9323   002796  5008               	movf	(___flmul@a+3)^0,w,c
  9324   002798  0B80               	andlw	128
  9325   00279A  1A0D               	xorwf	___flmul@sign^0,f,c
  9326   00279C  5008               	movf	(___flmul@a+3)^0,w,c
  9327   00279E  2408               	addwf	(___flmul@a+3)^0,w,c
  9328   0027A0  6E12               	movwf	___flmul@aexp^0,c
  9329   0027A2  AE07               	btfss	(___flmul@a+2)^0,7,c
  9330   0027A4  EFD6  F013         	goto	u3941
  9331   0027A8  EFD8  F013         	goto	u3940
  9332   0027AC                     u3941:
  9333   0027AC  EFD9  F013         	goto	l3433
  9334   0027B0                     u3940:
  9335   0027B0  8012               	bsf	___flmul@aexp^0,0,c
  9336   0027B2                     l3433:
  9337   0027B2  5012               	movf	___flmul@aexp^0,w,c
  9338   0027B4  B4D8               	btfsc	status,2,c
  9339   0027B6  EFDF  F013         	goto	u3951
  9340   0027BA  EFE1  F013         	goto	u3950
  9341   0027BE                     u3951:
  9342   0027BE  EFF4  F013         	goto	l3441
  9343   0027C2                     u3950:
  9344   0027C2  2812               	incf	___flmul@aexp^0,w,c
  9345   0027C4  A4D8               	btfss	status,2,c
  9346   0027C6  EFE7  F013         	goto	u3961
  9347   0027CA  EFE9  F013         	goto	u3960
  9348   0027CE                     u3961:
  9349   0027CE  EFF1  F013         	goto	l3439
  9350   0027D2                     u3960:
  9351   0027D2  0E00               	movlw	0
  9352   0027D4  6E05               	movwf	___flmul@a^0,c
  9353   0027D6  0E00               	movlw	0
  9354   0027D8  6E06               	movwf	(___flmul@a+1)^0,c
  9355   0027DA  0E00               	movlw	0
  9356   0027DC  6E07               	movwf	(___flmul@a+2)^0,c
  9357   0027DE  0E00               	movlw	0
  9358   0027E0  6E08               	movwf	(___flmul@a+3)^0,c
  9359   0027E2                     l3439:
  9360   0027E2  8E07               	bsf	(___flmul@a+2)^0,7,c
  9361   0027E4  EFFC  F013         	goto	l775
  9362   0027E8                     l3441:
  9363   0027E8  0E00               	movlw	0
  9364   0027EA  6E05               	movwf	___flmul@a^0,c
  9365   0027EC  0E00               	movlw	0
  9366   0027EE  6E06               	movwf	(___flmul@a+1)^0,c
  9367   0027F0  0E00               	movlw	0
  9368   0027F2  6E07               	movwf	(___flmul@a+2)^0,c
  9369   0027F4  0E00               	movlw	0
  9370   0027F6  6E08               	movwf	(___flmul@a+3)^0,c
  9371   0027F8                     l775:
  9372   0027F8  5012               	movf	___flmul@aexp^0,w,c
  9373   0027FA  B4D8               	btfsc	status,2,c
  9374   0027FC  EF02  F014         	goto	u3971
  9375   002800  EF04  F014         	goto	u3970
  9376   002804                     u3971:
  9377   002804  EF0C  F014         	goto	l3445
  9378   002808                     u3970:
  9379   002808  5013               	movf	___flmul@bexp^0,w,c
  9380   00280A  A4D8               	btfss	status,2,c
  9381   00280C  EF0A  F014         	goto	u3981
  9382   002810  EF0C  F014         	goto	u3980
  9383   002814                     u3981:
  9384   002814  EF16  F014         	goto	l3449
  9385   002818                     u3980:
  9386   002818                     l3445:
  9387   002818  0E00               	movlw	0
  9388   00281A  6E01               	movwf	?___flmul^0,c
  9389   00281C  0E00               	movlw	0
  9390   00281E  6E02               	movwf	(?___flmul+1)^0,c
  9391   002820  0E00               	movlw	0
  9392   002822  6E03               	movwf	(?___flmul+2)^0,c
  9393   002824  0E00               	movlw	0
  9394   002826  6E04               	movwf	(?___flmul+3)^0,c
  9395   002828  EFAC  F015         	goto	l779
  9396   00282C                     l3449:
  9397   00282C  5007               	movf	(___flmul@a+2)^0,w,c
  9398   00282E  0201               	mulwf	___flmul@b^0,c
  9399   002830  CFF3 F018          	movff	prodl,___flmul@temp
  9400   002834  CFF4 F019          	movff	prodh,___flmul@temp+1
  9401   002838  5018               	movf	___flmul@temp^0,w,c
  9402   00283A  6E0E               	movwf	___flmul@grs^0,c
  9403   00283C  6A0F               	clrf	(___flmul@grs+1)^0,c
  9404   00283E  6A10               	clrf	(___flmul@grs+2)^0,c
  9405   002840  6A11               	clrf	(___flmul@grs+3)^0,c
  9406   002842  5019               	movf	(___flmul@temp+1)^0,w,c
  9407   002844  6E14               	movwf	___flmul@prod^0,c
  9408   002846  6A15               	clrf	(___flmul@prod+1)^0,c
  9409   002848  6A16               	clrf	(___flmul@prod+2)^0,c
  9410   00284A  6A17               	clrf	(___flmul@prod+3)^0,c
  9411   00284C  5006               	movf	(___flmul@a+1)^0,w,c
  9412   00284E  0202               	mulwf	(___flmul@b+1)^0,c
  9413   002850  CFF3 F018          	movff	prodl,___flmul@temp
  9414   002854  CFF4 F019          	movff	prodh,___flmul@temp+1
  9415   002858  5018               	movf	___flmul@temp^0,w,c
  9416   00285A  260E               	addwf	___flmul@grs^0,f,c
  9417   00285C  0E00               	movlw	0
  9418   00285E  220F               	addwfc	(___flmul@grs+1)^0,f,c
  9419   002860  2210               	addwfc	(___flmul@grs+2)^0,f,c
  9420   002862  2211               	addwfc	(___flmul@grs+3)^0,f,c
  9421   002864  5019               	movf	(___flmul@temp+1)^0,w,c
  9422   002866  2614               	addwf	___flmul@prod^0,f,c
  9423   002868  0E00               	movlw	0
  9424   00286A  2215               	addwfc	(___flmul@prod+1)^0,f,c
  9425   00286C  2216               	addwfc	(___flmul@prod+2)^0,f,c
  9426   00286E  2217               	addwfc	(___flmul@prod+3)^0,f,c
  9427   002870  5005               	movf	___flmul@a^0,w,c
  9428   002872  0203               	mulwf	(___flmul@b+2)^0,c
  9429   002874  CFF3 F018          	movff	prodl,___flmul@temp
  9430   002878  CFF4 F019          	movff	prodh,___flmul@temp+1
  9431   00287C  5018               	movf	___flmul@temp^0,w,c
  9432   00287E  260E               	addwf	___flmul@grs^0,f,c
  9433   002880  0E00               	movlw	0
  9434   002882  220F               	addwfc	(___flmul@grs+1)^0,f,c
  9435   002884  2210               	addwfc	(___flmul@grs+2)^0,f,c
  9436   002886  2211               	addwfc	(___flmul@grs+3)^0,f,c
  9437   002888  5019               	movf	(___flmul@temp+1)^0,w,c
  9438   00288A  2614               	addwf	___flmul@prod^0,f,c
  9439   00288C  0E00               	movlw	0
  9440   00288E  2215               	addwfc	(___flmul@prod+1)^0,f,c
  9441   002890  2216               	addwfc	(___flmul@prod+2)^0,f,c
  9442   002892  2217               	addwfc	(___flmul@prod+3)^0,f,c
  9443   002894  C010  F011         	movff	___flmul@grs+2,___flmul@grs+3
  9444   002898  C00F  F010         	movff	___flmul@grs+1,___flmul@grs+2
  9445   00289C  C00E  F00F         	movff	___flmul@grs,___flmul@grs+1
  9446   0028A0  6A0E               	clrf	___flmul@grs^0,c
  9447   0028A2  5005               	movf	___flmul@a^0,w,c
  9448   0028A4  0202               	mulwf	(___flmul@b+1)^0,c
  9449   0028A6  CFF3 F018          	movff	prodl,___flmul@temp
  9450   0028AA  CFF4 F019          	movff	prodh,___flmul@temp+1
  9451   0028AE  5018               	movf	___flmul@temp^0,w,c
  9452   0028B0  260E               	addwf	___flmul@grs^0,f,c
  9453   0028B2  5019               	movf	(___flmul@temp+1)^0,w,c
  9454   0028B4  220F               	addwfc	(___flmul@grs+1)^0,f,c
  9455   0028B6  0E00               	movlw	0
  9456   0028B8  2210               	addwfc	(___flmul@grs+2)^0,f,c
  9457   0028BA  0E00               	movlw	0
  9458   0028BC  2211               	addwfc	(___flmul@grs+3)^0,f,c
  9459   0028BE  5006               	movf	(___flmul@a+1)^0,w,c
  9460   0028C0  0201               	mulwf	___flmul@b^0,c
  9461   0028C2  CFF3 F018          	movff	prodl,___flmul@temp
  9462   0028C6  CFF4 F019          	movff	prodh,___flmul@temp+1
  9463   0028CA  5018               	movf	___flmul@temp^0,w,c
  9464   0028CC  260E               	addwf	___flmul@grs^0,f,c
  9465   0028CE  5019               	movf	(___flmul@temp+1)^0,w,c
  9466   0028D0  220F               	addwfc	(___flmul@grs+1)^0,f,c
  9467   0028D2  0E00               	movlw	0
  9468   0028D4  2210               	addwfc	(___flmul@grs+2)^0,f,c
  9469   0028D6  0E00               	movlw	0
  9470   0028D8  2211               	addwfc	(___flmul@grs+3)^0,f,c
  9471   0028DA  C010  F011         	movff	___flmul@grs+2,___flmul@grs+3
  9472   0028DE  C00F  F010         	movff	___flmul@grs+1,___flmul@grs+2
  9473   0028E2  C00E  F00F         	movff	___flmul@grs,___flmul@grs+1
  9474   0028E6  6A0E               	clrf	___flmul@grs^0,c
  9475   0028E8  5005               	movf	___flmul@a^0,w,c
  9476   0028EA  0201               	mulwf	___flmul@b^0,c
  9477   0028EC  CFF3 F018          	movff	prodl,___flmul@temp
  9478   0028F0  CFF4 F019          	movff	prodh,___flmul@temp+1
  9479   0028F4  5018               	movf	___flmul@temp^0,w,c
  9480   0028F6  260E               	addwf	___flmul@grs^0,f,c
  9481   0028F8  5019               	movf	(___flmul@temp+1)^0,w,c
  9482   0028FA  220F               	addwfc	(___flmul@grs+1)^0,f,c
  9483   0028FC  0E00               	movlw	0
  9484   0028FE  2210               	addwfc	(___flmul@grs+2)^0,f,c
  9485   002900  0E00               	movlw	0
  9486   002902  2211               	addwfc	(___flmul@grs+3)^0,f,c
  9487   002904  5007               	movf	(___flmul@a+2)^0,w,c
  9488   002906  0202               	mulwf	(___flmul@b+1)^0,c
  9489   002908  CFF3 F018          	movff	prodl,___flmul@temp
  9490   00290C  CFF4 F019          	movff	prodh,___flmul@temp+1
  9491   002910  5018               	movf	___flmul@temp^0,w,c
  9492   002912  2614               	addwf	___flmul@prod^0,f,c
  9493   002914  5019               	movf	(___flmul@temp+1)^0,w,c
  9494   002916  2215               	addwfc	(___flmul@prod+1)^0,f,c
  9495   002918  0E00               	movlw	0
  9496   00291A  2216               	addwfc	(___flmul@prod+2)^0,f,c
  9497   00291C  0E00               	movlw	0
  9498   00291E  2217               	addwfc	(___flmul@prod+3)^0,f,c
  9499   002920  5006               	movf	(___flmul@a+1)^0,w,c
  9500   002922  0203               	mulwf	(___flmul@b+2)^0,c
  9501   002924  CFF3 F018          	movff	prodl,___flmul@temp
  9502   002928  CFF4 F019          	movff	prodh,___flmul@temp+1
  9503   00292C  5018               	movf	___flmul@temp^0,w,c
  9504   00292E  2614               	addwf	___flmul@prod^0,f,c
  9505   002930  5019               	movf	(___flmul@temp+1)^0,w,c
  9506   002932  2215               	addwfc	(___flmul@prod+1)^0,f,c
  9507   002934  0E00               	movlw	0
  9508   002936  2216               	addwfc	(___flmul@prod+2)^0,f,c
  9509   002938  0E00               	movlw	0
  9510   00293A  2217               	addwfc	(___flmul@prod+3)^0,f,c
  9511   00293C  5007               	movf	(___flmul@a+2)^0,w,c
  9512   00293E  0203               	mulwf	(___flmul@b+2)^0,c
  9513   002940  CFF3 F018          	movff	prodl,___flmul@temp
  9514   002944  CFF4 F019          	movff	prodh,___flmul@temp+1
  9515   002948  5018               	movf	___flmul@temp^0,w,c
  9516   00294A  6E09               	movwf	??___flmul^0,c
  9517   00294C  5019               	movf	(___flmul@temp+1)^0,w,c
  9518   00294E  6E0A               	movwf	(??___flmul+1)^0,c
  9519   002950  6A0B               	clrf	(??___flmul+2)^0,c
  9520   002952  6A0C               	clrf	(??___flmul+3)^0,c
  9521   002954  C00B  F00C         	movff	??___flmul+2,??___flmul+3
  9522   002958  C00A  F00B         	movff	??___flmul+1,??___flmul+2
  9523   00295C  C009  F00A         	movff	??___flmul,??___flmul+1
  9524   002960  6A09               	clrf	??___flmul^0,c
  9525   002962  5009               	movf	??___flmul^0,w,c
  9526   002964  2614               	addwf	___flmul@prod^0,f,c
  9527   002966  500A               	movf	(??___flmul+1)^0,w,c
  9528   002968  2215               	addwfc	(___flmul@prod+1)^0,f,c
  9529   00296A  500B               	movf	(??___flmul+2)^0,w,c
  9530   00296C  2216               	addwfc	(___flmul@prod+2)^0,f,c
  9531   00296E  500C               	movf	(??___flmul+3)^0,w,c
  9532   002970  2217               	addwfc	(___flmul@prod+3)^0,f,c
  9533   002972  C00E  F009         	movff	___flmul@grs,??___flmul
  9534   002976  C00F  F00A         	movff	___flmul@grs+1,??___flmul+1
  9535   00297A  C010  F00B         	movff	___flmul@grs+2,??___flmul+2
  9536   00297E  C011  F00C         	movff	___flmul@grs+3,??___flmul+3
  9537   002982  0E19               	movlw	25
  9538   002984  EFC9  F014         	goto	u3990
  9539   002988                     u3995:
  9540   002988  90D8               	bcf	status,0,c
  9541   00298A  320C               	rrcf	(??___flmul+3)^0,f,c
  9542   00298C  320B               	rrcf	(??___flmul+2)^0,f,c
  9543   00298E  320A               	rrcf	(??___flmul+1)^0,f,c
  9544   002990  3209               	rrcf	??___flmul^0,f,c
  9545   002992                     u3990:
  9546   002992  2EE8               	decfsz	wreg,f,c
  9547   002994  EFC4  F014         	goto	u3995
  9548   002998  5009               	movf	??___flmul^0,w,c
  9549   00299A  2614               	addwf	___flmul@prod^0,f,c
  9550   00299C  500A               	movf	(??___flmul+1)^0,w,c
  9551   00299E  2215               	addwfc	(___flmul@prod+1)^0,f,c
  9552   0029A0  500B               	movf	(??___flmul+2)^0,w,c
  9553   0029A2  2216               	addwfc	(___flmul@prod+2)^0,f,c
  9554   0029A4  500C               	movf	(??___flmul+3)^0,w,c
  9555   0029A6  2217               	addwfc	(___flmul@prod+3)^0,f,c
  9556   0029A8  C010  F011         	movff	___flmul@grs+2,___flmul@grs+3
  9557   0029AC  C00F  F010         	movff	___flmul@grs+1,___flmul@grs+2
  9558   0029B0  C00E  F00F         	movff	___flmul@grs,___flmul@grs+1
  9559   0029B4  6A0E               	clrf	___flmul@grs^0,c
  9560   0029B6  5012               	movf	___flmul@aexp^0,w,c
  9561   0029B8  C013  F009         	movff	___flmul@bexp,??___flmul
  9562   0029BC  6A0A               	clrf	(??___flmul+1)^0,c
  9563   0029BE  2609               	addwf	??___flmul^0,f,c
  9564   0029C0  0E00               	movlw	0
  9565   0029C2  220A               	addwfc	(??___flmul+1)^0,f,c
  9566   0029C4  0E82               	movlw	130
  9567   0029C6  2409               	addwf	??___flmul^0,w,c
  9568   0029C8  6E18               	movwf	___flmul@temp^0,c
  9569   0029CA  0EFF               	movlw	255
  9570   0029CC  200A               	addwfc	(??___flmul+1)^0,w,c
  9571   0029CE  6E19               	movwf	(___flmul@temp+1)^0,c
  9572   0029D0  EFFF  F014         	goto	l3497
  9573   0029D4                     l3491:
  9574   0029D4  90D8               	bcf	status,0,c
  9575   0029D6  3614               	rlcf	___flmul@prod^0,f,c
  9576   0029D8  3615               	rlcf	(___flmul@prod+1)^0,f,c
  9577   0029DA  3616               	rlcf	(___flmul@prod+2)^0,f,c
  9578   0029DC  3617               	rlcf	(___flmul@prod+3)^0,f,c
  9579   0029DE  AE11               	btfss	(___flmul@grs+3)^0,7,c
  9580   0029E0  EFF4  F014         	goto	u4001
  9581   0029E4  EFF6  F014         	goto	u4000
  9582   0029E8                     u4001:
  9583   0029E8  EFF7  F014         	goto	l782
  9584   0029EC                     u4000:
  9585   0029EC  8014               	bsf	___flmul@prod^0,0,c
  9586   0029EE                     l782:
  9587   0029EE  90D8               	bcf	status,0,c
  9588   0029F0  360E               	rlcf	___flmul@grs^0,f,c
  9589   0029F2  360F               	rlcf	(___flmul@grs+1)^0,f,c
  9590   0029F4  3610               	rlcf	(___flmul@grs+2)^0,f,c
  9591   0029F6  3611               	rlcf	(___flmul@grs+3)^0,f,c
  9592   0029F8  0618               	decf	___flmul@temp^0,f,c
  9593   0029FA  A0D8               	btfss	status,0,c
  9594   0029FC  0619               	decf	(___flmul@temp+1)^0,f,c
  9595   0029FE                     l3497:
  9596   0029FE  AE16               	btfss	(___flmul@prod+2)^0,7,c
  9597   002A00  EF04  F015         	goto	u4011
  9598   002A04  EF06  F015         	goto	u4010
  9599   002A08                     u4011:
  9600   002A08  EFEA  F014         	goto	l3491
  9601   002A0C                     u4010:
  9602   002A0C  6A12               	clrf	___flmul@aexp^0,c
  9603   002A0E  AE11               	btfss	(___flmul@grs+3)^0,7,c
  9604   002A10  EF0C  F015         	goto	u4021
  9605   002A14  EF0E  F015         	goto	u4020
  9606   002A18                     u4021:
  9607   002A18  EF32  F015         	goto	l784
  9608   002A1C                     u4020:
  9609   002A1C  0EFF               	movlw	255
  9610   002A1E  140E               	andwf	___flmul@grs^0,w,c
  9611   002A20  6E09               	movwf	??___flmul^0,c
  9612   002A22  0EFF               	movlw	255
  9613   002A24  140F               	andwf	(___flmul@grs+1)^0,w,c
  9614   002A26  6E0A               	movwf	(??___flmul+1)^0,c
  9615   002A28  0EFF               	movlw	255
  9616   002A2A  1410               	andwf	(___flmul@grs+2)^0,w,c
  9617   002A2C  6E0B               	movwf	(??___flmul+2)^0,c
  9618   002A2E  0E7F               	movlw	127
  9619   002A30  1411               	andwf	(___flmul@grs+3)^0,w,c
  9620   002A32  6E0C               	movwf	(??___flmul+3)^0,c
  9621   002A34  5009               	movf	??___flmul^0,w,c
  9622   002A36  100A               	iorwf	(??___flmul+1)^0,w,c
  9623   002A38  100B               	iorwf	(??___flmul+2)^0,w,c
  9624   002A3A  100C               	iorwf	(??___flmul+3)^0,w,c
  9625   002A3C  B4D8               	btfsc	status,2,c
  9626   002A3E  EF23  F015         	goto	u4031
  9627   002A42  EF25  F015         	goto	u4030
  9628   002A46                     u4031:
  9629   002A46  EF29  F015         	goto	l785
  9630   002A4A                     u4030:
  9631   002A4A                     l3501:
  9632   002A4A  0E01               	movlw	1
  9633   002A4C  6E12               	movwf	___flmul@aexp^0,c
  9634   002A4E  EF32  F015         	goto	l784
  9635   002A52                     l785:
  9636   002A52  A014               	btfss	___flmul@prod^0,0,c
  9637   002A54  EF2E  F015         	goto	u4041
  9638   002A58  EF30  F015         	goto	u4040
  9639   002A5C                     u4041:
  9640   002A5C  EF32  F015         	goto	l784
  9641   002A60                     u4040:
  9642   002A60  EF25  F015         	goto	l3501
  9643   002A64                     l784:
  9644   002A64  5012               	movf	___flmul@aexp^0,w,c
  9645   002A66  B4D8               	btfsc	status,2,c
  9646   002A68  EF38  F015         	goto	u4051
  9647   002A6C  EF3A  F015         	goto	u4050
  9648   002A70                     u4051:
  9649   002A70  EF5E  F015         	goto	l3513
  9650   002A74                     u4050:
  9651   002A74  0E01               	movlw	1
  9652   002A76  2614               	addwf	___flmul@prod^0,f,c
  9653   002A78  0E00               	movlw	0
  9654   002A7A  2215               	addwfc	(___flmul@prod+1)^0,f,c
  9655   002A7C  2216               	addwfc	(___flmul@prod+2)^0,f,c
  9656   002A7E  2217               	addwfc	(___flmul@prod+3)^0,f,c
  9657   002A80  A017               	btfss	(___flmul@prod+3)^0,0,c
  9658   002A82  EF45  F015         	goto	u4061
  9659   002A86  EF47  F015         	goto	u4060
  9660   002A8A                     u4061:
  9661   002A8A  EF5E  F015         	goto	l3513
  9662   002A8E                     u4060:
  9663   002A8E  C014  F009         	movff	___flmul@prod,??___flmul
  9664   002A92  C015  F00A         	movff	___flmul@prod+1,??___flmul+1
  9665   002A96  C016  F00B         	movff	___flmul@prod+2,??___flmul+2
  9666   002A9A  C017  F00C         	movff	___flmul@prod+3,??___flmul+3
  9667   002A9E  340C               	rlcf	(??___flmul+3)^0,w,c
  9668   002AA0  320C               	rrcf	(??___flmul+3)^0,f,c
  9669   002AA2  320B               	rrcf	(??___flmul+2)^0,f,c
  9670   002AA4  320A               	rrcf	(??___flmul+1)^0,f,c
  9671   002AA6  3209               	rrcf	??___flmul^0,f,c
  9672   002AA8  C009  F014         	movff	??___flmul,___flmul@prod
  9673   002AAC  C00A  F015         	movff	??___flmul+1,___flmul@prod+1
  9674   002AB0  C00B  F016         	movff	??___flmul+2,___flmul@prod+2
  9675   002AB4  C00C  F017         	movff	??___flmul+3,___flmul@prod+3
  9676   002AB8  4A18               	infsnz	___flmul@temp^0,f,c
  9677   002ABA  2A19               	incf	(___flmul@temp+1)^0,f,c
  9678   002ABC                     l3513:
  9679   002ABC  BE19               	btfsc	(___flmul@temp+1)^0,7,c
  9680   002ABE  EF69  F015         	goto	u4071
  9681   002AC2  5019               	movf	(___flmul@temp+1)^0,w,c
  9682   002AC4  E108               	bnz	u4070
  9683   002AC6  2818               	incf	___flmul@temp^0,w,c
  9684   002AC8  A0D8               	btfss	status,0,c
  9685   002ACA  EF69  F015         	goto	u4071
  9686   002ACE  EF6B  F015         	goto	u4070
  9687   002AD2                     u4071:
  9688   002AD2  EF75  F015         	goto	l3517
  9689   002AD6                     u4070:
  9690   002AD6  0E00               	movlw	0
  9691   002AD8  6E14               	movwf	___flmul@prod^0,c
  9692   002ADA  0E00               	movlw	0
  9693   002ADC  6E15               	movwf	(___flmul@prod+1)^0,c
  9694   002ADE  0E80               	movlw	128
  9695   002AE0  6E16               	movwf	(___flmul@prod+2)^0,c
  9696   002AE2  0E7F               	movlw	127
  9697   002AE4  6E17               	movwf	(___flmul@prod+3)^0,c
  9698   002AE6  EFA2  F015         	goto	l3531
  9699   002AEA                     l3517:
  9700   002AEA  BE19               	btfsc	(___flmul@temp+1)^0,7,c
  9701   002AEC  EF82  F015         	goto	u4080
  9702   002AF0  5019               	movf	(___flmul@temp+1)^0,w,c
  9703   002AF2  E106               	bnz	u4081
  9704   002AF4  0418               	decf	___flmul@temp^0,w,c
  9705   002AF6  B0D8               	btfsc	status,0,c
  9706   002AF8  EF80  F015         	goto	u4081
  9707   002AFC  EF82  F015         	goto	u4080
  9708   002B00                     u4081:
  9709   002B00  EF8D  F015         	goto	l792
  9710   002B04                     u4080:
  9711   002B04  0E00               	movlw	0
  9712   002B06  6E14               	movwf	___flmul@prod^0,c
  9713   002B08  0E00               	movlw	0
  9714   002B0A  6E15               	movwf	(___flmul@prod+1)^0,c
  9715   002B0C  0E00               	movlw	0
  9716   002B0E  6E16               	movwf	(___flmul@prod+2)^0,c
  9717   002B10  0E00               	movlw	0
  9718   002B12  6E17               	movwf	(___flmul@prod+3)^0,c
  9719   002B14  6A0D               	clrf	___flmul@sign^0,c
  9720   002B16  EFA2  F015         	goto	l3531
  9721   002B1A                     l792:
  9722   002B1A  C018  F013         	movff	___flmul@temp,___flmul@bexp
  9723   002B1E  0EFF               	movlw	255
  9724   002B20  1614               	andwf	___flmul@prod^0,f,c
  9725   002B22  0EFF               	movlw	255
  9726   002B24  1615               	andwf	(___flmul@prod+1)^0,f,c
  9727   002B26  0E7F               	movlw	127
  9728   002B28  1616               	andwf	(___flmul@prod+2)^0,f,c
  9729   002B2A  0E00               	movlw	0
  9730   002B2C  1617               	andwf	(___flmul@prod+3)^0,f,c
  9731   002B2E  A013               	btfss	___flmul@bexp^0,0,c
  9732   002B30  EF9C  F015         	goto	u4091
  9733   002B34  EF9E  F015         	goto	u4090
  9734   002B38                     u4091:
  9735   002B38  EF9F  F015         	goto	l3529
  9736   002B3C                     u4090:
  9737   002B3C  8E16               	bsf	(___flmul@prod+2)^0,7,c
  9738   002B3E                     l3529:
  9739   002B3E  90D8               	bcf	status,0,c
  9740   002B40  3013               	rrcf	___flmul@bexp^0,w,c
  9741   002B42  6E17               	movwf	(___flmul@prod+3)^0,c
  9742   002B44                     l3531:
  9743   002B44  500D               	movf	___flmul@sign^0,w,c
  9744   002B46  1217               	iorwf	(___flmul@prod+3)^0,f,c
  9745   002B48  C014  F001         	movff	___flmul@prod,?___flmul
  9746   002B4C  C015  F002         	movff	___flmul@prod+1,?___flmul+1
  9747   002B50  C016  F003         	movff	___flmul@prod+2,?___flmul+2
  9748   002B54  C017  F004         	movff	___flmul@prod+3,?___flmul+3
  9749   002B58                     l779:
  9750   002B58  0012               	return		;funcret
  9751   002B5A                     __end_of___flmul:
  9752                           	callstack 0
  9753                           
  9754 ;; *************** function ___flge *****************
  9755 ;; Defined at:
  9756 ;;		line 4 in file "C:\Program Files\Microchip\xc8\v3.00\pic\sources\c99\common\flge.c"
  9757 ;; Parameters:    Size  Location     Type
  9758 ;;  ff1             4   25[COMRAM] unsigned char 
  9759 ;;  ff2             4   29[COMRAM] unsigned char 
  9760 ;; Auto vars:     Size  Location     Type
  9761 ;;		None
  9762 ;; Return value:  Size  Location     Type
  9763 ;;		None               void
  9764 ;; Registers used:
  9765 ;;		wreg, status,2, status,0
  9766 ;; Tracked objects:
  9767 ;;		On entry : 0/0
  9768 ;;		On exit  : 0/0
  9769 ;;		Unchanged: 0/0
  9770 ;; Data sizes:     COMRAM   BANK0   BANK1   BANK2   BANK3   BANK4   BANK5   BANK6   BANK7
  9771 ;;      Params:         8       0       0       0       0       0       0       0       0
  9772 ;;      Locals:         0       0       0       0       0       0       0       0       0
  9773 ;;      Temps:          4       0       0       0       0       0       0       0       0
  9774 ;;      Totals:        12       0       0       0       0       0       0       0       0
  9775 ;;Total ram usage:       12 bytes
  9776 ;; Hardware stack levels used: 1
  9777 ;; This function calls:
  9778 ;;		Nothing
  9779 ;; This function is called by:
  9780 ;;		_efgtoa
  9781 ;;		_strtof
  9782 ;; This function uses a non-reentrant model
  9783 ;;
  9784                           
  9785                           	psect	text38
  9786   0039D4                     __ptext38:
  9787                           	callstack 0
  9788   0039D4                     ___flge:
  9789                           	callstack 27
  9790   0039D4  0E00               	movlw	0
  9791   0039D6  141A               	andwf	___flge@ff1^0,w,c
  9792   0039D8  6E22               	movwf	??___flge^0,c
  9793   0039DA  0E00               	movlw	0
  9794   0039DC  141B               	andwf	(___flge@ff1+1)^0,w,c
  9795   0039DE  6E23               	movwf	(??___flge+1)^0,c
  9796   0039E0  0E80               	movlw	128
  9797   0039E2  141C               	andwf	(___flge@ff1+2)^0,w,c
  9798   0039E4  6E24               	movwf	(??___flge+2)^0,c
  9799   0039E6  0E7F               	movlw	127
  9800   0039E8  141D               	andwf	(___flge@ff1+3)^0,w,c
  9801   0039EA  6E25               	movwf	(??___flge+3)^0,c
  9802   0039EC  5022               	movf	??___flge^0,w,c
  9803   0039EE  1023               	iorwf	(??___flge+1)^0,w,c
  9804   0039F0  1024               	iorwf	(??___flge+2)^0,w,c
  9805   0039F2  1025               	iorwf	(??___flge+3)^0,w,c
  9806   0039F4  A4D8               	btfss	status,2,c
  9807   0039F6  EFFF  F01C         	goto	u4131
  9808   0039FA  EF01  F01D         	goto	u4130
  9809   0039FE                     u4131:
  9810   0039FE  EF09  F01D         	goto	l3563
  9811   003A02                     u4130:
  9812   003A02  0E00               	movlw	0
  9813   003A04  6E1A               	movwf	___flge@ff1^0,c
  9814   003A06  0E00               	movlw	0
  9815   003A08  6E1B               	movwf	(___flge@ff1+1)^0,c
  9816   003A0A  0E00               	movlw	0
  9817   003A0C  6E1C               	movwf	(___flge@ff1+2)^0,c
  9818   003A0E  0E00               	movlw	0
  9819   003A10  6E1D               	movwf	(___flge@ff1+3)^0,c
  9820   003A12                     l3563:
  9821   003A12  0E00               	movlw	0
  9822   003A14  141E               	andwf	___flge@ff2^0,w,c
  9823   003A16  6E22               	movwf	??___flge^0,c
  9824   003A18  0E00               	movlw	0
  9825   003A1A  141F               	andwf	(___flge@ff2+1)^0,w,c
  9826   003A1C  6E23               	movwf	(??___flge+1)^0,c
  9827   003A1E  0E80               	movlw	128
  9828   003A20  1420               	andwf	(___flge@ff2+2)^0,w,c
  9829   003A22  6E24               	movwf	(??___flge+2)^0,c
  9830   003A24  0E7F               	movlw	127
  9831   003A26  1421               	andwf	(___flge@ff2+3)^0,w,c
  9832   003A28  6E25               	movwf	(??___flge+3)^0,c
  9833   003A2A  5022               	movf	??___flge^0,w,c
  9834   003A2C  1023               	iorwf	(??___flge+1)^0,w,c
  9835   003A2E  1024               	iorwf	(??___flge+2)^0,w,c
  9836   003A30  1025               	iorwf	(??___flge+3)^0,w,c
  9837   003A32  A4D8               	btfss	status,2,c
  9838   003A34  EF1E  F01D         	goto	u4141
  9839   003A38  EF20  F01D         	goto	u4140
  9840   003A3C                     u4141:
  9841   003A3C  EF28  F01D         	goto	l3567
  9842   003A40                     u4140:
  9843   003A40  0E00               	movlw	0
  9844   003A42  6E1E               	movwf	___flge@ff2^0,c
  9845   003A44  0E00               	movlw	0
  9846   003A46  6E1F               	movwf	(___flge@ff2+1)^0,c
  9847   003A48  0E00               	movlw	0
  9848   003A4A  6E20               	movwf	(___flge@ff2+2)^0,c
  9849   003A4C  0E00               	movlw	0
  9850   003A4E  6E21               	movwf	(___flge@ff2+3)^0,c
  9851   003A50                     l3567:
  9852   003A50  AE1D               	btfss	(___flge@ff1+3)^0,7,c
  9853   003A52  EF2D  F01D         	goto	u4151
  9854   003A56  EF2F  F01D         	goto	u4150
  9855   003A5A                     u4151:
  9856   003A5A  EF38  F01D         	goto	l3571
  9857   003A5E                     u4150:
  9858   003A5E  6C1A               	negf	___flge@ff1^0,c
  9859   003A60  1E1B               	comf	(___flge@ff1+1)^0,f,c
  9860   003A62  B0D8               	btfsc	status,0,c
  9861   003A64  2A1B               	incf	(___flge@ff1+1)^0,f,c
  9862   003A66  1E1C               	comf	(___flge@ff1+2)^0,f,c
  9863   003A68  B0D8               	btfsc	status,0,c
  9864   003A6A  2A1C               	incf	(___flge@ff1+2)^0,f,c
  9865   003A6C  0E80               	movlw	128
  9866   003A6E  561D               	subfwb	(___flge@ff1+3)^0,f,c
  9867   003A70                     l3571:
  9868   003A70  AE21               	btfss	(___flge@ff2+3)^0,7,c
  9869   003A72  EF3D  F01D         	goto	u4161
  9870   003A76  EF3F  F01D         	goto	u4160
  9871   003A7A                     u4161:
  9872   003A7A  EF48  F01D         	goto	l426
  9873   003A7E                     u4160:
  9874   003A7E  6C1E               	negf	___flge@ff2^0,c
  9875   003A80  1E1F               	comf	(___flge@ff2+1)^0,f,c
  9876   003A82  B0D8               	btfsc	status,0,c
  9877   003A84  2A1F               	incf	(___flge@ff2+1)^0,f,c
  9878   003A86  1E20               	comf	(___flge@ff2+2)^0,f,c
  9879   003A88  B0D8               	btfsc	status,0,c
  9880   003A8A  2A20               	incf	(___flge@ff2+2)^0,f,c
  9881   003A8C  0E80               	movlw	128
  9882   003A8E  5621               	subfwb	(___flge@ff2+3)^0,f,c
  9883   003A90                     l426:
  9884   003A90  0E00               	movlw	0
  9885   003A92  1A1A               	xorwf	___flge@ff1^0,f,c
  9886   003A94  0E00               	movlw	0
  9887   003A96  1A1B               	xorwf	(___flge@ff1+1)^0,f,c
  9888   003A98  0E00               	movlw	0
  9889   003A9A  1A1C               	xorwf	(___flge@ff1+2)^0,f,c
  9890   003A9C  0E80               	movlw	128
  9891   003A9E  1A1D               	xorwf	(___flge@ff1+3)^0,f,c
  9892   003AA0  0E00               	movlw	0
  9893   003AA2  1A1E               	xorwf	___flge@ff2^0,f,c
  9894   003AA4  0E00               	movlw	0
  9895   003AA6  1A1F               	xorwf	(___flge@ff2+1)^0,f,c
  9896   003AA8  0E00               	movlw	0
  9897   003AAA  1A20               	xorwf	(___flge@ff2+2)^0,f,c
  9898   003AAC  0E80               	movlw	128
  9899   003AAE  1A21               	xorwf	(___flge@ff2+3)^0,f,c
  9900   003AB0  501E               	movf	___flge@ff2^0,w,c
  9901   003AB2  5C1A               	subwf	___flge@ff1^0,w,c
  9902   003AB4  501F               	movf	(___flge@ff2+1)^0,w,c
  9903   003AB6  581B               	subwfb	(___flge@ff1+1)^0,w,c
  9904   003AB8  5020               	movf	(___flge@ff2+2)^0,w,c
  9905   003ABA  581C               	subwfb	(___flge@ff1+2)^0,w,c
  9906   003ABC  5021               	movf	(___flge@ff2+3)^0,w,c
  9907   003ABE  581D               	subwfb	(___flge@ff1+3)^0,w,c
  9908   003AC0  B0D8               	btfsc	status,0,c
  9909   003AC2  EF65  F01D         	goto	u4171
  9910   003AC6  EF67  F01D         	goto	u4170
  9911   003ACA                     u4171:
  9912   003ACA  EF6A  F01D         	goto	l3577
  9913   003ACE                     u4170:
  9914   003ACE  90D8               	bcf	status,0,c
  9915   003AD0  EF6B  F01D         	goto	l431
  9916   003AD4                     l3577:
  9917   003AD4  80D8               	bsf	status,0,c
  9918   003AD6                     l431:
  9919   003AD6  0012               	return		;funcret
  9920   003AD8                     __end_of___flge:
  9921                           	callstack 0
  9922                           
  9923 ;; *************** function ___fleq *****************
  9924 ;; Defined at:
  9925 ;;		line 4 in file "C:\Program Files\Microchip\xc8\v3.00\pic\sources\c99\common\fleq.c"
  9926 ;; Parameters:    Size  Location     Type
  9927 ;;  ff1             4    0[COMRAM] unsigned char 
  9928 ;;  ff2             4    4[COMRAM] unsigned char 
  9929 ;; Auto vars:     Size  Location     Type
  9930 ;;		None
  9931 ;; Return value:  Size  Location     Type
  9932 ;;		None               void
  9933 ;; Registers used:
  9934 ;;		wreg, status,2, status,0
  9935 ;; Tracked objects:
  9936 ;;		On entry : 0/0
  9937 ;;		On exit  : 0/0
  9938 ;;		Unchanged: 0/0
  9939 ;; Data sizes:     COMRAM   BANK0   BANK1   BANK2   BANK3   BANK4   BANK5   BANK6   BANK7
  9940 ;;      Params:         8       0       0       0       0       0       0       0       0
  9941 ;;      Locals:         0       0       0       0       0       0       0       0       0
  9942 ;;      Temps:          4       0       0       0       0       0       0       0       0
  9943 ;;      Totals:        12       0       0       0       0       0       0       0       0
  9944 ;;Total ram usage:       12 bytes
  9945 ;; Hardware stack levels used: 1
  9946 ;; This function calls:
  9947 ;;		Nothing
  9948 ;; This function is called by:
  9949 ;;		_efgtoa
  9950 ;;		_strtof
  9951 ;; This function uses a non-reentrant model
  9952 ;;
  9953                           
  9954                           	psect	text39
  9955   003ECC                     __ptext39:
  9956                           	callstack 0
  9957   003ECC                     ___fleq:
  9958                           	callstack 27
  9959   003ECC  0E00               	movlw	0
  9960   003ECE  1401               	andwf	___fleq@ff1^0,w,c
  9961   003ED0  6E09               	movwf	??___fleq^0,c
  9962   003ED2  0E00               	movlw	0
  9963   003ED4  1402               	andwf	(___fleq@ff1+1)^0,w,c
  9964   003ED6  6E0A               	movwf	(??___fleq+1)^0,c
  9965   003ED8  0E80               	movlw	128
  9966   003EDA  1403               	andwf	(___fleq@ff1+2)^0,w,c
  9967   003EDC  6E0B               	movwf	(??___fleq+2)^0,c
  9968   003EDE  0E7F               	movlw	127
  9969   003EE0  1404               	andwf	(___fleq@ff1+3)^0,w,c
  9970   003EE2  6E0C               	movwf	(??___fleq+3)^0,c
  9971   003EE4  5009               	movf	??___fleq^0,w,c
  9972   003EE6  100A               	iorwf	(??___fleq+1)^0,w,c
  9973   003EE8  100B               	iorwf	(??___fleq+2)^0,w,c
  9974   003EEA  100C               	iorwf	(??___fleq+3)^0,w,c
  9975   003EEC  A4D8               	btfss	status,2,c
  9976   003EEE  EF7B  F01F         	goto	u4101
  9977   003EF2  EF7D  F01F         	goto	u4100
  9978   003EF6                     u4101:
  9979   003EF6  EF85  F01F         	goto	l3547
  9980   003EFA                     u4100:
  9981   003EFA  0E00               	movlw	0
  9982   003EFC  6E01               	movwf	___fleq@ff1^0,c
  9983   003EFE  0E00               	movlw	0
  9984   003F00  6E02               	movwf	(___fleq@ff1+1)^0,c
  9985   003F02  0E00               	movlw	0
  9986   003F04  6E03               	movwf	(___fleq@ff1+2)^0,c
  9987   003F06  0E00               	movlw	0
  9988   003F08  6E04               	movwf	(___fleq@ff1+3)^0,c
  9989   003F0A                     l3547:
  9990   003F0A  0E00               	movlw	0
  9991   003F0C  1405               	andwf	___fleq@ff2^0,w,c
  9992   003F0E  6E09               	movwf	??___fleq^0,c
  9993   003F10  0E00               	movlw	0
  9994   003F12  1406               	andwf	(___fleq@ff2+1)^0,w,c
  9995   003F14  6E0A               	movwf	(??___fleq+1)^0,c
  9996   003F16  0E80               	movlw	128
  9997   003F18  1407               	andwf	(___fleq@ff2+2)^0,w,c
  9998   003F1A  6E0B               	movwf	(??___fleq+2)^0,c
  9999   003F1C  0E7F               	movlw	127
 10000   003F1E  1408               	andwf	(___fleq@ff2+3)^0,w,c
 10001   003F20  6E0C               	movwf	(??___fleq+3)^0,c
 10002   003F22  5009               	movf	??___fleq^0,w,c
 10003   003F24  100A               	iorwf	(??___fleq+1)^0,w,c
 10004   003F26  100B               	iorwf	(??___fleq+2)^0,w,c
 10005   003F28  100C               	iorwf	(??___fleq+3)^0,w,c
 10006   003F2A  A4D8               	btfss	status,2,c
 10007   003F2C  EF9A  F01F         	goto	u4111
 10008   003F30  EF9C  F01F         	goto	u4110
 10009   003F34                     u4111:
 10010   003F34  EFA4  F01F         	goto	l3551
 10011   003F38                     u4110:
 10012   003F38  0E00               	movlw	0
 10013   003F3A  6E05               	movwf	___fleq@ff2^0,c
 10014   003F3C  0E00               	movlw	0
 10015   003F3E  6E06               	movwf	(___fleq@ff2+1)^0,c
 10016   003F40  0E00               	movlw	0
 10017   003F42  6E07               	movwf	(___fleq@ff2+2)^0,c
 10018   003F44  0E00               	movlw	0
 10019   003F46  6E08               	movwf	(___fleq@ff2+3)^0,c
 10020   003F48                     l3551:
 10021   003F48  5005               	movf	___fleq@ff2^0,w,c
 10022   003F4A  1801               	xorwf	___fleq@ff1^0,w,c
 10023   003F4C  E10F               	bnz	u4120
 10024   003F4E  5006               	movf	(___fleq@ff2+1)^0,w,c
 10025   003F50  1802               	xorwf	(___fleq@ff1+1)^0,w,c
 10026   003F52  E10C               	bnz	u4120
 10027   003F54  5007               	movf	(___fleq@ff2+2)^0,w,c
 10028   003F56  1803               	xorwf	(___fleq@ff1+2)^0,w,c
 10029   003F58  E109               	bnz	u4120
 10030   003F5A  5008               	movf	(___fleq@ff2+3)^0,w,c
 10031   003F5C  1804               	xorwf	(___fleq@ff1+3)^0,w,c
 10032   003F5E  B4D8               	btfsc	status,2,c
 10033   003F60  EFB4  F01F         	goto	u4121
 10034   003F64  EFB6  F01F         	goto	u4120
 10035   003F68                     u4121:
 10036   003F68  EFB9  F01F         	goto	l3555
 10037   003F6C                     u4120:
 10038   003F6C  90D8               	bcf	status,0,c
 10039   003F6E  EFBA  F01F         	goto	l420
 10040   003F72                     l3555:
 10041   003F72  80D8               	bsf	status,0,c
 10042   003F74                     l420:
 10043   003F74  0012               	return		;funcret
 10044   003F76                     __end_of___fleq:
 10045                           	callstack 0
 10046                           
 10047 ;; *************** function ___fldiv *****************
 10048 ;; Defined at:
 10049 ;;		line 11 in file "C:\Program Files\Microchip\xc8\v3.00\pic\sources\c99\common\sprcdiv.c"
 10050 ;; Parameters:    Size  Location     Type
 10051 ;;  b               4    0[COMRAM] unsigned char 
 10052 ;;  a               4    4[COMRAM] unsigned char 
 10053 ;; Auto vars:     Size  Location     Type
 10054 ;;  grs             4   19[COMRAM] unsigned long 
 10055 ;;  rem             4   12[COMRAM] unsigned long 
 10056 ;;  new_exp         2   17[COMRAM] short 
 10057 ;;  aexp            1   24[COMRAM] unsigned char 
 10058 ;;  bexp            1   23[COMRAM] unsigned char 
 10059 ;;  sign            1   16[COMRAM] unsigned char 
 10060 ;; Return value:  Size  Location     Type
 10061 ;;                  4    0[COMRAM] unsigned char 
 10062 ;; Registers used:
 10063 ;;		wreg, status,2, status,0
 10064 ;; Tracked objects:
 10065 ;;		On entry : 0/0
 10066 ;;		On exit  : 0/0
 10067 ;;		Unchanged: 0/0
 10068 ;; Data sizes:     COMRAM   BANK0   BANK1   BANK2   BANK3   BANK4   BANK5   BANK6   BANK7
 10069 ;;      Params:         8       0       0       0       0       0       0       0       0
 10070 ;;      Locals:        13       0       0       0       0       0       0       0       0
 10071 ;;      Temps:          4       0       0       0       0       0       0       0       0
 10072 ;;      Totals:        25       0       0       0       0       0       0       0       0
 10073 ;;Total ram usage:       25 bytes
 10074 ;; Hardware stack levels used: 1
 10075 ;; This function calls:
 10076 ;;		Nothing
 10077 ;; This function is called by:
 10078 ;;		_nmea_latlon_to_decimal
 10079 ;;		_efgtoa
 10080 ;;		_strtof
 10081 ;; This function uses a non-reentrant model
 10082 ;;
 10083                           
 10084                           	psect	text40
 10085   002B5A                     __ptext40:
 10086                           	callstack 0
 10087   002B5A                     ___fldiv:
 10088                           	callstack 27
 10089   002B5A  5004               	movf	(___fldiv@b+3)^0,w,c
 10090   002B5C  0B80               	andlw	128
 10091   002B5E  6E11               	movwf	___fldiv@sign^0,c
 10092   002B60  5004               	movf	(___fldiv@b+3)^0,w,c
 10093   002B62  2404               	addwf	(___fldiv@b+3)^0,w,c
 10094   002B64  6E18               	movwf	___fldiv@bexp^0,c
 10095   002B66  AE03               	btfss	(___fldiv@b+2)^0,7,c
 10096   002B68  EFB8  F015         	goto	u3681
 10097   002B6C  EFBA  F015         	goto	u3680
 10098   002B70                     u3681:
 10099   002B70  EFBB  F015         	goto	l3279
 10100   002B74                     u3680:
 10101   002B74  8018               	bsf	___fldiv@bexp^0,0,c
 10102   002B76                     l3279:
 10103   002B76  5018               	movf	___fldiv@bexp^0,w,c
 10104   002B78  B4D8               	btfsc	status,2,c
 10105   002B7A  EFC1  F015         	goto	u3691
 10106   002B7E  EFC3  F015         	goto	u3690
 10107   002B82                     u3691:
 10108   002B82  EFD7  F015         	goto	l3289
 10109   002B86                     u3690:
 10110   002B86  2818               	incf	___fldiv@bexp^0,w,c
 10111   002B88  A4D8               	btfss	status,2,c
 10112   002B8A  EFC9  F015         	goto	u3701
 10113   002B8E  EFCB  F015         	goto	u3700
 10114   002B92                     u3701:
 10115   002B92  EFD3  F015         	goto	l3285
 10116   002B96                     u3700:
 10117   002B96  0E00               	movlw	0
 10118   002B98  6E01               	movwf	___fldiv@b^0,c
 10119   002B9A  0E00               	movlw	0
 10120   002B9C  6E02               	movwf	(___fldiv@b+1)^0,c
 10121   002B9E  0E00               	movlw	0
 10122   002BA0  6E03               	movwf	(___fldiv@b+2)^0,c
 10123   002BA2  0E00               	movlw	0
 10124   002BA4  6E04               	movwf	(___fldiv@b+3)^0,c
 10125   002BA6                     l3285:
 10126   002BA6  8E03               	bsf	(___fldiv@b+2)^0,7,c
 10127   002BA8  6A04               	clrf	(___fldiv@b+3)^0,c
 10128   002BAA  EFDF  F015         	goto	l3291
 10129   002BAE                     l3289:
 10130   002BAE  0E00               	movlw	0
 10131   002BB0  6E01               	movwf	___fldiv@b^0,c
 10132   002BB2  0E00               	movlw	0
 10133   002BB4  6E02               	movwf	(___fldiv@b+1)^0,c
 10134   002BB6  0E00               	movlw	0
 10135   002BB8  6E03               	movwf	(___fldiv@b+2)^0,c
 10136   002BBA  0E00               	movlw	0
 10137   002BBC  6E04               	movwf	(___fldiv@b+3)^0,c
 10138   002BBE                     l3291:
 10139   002BBE  5008               	movf	(___fldiv@a+3)^0,w,c
 10140   002BC0  0B80               	andlw	128
 10141   002BC2  1A11               	xorwf	___fldiv@sign^0,f,c
 10142   002BC4  5008               	movf	(___fldiv@a+3)^0,w,c
 10143   002BC6  2408               	addwf	(___fldiv@a+3)^0,w,c
 10144   002BC8  6E19               	movwf	___fldiv@aexp^0,c
 10145   002BCA  AE07               	btfss	(___fldiv@a+2)^0,7,c
 10146   002BCC  EFEA  F015         	goto	u3711
 10147   002BD0  EFEC  F015         	goto	u3710
 10148   002BD4                     u3711:
 10149   002BD4  EFED  F015         	goto	l3299
 10150   002BD8                     u3710:
 10151   002BD8  8019               	bsf	___fldiv@aexp^0,0,c
 10152   002BDA                     l3299:
 10153   002BDA  5019               	movf	___fldiv@aexp^0,w,c
 10154   002BDC  B4D8               	btfsc	status,2,c
 10155   002BDE  EFF3  F015         	goto	u3721
 10156   002BE2  EFF5  F015         	goto	u3720
 10157   002BE6                     u3721:
 10158   002BE6  EF09  F016         	goto	l3309
 10159   002BEA                     u3720:
 10160   002BEA  2819               	incf	___fldiv@aexp^0,w,c
 10161   002BEC  A4D8               	btfss	status,2,c
 10162   002BEE  EFFB  F015         	goto	u3731
 10163   002BF2  EFFD  F015         	goto	u3730
 10164   002BF6                     u3731:
 10165   002BF6  EF05  F016         	goto	l3305
 10166   002BFA                     u3730:
 10167   002BFA  0E00               	movlw	0
 10168   002BFC  6E05               	movwf	___fldiv@a^0,c
 10169   002BFE  0E00               	movlw	0
 10170   002C00  6E06               	movwf	(___fldiv@a+1)^0,c
 10171   002C02  0E00               	movlw	0
 10172   002C04  6E07               	movwf	(___fldiv@a+2)^0,c
 10173   002C06  0E00               	movlw	0
 10174   002C08  6E08               	movwf	(___fldiv@a+3)^0,c
 10175   002C0A                     l3305:
 10176   002C0A  8E07               	bsf	(___fldiv@a+2)^0,7,c
 10177   002C0C  6A08               	clrf	(___fldiv@a+3)^0,c
 10178   002C0E  EF11  F016         	goto	l3311
 10179   002C12                     l3309:
 10180   002C12  0E00               	movlw	0
 10181   002C14  6E05               	movwf	___fldiv@a^0,c
 10182   002C16  0E00               	movlw	0
 10183   002C18  6E06               	movwf	(___fldiv@a+1)^0,c
 10184   002C1A  0E00               	movlw	0
 10185   002C1C  6E07               	movwf	(___fldiv@a+2)^0,c
 10186   002C1E  0E00               	movlw	0
 10187   002C20  6E08               	movwf	(___fldiv@a+3)^0,c
 10188   002C22                     l3311:
 10189   002C22  5005               	movf	___fldiv@a^0,w,c
 10190   002C24  1006               	iorwf	(___fldiv@a+1)^0,w,c
 10191   002C26  1007               	iorwf	(___fldiv@a+2)^0,w,c
 10192   002C28  1008               	iorwf	(___fldiv@a+3)^0,w,c
 10193   002C2A  A4D8               	btfss	status,2,c
 10194   002C2C  EF1A  F016         	goto	u3741
 10195   002C30  EF1C  F016         	goto	u3740
 10196   002C34                     u3741:
 10197   002C34  EF34  F016         	goto	l3323
 10198   002C38                     u3740:
 10199   002C38  0E00               	movlw	0
 10200   002C3A  6E01               	movwf	___fldiv@b^0,c
 10201   002C3C  0E00               	movlw	0
 10202   002C3E  6E02               	movwf	(___fldiv@b+1)^0,c
 10203   002C40  0E00               	movlw	0
 10204   002C42  6E03               	movwf	(___fldiv@b+2)^0,c
 10205   002C44  0E00               	movlw	0
 10206   002C46  6E04               	movwf	(___fldiv@b+3)^0,c
 10207   002C48  0E80               	movlw	128
 10208   002C4A  1203               	iorwf	(___fldiv@b+2)^0,f,c
 10209   002C4C  0E7F               	movlw	127
 10210   002C4E  1204               	iorwf	(___fldiv@b+3)^0,f,c
 10211   002C50                     l3317:
 10212   002C50  5011               	movf	___fldiv@sign^0,w,c
 10213   002C52  1204               	iorwf	(___fldiv@b+3)^0,f,c
 10214   002C54  C001  F001         	movff	___fldiv@b,?___fldiv
 10215   002C58  C002  F002         	movff	___fldiv@b+1,?___fldiv+1
 10216   002C5C  C003  F003         	movff	___fldiv@b+2,?___fldiv+2
 10217   002C60  C004  F004         	movff	___fldiv@b+3,?___fldiv+3
 10218   002C64  EF74  F017         	goto	l743
 10219   002C68                     l3323:
 10220   002C68  5018               	movf	___fldiv@bexp^0,w,c
 10221   002C6A  A4D8               	btfss	status,2,c
 10222   002C6C  EF3A  F016         	goto	u3751
 10223   002C70  EF3C  F016         	goto	u3750
 10224   002C74                     u3751:
 10225   002C74  EF46  F016         	goto	l3331
 10226   002C78                     u3750:
 10227   002C78  0E00               	movlw	0
 10228   002C7A  6E01               	movwf	?___fldiv^0,c
 10229   002C7C  0E00               	movlw	0
 10230   002C7E  6E02               	movwf	(?___fldiv+1)^0,c
 10231   002C80  0E00               	movlw	0
 10232   002C82  6E03               	movwf	(?___fldiv+2)^0,c
 10233   002C84  0E00               	movlw	0
 10234   002C86  6E04               	movwf	(?___fldiv+3)^0,c
 10235   002C88  EF74  F017         	goto	l743
 10236   002C8C                     l3331:
 10237   002C8C  5019               	movf	___fldiv@aexp^0,w,c
 10238   002C8E  C018  F009         	movff	___fldiv@bexp,??___fldiv
 10239   002C92  6A0A               	clrf	(??___fldiv+1)^0,c
 10240   002C94  5E09               	subwf	??___fldiv^0,f,c
 10241   002C96  0E00               	movlw	0
 10242   002C98  5A0A               	subwfb	(??___fldiv+1)^0,f,c
 10243   002C9A  0E7F               	movlw	127
 10244   002C9C  2409               	addwf	??___fldiv^0,w,c
 10245   002C9E  6E12               	movwf	___fldiv@new_exp^0,c
 10246   002CA0  0E00               	movlw	0
 10247   002CA2  200A               	addwfc	(??___fldiv+1)^0,w,c
 10248   002CA4  6E13               	movwf	(___fldiv@new_exp+1)^0,c
 10249   002CA6  C001  F00D         	movff	___fldiv@b,___fldiv@rem
 10250   002CAA  C002  F00E         	movff	___fldiv@b+1,___fldiv@rem+1
 10251   002CAE  C003  F00F         	movff	___fldiv@b+2,___fldiv@rem+2
 10252   002CB2  C004  F010         	movff	___fldiv@b+3,___fldiv@rem+3
 10253   002CB6  0E00               	movlw	0
 10254   002CB8  6E01               	movwf	___fldiv@b^0,c
 10255   002CBA  0E00               	movlw	0
 10256   002CBC  6E02               	movwf	(___fldiv@b+1)^0,c
 10257   002CBE  0E00               	movlw	0
 10258   002CC0  6E03               	movwf	(___fldiv@b+2)^0,c
 10259   002CC2  0E00               	movlw	0
 10260   002CC4  6E04               	movwf	(___fldiv@b+3)^0,c
 10261   002CC6  0E00               	movlw	0
 10262   002CC8  6E14               	movwf	___fldiv@grs^0,c
 10263   002CCA  0E00               	movlw	0
 10264   002CCC  6E15               	movwf	(___fldiv@grs+1)^0,c
 10265   002CCE  0E00               	movlw	0
 10266   002CD0  6E16               	movwf	(___fldiv@grs+2)^0,c
 10267   002CD2  0E00               	movlw	0
 10268   002CD4  6E17               	movwf	(___fldiv@grs+3)^0,c
 10269   002CD6  6A19               	clrf	___fldiv@aexp^0,c
 10270   002CD8  EFA6  F016         	goto	l745
 10271   002CDC                     l3341:
 10272   002CDC  5019               	movf	___fldiv@aexp^0,w,c
 10273   002CDE  B4D8               	btfsc	status,2,c
 10274   002CE0  EF74  F016         	goto	u3761
 10275   002CE4  EF76  F016         	goto	u3760
 10276   002CE8                     u3761:
 10277   002CE8  EF8D  F016         	goto	l3349
 10278   002CEC                     u3760:
 10279   002CEC  90D8               	bcf	status,0,c
 10280   002CEE  360D               	rlcf	___fldiv@rem^0,f,c
 10281   002CF0  360E               	rlcf	(___fldiv@rem+1)^0,f,c
 10282   002CF2  360F               	rlcf	(___fldiv@rem+2)^0,f,c
 10283   002CF4  3610               	rlcf	(___fldiv@rem+3)^0,f,c
 10284   002CF6  90D8               	bcf	status,0,c
 10285   002CF8  3601               	rlcf	___fldiv@b^0,f,c
 10286   002CFA  3602               	rlcf	(___fldiv@b+1)^0,f,c
 10287   002CFC  3603               	rlcf	(___fldiv@b+2)^0,f,c
 10288   002CFE  3604               	rlcf	(___fldiv@b+3)^0,f,c
 10289   002D00  AE17               	btfss	(___fldiv@grs+3)^0,7,c
 10290   002D02  EF85  F016         	goto	u3771
 10291   002D06  EF87  F016         	goto	u3770
 10292   002D0A                     u3771:
 10293   002D0A  EF88  F016         	goto	l748
 10294   002D0E                     u3770:
 10295   002D0E  8001               	bsf	___fldiv@b^0,0,c
 10296   002D10                     l748:
 10297   002D10  90D8               	bcf	status,0,c
 10298   002D12  3614               	rlcf	___fldiv@grs^0,f,c
 10299   002D14  3615               	rlcf	(___fldiv@grs+1)^0,f,c
 10300   002D16  3616               	rlcf	(___fldiv@grs+2)^0,f,c
 10301   002D18  3617               	rlcf	(___fldiv@grs+3)^0,f,c
 10302   002D1A                     l3349:
 10303   002D1A  5005               	movf	___fldiv@a^0,w,c
 10304   002D1C  5C0D               	subwf	___fldiv@rem^0,w,c
 10305   002D1E  5006               	movf	(___fldiv@a+1)^0,w,c
 10306   002D20  580E               	subwfb	(___fldiv@rem+1)^0,w,c
 10307   002D22  5007               	movf	(___fldiv@a+2)^0,w,c
 10308   002D24  580F               	subwfb	(___fldiv@rem+2)^0,w,c
 10309   002D26  5008               	movf	(___fldiv@a+3)^0,w,c
 10310   002D28  5810               	subwfb	(___fldiv@rem+3)^0,w,c
 10311   002D2A  A0D8               	btfss	status,0,c
 10312   002D2C  EF9A  F016         	goto	u3781
 10313   002D30  EF9C  F016         	goto	u3780
 10314   002D34                     u3781:
 10315   002D34  EFA5  F016         	goto	l3355
 10316   002D38                     u3780:
 10317   002D38  8C17               	bsf	(___fldiv@grs+3)^0,6,c
 10318   002D3A  5005               	movf	___fldiv@a^0,w,c
 10319   002D3C  5E0D               	subwf	___fldiv@rem^0,f,c
 10320   002D3E  5006               	movf	(___fldiv@a+1)^0,w,c
 10321   002D40  5A0E               	subwfb	(___fldiv@rem+1)^0,f,c
 10322   002D42  5007               	movf	(___fldiv@a+2)^0,w,c
 10323   002D44  5A0F               	subwfb	(___fldiv@rem+2)^0,f,c
 10324   002D46  5008               	movf	(___fldiv@a+3)^0,w,c
 10325   002D48  5A10               	subwfb	(___fldiv@rem+3)^0,f,c
 10326   002D4A                     l3355:
 10327   002D4A  2A19               	incf	___fldiv@aexp^0,f,c
 10328   002D4C                     l745:
 10329   002D4C  0E19               	movlw	25
 10330   002D4E  6419               	cpfsgt	___fldiv@aexp^0,c
 10331   002D50  EFAC  F016         	goto	u3791
 10332   002D54  EFAE  F016         	goto	u3790
 10333   002D58                     u3791:
 10334   002D58  EF6E  F016         	goto	l3341
 10335   002D5C                     u3790:
 10336   002D5C  500D               	movf	___fldiv@rem^0,w,c
 10337   002D5E  100E               	iorwf	(___fldiv@rem+1)^0,w,c
 10338   002D60  100F               	iorwf	(___fldiv@rem+2)^0,w,c
 10339   002D62  1010               	iorwf	(___fldiv@rem+3)^0,w,c
 10340   002D64  B4D8               	btfsc	status,2,c
 10341   002D66  EFB7  F016         	goto	u3801
 10342   002D6A  EFB9  F016         	goto	u3800
 10343   002D6E                     u3801:
 10344   002D6E  EFD1  F016         	goto	l3367
 10345   002D72                     u3800:
 10346   002D72  8014               	bsf	___fldiv@grs^0,0,c
 10347   002D74  EFD1  F016         	goto	l3367
 10348   002D78                     l3361:
 10349   002D78  90D8               	bcf	status,0,c
 10350   002D7A  3601               	rlcf	___fldiv@b^0,f,c
 10351   002D7C  3602               	rlcf	(___fldiv@b+1)^0,f,c
 10352   002D7E  3603               	rlcf	(___fldiv@b+2)^0,f,c
 10353   002D80  3604               	rlcf	(___fldiv@b+3)^0,f,c
 10354   002D82  AE17               	btfss	(___fldiv@grs+3)^0,7,c
 10355   002D84  EFC6  F016         	goto	u3811
 10356   002D88  EFC8  F016         	goto	u3810
 10357   002D8C                     u3811:
 10358   002D8C  EFC9  F016         	goto	l754
 10359   002D90                     u3810:
 10360   002D90  8001               	bsf	___fldiv@b^0,0,c
 10361   002D92                     l754:
 10362   002D92  90D8               	bcf	status,0,c
 10363   002D94  3614               	rlcf	___fldiv@grs^0,f,c
 10364   002D96  3615               	rlcf	(___fldiv@grs+1)^0,f,c
 10365   002D98  3616               	rlcf	(___fldiv@grs+2)^0,f,c
 10366   002D9A  3617               	rlcf	(___fldiv@grs+3)^0,f,c
 10367   002D9C  0612               	decf	___fldiv@new_exp^0,f,c
 10368   002D9E  A0D8               	btfss	status,0,c
 10369   002DA0  0613               	decf	(___fldiv@new_exp+1)^0,f,c
 10370   002DA2                     l3367:
 10371   002DA2  AE03               	btfss	(___fldiv@b+2)^0,7,c
 10372   002DA4  EFD6  F016         	goto	u3821
 10373   002DA8  EFD8  F016         	goto	u3820
 10374   002DAC                     u3821:
 10375   002DAC  EFBC  F016         	goto	l3361
 10376   002DB0                     u3820:
 10377   002DB0  6A19               	clrf	___fldiv@aexp^0,c
 10378   002DB2  AE17               	btfss	(___fldiv@grs+3)^0,7,c
 10379   002DB4  EFDE  F016         	goto	u3831
 10380   002DB8  EFE0  F016         	goto	u3830
 10381   002DBC                     u3831:
 10382   002DBC  EF04  F017         	goto	l756
 10383   002DC0                     u3830:
 10384   002DC0  0EFF               	movlw	255
 10385   002DC2  1414               	andwf	___fldiv@grs^0,w,c
 10386   002DC4  6E09               	movwf	??___fldiv^0,c
 10387   002DC6  0EFF               	movlw	255
 10388   002DC8  1415               	andwf	(___fldiv@grs+1)^0,w,c
 10389   002DCA  6E0A               	movwf	(??___fldiv+1)^0,c
 10390   002DCC  0EFF               	movlw	255
 10391   002DCE  1416               	andwf	(___fldiv@grs+2)^0,w,c
 10392   002DD0  6E0B               	movwf	(??___fldiv+2)^0,c
 10393   002DD2  0E7F               	movlw	127
 10394   002DD4  1417               	andwf	(___fldiv@grs+3)^0,w,c
 10395   002DD6  6E0C               	movwf	(??___fldiv+3)^0,c
 10396   002DD8  5009               	movf	??___fldiv^0,w,c
 10397   002DDA  100A               	iorwf	(??___fldiv+1)^0,w,c
 10398   002DDC  100B               	iorwf	(??___fldiv+2)^0,w,c
 10399   002DDE  100C               	iorwf	(??___fldiv+3)^0,w,c
 10400   002DE0  B4D8               	btfsc	status,2,c
 10401   002DE2  EFF5  F016         	goto	u3841
 10402   002DE6  EFF7  F016         	goto	u3840
 10403   002DEA                     u3841:
 10404   002DEA  EFFB  F016         	goto	l757
 10405   002DEE                     u3840:
 10406   002DEE                     l3371:
 10407   002DEE  0E01               	movlw	1
 10408   002DF0  6E19               	movwf	___fldiv@aexp^0,c
 10409   002DF2  EF04  F017         	goto	l756
 10410   002DF6                     l757:
 10411   002DF6  A001               	btfss	___fldiv@b^0,0,c
 10412   002DF8  EF00  F017         	goto	u3851
 10413   002DFC  EF02  F017         	goto	u3850
 10414   002E00                     u3851:
 10415   002E00  EF04  F017         	goto	l756
 10416   002E04                     u3850:
 10417   002E04  EFF7  F016         	goto	l3371
 10418   002E08                     l756:
 10419   002E08  5019               	movf	___fldiv@aexp^0,w,c
 10420   002E0A  B4D8               	btfsc	status,2,c
 10421   002E0C  EF0A  F017         	goto	u3861
 10422   002E10  EF0C  F017         	goto	u3860
 10423   002E14                     u3861:
 10424   002E14  EF30  F017         	goto	l3383
 10425   002E18                     u3860:
 10426   002E18  0E01               	movlw	1
 10427   002E1A  2601               	addwf	___fldiv@b^0,f,c
 10428   002E1C  0E00               	movlw	0
 10429   002E1E  2202               	addwfc	(___fldiv@b+1)^0,f,c
 10430   002E20  2203               	addwfc	(___fldiv@b+2)^0,f,c
 10431   002E22  2204               	addwfc	(___fldiv@b+3)^0,f,c
 10432   002E24  A004               	btfss	(___fldiv@b+3)^0,0,c
 10433   002E26  EF17  F017         	goto	u3871
 10434   002E2A  EF19  F017         	goto	u3870
 10435   002E2E                     u3871:
 10436   002E2E  EF30  F017         	goto	l3383
 10437   002E32                     u3870:
 10438   002E32  C001  F009         	movff	___fldiv@b,??___fldiv
 10439   002E36  C002  F00A         	movff	___fldiv@b+1,??___fldiv+1
 10440   002E3A  C003  F00B         	movff	___fldiv@b+2,??___fldiv+2
 10441   002E3E  C004  F00C         	movff	___fldiv@b+3,??___fldiv+3
 10442   002E42  340C               	rlcf	(??___fldiv+3)^0,w,c
 10443   002E44  320C               	rrcf	(??___fldiv+3)^0,f,c
 10444   002E46  320B               	rrcf	(??___fldiv+2)^0,f,c
 10445   002E48  320A               	rrcf	(??___fldiv+1)^0,f,c
 10446   002E4A  3209               	rrcf	??___fldiv^0,f,c
 10447   002E4C  C009  F001         	movff	??___fldiv,___fldiv@b
 10448   002E50  C00A  F002         	movff	??___fldiv+1,___fldiv@b+1
 10449   002E54  C00B  F003         	movff	??___fldiv+2,___fldiv@b+2
 10450   002E58  C00C  F004         	movff	??___fldiv+3,___fldiv@b+3
 10451   002E5C  4A12               	infsnz	___fldiv@new_exp^0,f,c
 10452   002E5E  2A13               	incf	(___fldiv@new_exp+1)^0,f,c
 10453   002E60                     l3383:
 10454   002E60  BE13               	btfsc	(___fldiv@new_exp+1)^0,7,c
 10455   002E62  EF3B  F017         	goto	u3881
 10456   002E66  5013               	movf	(___fldiv@new_exp+1)^0,w,c
 10457   002E68  E108               	bnz	u3880
 10458   002E6A  2812               	incf	___fldiv@new_exp^0,w,c
 10459   002E6C  A0D8               	btfss	status,0,c
 10460   002E6E  EF3B  F017         	goto	u3881
 10461   002E72  EF3D  F017         	goto	u3880
 10462   002E76                     u3881:
 10463   002E76  EF48  F017         	goto	l3387
 10464   002E7A                     u3880:
 10465   002E7A  0E00               	movlw	0
 10466   002E7C  6E13               	movwf	(___fldiv@new_exp+1)^0,c
 10467   002E7E  6812               	setf	___fldiv@new_exp^0,c
 10468   002E80  0E00               	movlw	0
 10469   002E82  6E01               	movwf	___fldiv@b^0,c
 10470   002E84  0E00               	movlw	0
 10471   002E86  6E02               	movwf	(___fldiv@b+1)^0,c
 10472   002E88  0E00               	movlw	0
 10473   002E8A  6E03               	movwf	(___fldiv@b+2)^0,c
 10474   002E8C  0E00               	movlw	0
 10475   002E8E  6E04               	movwf	(___fldiv@b+3)^0,c
 10476   002E90                     l3387:
 10477   002E90  BE13               	btfsc	(___fldiv@new_exp+1)^0,7,c
 10478   002E92  EF55  F017         	goto	u3890
 10479   002E96  5013               	movf	(___fldiv@new_exp+1)^0,w,c
 10480   002E98  E106               	bnz	u3891
 10481   002E9A  0412               	decf	___fldiv@new_exp^0,w,c
 10482   002E9C  B0D8               	btfsc	status,0,c
 10483   002E9E  EF53  F017         	goto	u3891
 10484   002EA2  EF55  F017         	goto	u3890
 10485   002EA6                     u3891:
 10486   002EA6  EF62  F017         	goto	l3393
 10487   002EAA                     u3890:
 10488   002EAA  0E00               	movlw	0
 10489   002EAC  6E13               	movwf	(___fldiv@new_exp+1)^0,c
 10490   002EAE  0E00               	movlw	0
 10491   002EB0  6E12               	movwf	___fldiv@new_exp^0,c
 10492   002EB2  0E00               	movlw	0
 10493   002EB4  6E01               	movwf	___fldiv@b^0,c
 10494   002EB6  0E00               	movlw	0
 10495   002EB8  6E02               	movwf	(___fldiv@b+1)^0,c
 10496   002EBA  0E00               	movlw	0
 10497   002EBC  6E03               	movwf	(___fldiv@b+2)^0,c
 10498   002EBE  0E00               	movlw	0
 10499   002EC0  6E04               	movwf	(___fldiv@b+3)^0,c
 10500   002EC2  6A11               	clrf	___fldiv@sign^0,c
 10501   002EC4                     l3393:
 10502   002EC4  C012  F018         	movff	___fldiv@new_exp,___fldiv@bexp
 10503   002EC8  A018               	btfss	___fldiv@bexp^0,0,c
 10504   002ECA  EF69  F017         	goto	u3901
 10505   002ECE  EF6B  F017         	goto	u3900
 10506   002ED2                     u3901:
 10507   002ED2  EF6E  F017         	goto	l3399
 10508   002ED6                     u3900:
 10509   002ED6  8E03               	bsf	(___fldiv@b+2)^0,7,c
 10510   002ED8  EF6F  F017         	goto	l3401
 10511   002EDC                     l3399:
 10512   002EDC  9E03               	bcf	(___fldiv@b+2)^0,7,c
 10513   002EDE                     l3401:
 10514   002EDE  90D8               	bcf	status,0,c
 10515   002EE0  3018               	rrcf	___fldiv@bexp^0,w,c
 10516   002EE2  6E04               	movwf	(___fldiv@b+3)^0,c
 10517   002EE4  EF28  F016         	goto	l3317
 10518   002EE8                     l743:
 10519   002EE8  0012               	return		;funcret
 10520   002EEA                     __end_of___fldiv:
 10521                           	callstack 0
 10522                           
 10523 ;; *************** function _LCD_String *****************
 10524 ;; Defined at:
 10525 ;;		line 126 in file "GPS_I2C.c"
 10526 ;; Parameters:    Size  Location     Type
 10527 ;;  msg             2    2[COMRAM] PTR const unsigned char 
 10528 ;;		 -> display_latlon@buf(17), STR_1(17), 
 10529 ;; Auto vars:     Size  Location     Type
 10530 ;;		None
 10531 ;; Return value:  Size  Location     Type
 10532 ;;                  1    wreg      void 
 10533 ;; Registers used:
 10534 ;;		wreg, fsr1l, fsr1h, status,2, status,0, tblptrl, tblptrh, tblptru, cstack
 10535 ;; Tracked objects:
 10536 ;;		On entry : 0/0
 10537 ;;		On exit  : 0/0
 10538 ;;		Unchanged: 0/0
 10539 ;; Data sizes:     COMRAM   BANK0   BANK1   BANK2   BANK3   BANK4   BANK5   BANK6   BANK7
 10540 ;;      Params:         2       0       0       0       0       0       0       0       0
 10541 ;;      Locals:         0       0       0       0       0       0       0       0       0
 10542 ;;      Temps:          0       0       0       0       0       0       0       0       0
 10543 ;;      Totals:         2       0       0       0       0       0       0       0       0
 10544 ;;Total ram usage:        2 bytes
 10545 ;; Hardware stack levels used: 1
 10546 ;; Hardware stack levels required when called: 1
 10547 ;; This function calls:
 10548 ;;		_LCD_Char
 10549 ;; This function is called by:
 10550 ;;		_main
 10551 ;;		_display_latlon
 10552 ;; This function uses a non-reentrant model
 10553 ;;
 10554                           
 10555                           	psect	text41
 10556   004296                     __ptext41:
 10557                           	callstack 0
 10558   004296                     _LCD_String:
 10559                           	callstack 27
 10560   004296                     
 10561                           ;GPS_I2C.c: 126: void LCD_String(const char *msg);GPS_I2C.c: 127: {;GPS_I2C.c: 128:     
      +                          while (*msg)
 10562   004296  EF61  F021         	goto	l4155
 10563   00429A                     l4151:
 10564                           
 10565                           ;GPS_I2C.c: 129:         LCD_Char(*msg++);
 10566   00429A  C003  FFF6         	movff	LCD_String@msg,tblptrl
 10567   00429E  C004  FFF7         	movff	LCD_String@msg+1,tblptrh
 10568   0042A2  6AF8               	clrf	tblptru,c
 10569   0042A4  0E07               	movlw	(high __ramtop+-1)
 10570   0042A6  64F7               	cpfsgt	tblptrh,c
 10571   0042A8  D003               	bra	u5047
 10572   0042AA  0008               	tblrd		*
 10573   0042AC  50F5               	movf	tablat,w,c
 10574   0042AE  D005               	bra	u5040
 10575   0042B0                     u5047:
 10576   0042B0  CFF6 FFE1          	movff	tblptrl,fsr1l
 10577   0042B4  CFF7 FFE2          	movff	tblptrh,fsr1h
 10578   0042B8  50E7               	movf	indf1,w,c
 10579   0042BA                     u5040:
 10580   0042BA  EC7A  F021         	call	_LCD_Char
 10581   0042BE  4A03               	infsnz	LCD_String@msg^0,f,c
 10582   0042C0  2A04               	incf	(LCD_String@msg+1)^0,f,c
 10583   0042C2                     l4155:
 10584                           
 10585                           ;GPS_I2C.c: 128:     while (*msg)
 10586   0042C2  C003  FFF6         	movff	LCD_String@msg,tblptrl
 10587   0042C6  C004  FFF7         	movff	LCD_String@msg+1,tblptrh
 10588   0042CA  6AF8               	clrf	tblptru,c
 10589   0042CC  0E07               	movlw	(high __ramtop+-1)
 10590   0042CE  64F7               	cpfsgt	tblptrh,c
 10591   0042D0  D003               	bra	u5057
 10592   0042D2  0008               	tblrd		*
 10593   0042D4  50F5               	movf	tablat,w,c
 10594   0042D6  D005               	bra	u5050
 10595   0042D8                     u5057:
 10596   0042D8  CFF6 FFE1          	movff	tblptrl,fsr1l
 10597   0042DC  CFF7 FFE2          	movff	tblptrh,fsr1h
 10598   0042E0  50E7               	movf	indf1,w,c
 10599   0042E2                     u5050:
 10600   0042E2  0900               	iorlw	0
 10601   0042E4  A4D8               	btfss	status,2,c
 10602   0042E6  EF77  F021         	goto	u5061
 10603   0042EA  EF79  F021         	goto	u5060
 10604   0042EE                     u5061:
 10605   0042EE  EF4D  F021         	goto	l4151
 10606   0042F2                     u5060:
 10607   0042F2  0012               	return		;funcret
 10608   0042F4                     __end_of_LCD_String:
 10609                           	callstack 0
 10610                           
 10611 ;; *************** function _LCD_Char *****************
 10612 ;; Defined at:
 10613 ;;		line 103 in file "GPS_I2C.c"
 10614 ;; Parameters:    Size  Location     Type
 10615 ;;  data            1    wreg     unsigned char 
 10616 ;; Auto vars:     Size  Location     Type
 10617 ;;  data            1    1[COMRAM] unsigned char 
 10618 ;; Return value:  Size  Location     Type
 10619 ;;                  1    wreg      void 
 10620 ;; Registers used:
 10621 ;;		wreg, status,2, status,0
 10622 ;; Tracked objects:
 10623 ;;		On entry : 0/0
 10624 ;;		On exit  : 0/0
 10625 ;;		Unchanged: 0/0
 10626 ;; Data sizes:     COMRAM   BANK0   BANK1   BANK2   BANK3   BANK4   BANK5   BANK6   BANK7
 10627 ;;      Params:         0       0       0       0       0       0       0       0       0
 10628 ;;      Locals:         1       0       0       0       0       0       0       0       0
 10629 ;;      Temps:          1       0       0       0       0       0       0       0       0
 10630 ;;      Totals:         2       0       0       0       0       0       0       0       0
 10631 ;;Total ram usage:        2 bytes
 10632 ;; Hardware stack levels used: 1
 10633 ;; This function calls:
 10634 ;;		Nothing
 10635 ;; This function is called by:
 10636 ;;		_LCD_String
 10637 ;; This function uses a non-reentrant model
 10638 ;;
 10639                           
 10640                           	psect	text42
 10641   0042F4                     __ptext42:
 10642                           	callstack 0
 10643   0042F4                     _LCD_Char:
 10644                           	callstack 27
 10645                           
 10646                           ;incstack = 0
 10647                           ;LCD_Char@data stored from wreg
 10648   0042F4  6E02               	movwf	LCD_Char@data^0,c
 10649   0042F6                     
 10650                           ;GPS_I2C.c: 103: void LCD_Char(unsigned char data);GPS_I2C.c: 104: {;GPS_I2C.c: 105:    
      +                           LATBbits.LATB0 = 1;
 10651   0042F6  808A               	bsf	138,0,c	;volatile
 10652   0042F8                     
 10653                           ;GPS_I2C.c: 106:     LATB = (LATB & 0xC3) | ((data >> 2) & 0x3C);
 10654   0042F8  C002  F001         	movff	LCD_Char@data,??_LCD_Char
 10655   0042FC  90D8               	bcf	status,0,c
 10656   0042FE  3201               	rrcf	??_LCD_Char^0,f,c
 10657   004300  90D8               	bcf	status,0,c
 10658   004302  3201               	rrcf	??_LCD_Char^0,f,c
 10659   004304  0E3C               	movlw	60
 10660   004306  1601               	andwf	??_LCD_Char^0,f,c
 10661   004308  508A               	movf	138,w,c	;volatile
 10662   00430A  0BC3               	andlw	195
 10663   00430C  1001               	iorwf	??_LCD_Char^0,w,c
 10664   00430E  6E8A               	movwf	138,c	;volatile
 10665   004310                     
 10666                           ;GPS_I2C.c: 107:     LATBbits.LATB1 = 1;
 10667   004310  828A               	bsf	138,1,c	;volatile
 10668   004312                     
 10669                           ;GPS_I2C.c: 108:     _delay((unsigned long)((2)*(8000000UL/4000.0)));
 10670   004312  0E06               	movlw	6
 10671   004314  6E01               	movwf	??_LCD_Char^0,c
 10672   004316  0E30               	movlw	48
 10673   004318                     u6427:
 10674   004318  2EE8               	decfsz	wreg,f,c
 10675   00431A  D7FE               	bra	u6427
 10676   00431C  2E01               	decfsz	??_LCD_Char^0,f,c
 10677   00431E  D7FC               	bra	u6427
 10678   004320  D000               	nop2	
 10679   004322                     
 10680                           ;GPS_I2C.c: 109:     LATBbits.LATB1 = 0;
 10681   004322  928A               	bcf	138,1,c	;volatile
 10682   004324                     
 10683                           ;GPS_I2C.c: 110:     LATB = (LATB & 0xC3) | ((data << 2) & 0x3C);
 10684   004324  C002  F001         	movff	LCD_Char@data,??_LCD_Char
 10685   004328  90D8               	bcf	status,0,c
 10686   00432A  3601               	rlcf	??_LCD_Char^0,f,c
 10687   00432C  90D8               	bcf	status,0,c
 10688   00432E  3601               	rlcf	??_LCD_Char^0,f,c
 10689   004330  0E3C               	movlw	60
 10690   004332  1601               	andwf	??_LCD_Char^0,f,c
 10691   004334  508A               	movf	138,w,c	;volatile
 10692   004336  0BC3               	andlw	195
 10693   004338  1001               	iorwf	??_LCD_Char^0,w,c
 10694   00433A  6E8A               	movwf	138,c	;volatile
 10695   00433C                     
 10696                           ;GPS_I2C.c: 111:     LATBbits.LATB1 = 1;
 10697   00433C  828A               	bsf	138,1,c	;volatile
 10698                           
 10699                           ;GPS_I2C.c: 112:     _delay((unsigned long)((2)*(8000000UL/4000.0)));
 10700   00433E  0E06               	movlw	6
 10701   004340  6E01               	movwf	??_LCD_Char^0,c
 10702   004342  0E30               	movlw	48
 10703   004344                     u6437:
 10704   004344  2EE8               	decfsz	wreg,f,c
 10705   004346  D7FE               	bra	u6437
 10706   004348  2E01               	decfsz	??_LCD_Char^0,f,c
 10707   00434A  D7FC               	bra	u6437
 10708   00434C  D000               	nop2	
 10709   00434E                     
 10710                           ;GPS_I2C.c: 113:     LATBbits.LATB1 = 0;
 10711   00434E  928A               	bcf	138,1,c	;volatile
 10712   004350  0012               	return		;funcret
 10713   004352                     __end_of_LCD_Char:
 10714                           	callstack 0
 10715                           
 10716 ;; *************** function _LCD_Set_Cursor *****************
 10717 ;; Defined at:
 10718 ;;		line 138 in file "GPS_I2C.c"
 10719 ;; Parameters:    Size  Location     Type
 10720 ;;  row             1    wreg     unsigned char 
 10721 ;;  col             1    2[COMRAM] unsigned char 
 10722 ;; Auto vars:     Size  Location     Type
 10723 ;;  row             1    3[COMRAM] unsigned char 
 10724 ;;  pos             1    4[COMRAM] unsigned char 
 10725 ;; Return value:  Size  Location     Type
 10726 ;;                  1    wreg      void 
 10727 ;; Registers used:
 10728 ;;		wreg, status,2, status,0, cstack
 10729 ;; Tracked objects:
 10730 ;;		On entry : 0/0
 10731 ;;		On exit  : 0/0
 10732 ;;		Unchanged: 0/0
 10733 ;; Data sizes:     COMRAM   BANK0   BANK1   BANK2   BANK3   BANK4   BANK5   BANK6   BANK7
 10734 ;;      Params:         1       0       0       0       0       0       0       0       0
 10735 ;;      Locals:         2       0       0       0       0       0       0       0       0
 10736 ;;      Temps:          0       0       0       0       0       0       0       0       0
 10737 ;;      Totals:         3       0       0       0       0       0       0       0       0
 10738 ;;Total ram usage:        3 bytes
 10739 ;; Hardware stack levels used: 1
 10740 ;; Hardware stack levels required when called: 1
 10741 ;; This function calls:
 10742 ;;		_LCD_Command
 10743 ;; This function is called by:
 10744 ;;		_display_latlon
 10745 ;; This function uses a non-reentrant model
 10746 ;;
 10747                           
 10748                           	psect	text43
 10749   004774                     __ptext43:
 10750                           	callstack 0
 10751   004774                     _LCD_Set_Cursor:
 10752                           	callstack 27
 10753                           
 10754                           ;incstack = 0
 10755                           ;LCD_Set_Cursor@row stored from wreg
 10756   004774  6E04               	movwf	LCD_Set_Cursor@row^0,c
 10757   004776                     
 10758                           ;GPS_I2C.c: 138: void LCD_Set_Cursor(unsigned char row, unsigned char col);GPS_I2C.c: 13
      +                          9: {;GPS_I2C.c: 140:     unsigned char pos;;GPS_I2C.c: 141:     if (row == 1)
 10759   004776  0404               	decf	LCD_Set_Cursor@row^0,w,c
 10760   004778  A4D8               	btfss	status,2,c
 10761   00477A  EFC1  F023         	goto	u5071
 10762   00477E  EFC3  F023         	goto	u5070
 10763   004782                     u5071:
 10764   004782  EFC8  F023         	goto	l4161
 10765   004786                     u5070:
 10766   004786                     
 10767                           ;GPS_I2C.c: 142:         pos = 0x80 + (col - 1);
 10768   004786  5003               	movf	LCD_Set_Cursor@col^0,w,c
 10769   004788  0F7F               	addlw	127
 10770   00478A  6E05               	movwf	LCD_Set_Cursor@pos^0,c
 10771   00478C  EFCB  F023         	goto	l4163
 10772   004790                     l4161:
 10773                           
 10774                           ;GPS_I2C.c: 144:         pos = 0xC0 + (col - 1);
 10775   004790  5003               	movf	LCD_Set_Cursor@col^0,w,c
 10776   004792  0FBF               	addlw	191
 10777   004794  6E05               	movwf	LCD_Set_Cursor@pos^0,c
 10778   004796                     l4163:
 10779                           
 10780                           ;GPS_I2C.c: 145:     LCD_Command(pos);
 10781   004796  5005               	movf	LCD_Set_Cursor@pos^0,w,c
 10782   004798  ECA9  F021         	call	_LCD_Command
 10783   00479C  0012               	return		;funcret
 10784   00479E                     __end_of_LCD_Set_Cursor:
 10785                           	callstack 0
 10786                           
 10787 ;; *************** function _LCD_Clear *****************
 10788 ;; Defined at:
 10789 ;;		line 132 in file "GPS_I2C.c"
 10790 ;; Parameters:    Size  Location     Type
 10791 ;;		None
 10792 ;; Auto vars:     Size  Location     Type
 10793 ;;		None
 10794 ;; Return value:  Size  Location     Type
 10795 ;;                  1    wreg      void 
 10796 ;; Registers used:
 10797 ;;		wreg, status,2, status,0, cstack
 10798 ;; Tracked objects:
 10799 ;;		On entry : 0/0
 10800 ;;		On exit  : 0/0
 10801 ;;		Unchanged: 0/0
 10802 ;; Data sizes:     COMRAM   BANK0   BANK1   BANK2   BANK3   BANK4   BANK5   BANK6   BANK7
 10803 ;;      Params:         0       0       0       0       0       0       0       0       0
 10804 ;;      Locals:         0       0       0       0       0       0       0       0       0
 10805 ;;      Temps:          1       0       0       0       0       0       0       0       0
 10806 ;;      Totals:         1       0       0       0       0       0       0       0       0
 10807 ;;Total ram usage:        1 bytes
 10808 ;; Hardware stack levels used: 1
 10809 ;; Hardware stack levels required when called: 1
 10810 ;; This function calls:
 10811 ;;		_LCD_Command
 10812 ;; This function is called by:
 10813 ;;		_main
 10814 ;;		_display_latlon
 10815 ;; This function uses a non-reentrant model
 10816 ;;
 10817                           
 10818                           	psect	text44
 10819   0047E6                     __ptext44:
 10820                           	callstack 0
 10821   0047E6                     _LCD_Clear:
 10822                           	callstack 27
 10823   0047E6                     
 10824                           ;GPS_I2C.c: 134:     LCD_Command(0x01);
 10825   0047E6  0E01               	movlw	1
 10826   0047E8  ECA9  F021         	call	_LCD_Command
 10827   0047EC                     
 10828                           ;GPS_I2C.c: 135:     _delay((unsigned long)((2)*(8000000UL/4000.0)));
 10829   0047EC  0E06               	movlw	6
 10830   0047EE  6E03               	movwf	??_LCD_Clear^0,c
 10831   0047F0  0E30               	movlw	48
 10832   0047F2                     u6447:
 10833   0047F2  2EE8               	decfsz	wreg,f,c
 10834   0047F4  D7FE               	bra	u6447
 10835   0047F6  2E03               	decfsz	??_LCD_Clear^0,f,c
 10836   0047F8  D7FC               	bra	u6447
 10837   0047FA  D000               	nop2	
 10838   0047FC  0012               	return		;funcret
 10839   0047FE                     __end_of_LCD_Clear:
 10840                           	callstack 0
 10841                           
 10842 ;; *************** function _UART_Read *****************
 10843 ;; Defined at:
 10844 ;;		line 167 in file "GPS_I2C.c"
 10845 ;; Parameters:    Size  Location     Type
 10846 ;;		None
 10847 ;; Auto vars:     Size  Location     Type
 10848 ;;		None
 10849 ;; Return value:  Size  Location     Type
 10850 ;;                  1    wreg      unsigned char 
 10851 ;; Registers used:
 10852 ;;		wreg, status,2
 10853 ;; Tracked objects:
 10854 ;;		On entry : 0/0
 10855 ;;		On exit  : 0/0
 10856 ;;		Unchanged: 0/0
 10857 ;; Data sizes:     COMRAM   BANK0   BANK1   BANK2   BANK3   BANK4   BANK5   BANK6   BANK7
 10858 ;;      Params:         0       0       0       0       0       0       0       0       0
 10859 ;;      Locals:         0       0       0       0       0       0       0       0       0
 10860 ;;      Temps:          0       0       0       0       0       0       0       0       0
 10861 ;;      Totals:         0       0       0       0       0       0       0       0       0
 10862 ;;Total ram usage:        0 bytes
 10863 ;; Hardware stack levels used: 1
 10864 ;; This function calls:
 10865 ;;		Nothing
 10866 ;; This function is called by:
 10867 ;;		_main
 10868 ;; This function uses a non-reentrant model
 10869 ;;
 10870                           
 10871                           	psect	text45
 10872   004812                     __ptext45:
 10873                           	callstack 0
 10874   004812                     _UART_Read:
 10875                           	callstack 30
 10876   004812                     l107:
 10877   004812  AA9E               	btfss	158,5,c	;volatile
 10878   004814  EF0E  F024         	goto	u6221
 10879   004818  EF10  F024         	goto	u6220
 10880   00481C                     u6221:
 10881   00481C  EF09  F024         	goto	l107
 10882   004820                     u6220:
 10883   004820                     
 10884                           ;GPS_I2C.c: 170:     return RCREG;
 10885   004820  50AE               	movf	174,w,c	;volatile
 10886   004822  0012               	return		;funcret
 10887   004824                     __end_of_UART_Read:
 10888                           	callstack 0
 10889                           
 10890 ;; *************** function _UART_Init *****************
 10891 ;; Defined at:
 10892 ;;		line 149 in file "GPS_I2C.c"
 10893 ;; Parameters:    Size  Location     Type
 10894 ;;		None
 10895 ;; Auto vars:     Size  Location     Type
 10896 ;;		None
 10897 ;; Return value:  Size  Location     Type
 10898 ;;                  1    wreg      void 
 10899 ;; Registers used:
 10900 ;;		wreg, status,2
 10901 ;; Tracked objects:
 10902 ;;		On entry : 0/0
 10903 ;;		On exit  : 0/0
 10904 ;;		Unchanged: 0/0
 10905 ;; Data sizes:     COMRAM   BANK0   BANK1   BANK2   BANK3   BANK4   BANK5   BANK6   BANK7
 10906 ;;      Params:         0       0       0       0       0       0       0       0       0
 10907 ;;      Locals:         0       0       0       0       0       0       0       0       0
 10908 ;;      Temps:          0       0       0       0       0       0       0       0       0
 10909 ;;      Totals:         0       0       0       0       0       0       0       0       0
 10910 ;;Total ram usage:        0 bytes
 10911 ;; Hardware stack levels used: 1
 10912 ;; This function calls:
 10913 ;;		Nothing
 10914 ;; This function is called by:
 10915 ;;		_main
 10916 ;; This function uses a non-reentrant model
 10917 ;;
 10918                           
 10919                           	psect	text46
 10920   004824                     __ptext46:
 10921                           	callstack 0
 10922   004824                     _UART_Init:
 10923                           	callstack 30
 10924   004824                     
 10925                           ;GPS_I2C.c: 151:     TRISCbits.TRISC6 = 0;
 10926   004824  9C94               	bcf	148,6,c	;volatile
 10927                           
 10928                           ;GPS_I2C.c: 152:     TRISCbits.TRISC7 = 1;
 10929   004826  8E94               	bsf	148,7,c	;volatile
 10930   004828                     
 10931                           ;GPS_I2C.c: 154:     SPBRG = 51;
 10932   004828  0E33               	movlw	51
 10933   00482A  6EAF               	movwf	175,c	;volatile
 10934   00482C                     
 10935                           ;GPS_I2C.c: 155:     TXSTAbits.BRGH = 1;
 10936   00482C  84AC               	bsf	172,2,c	;volatile
 10937   00482E                     
 10938                           ;GPS_I2C.c: 156:     RCSTAbits.SPEN = 1;
 10939   00482E  8EAB               	bsf	171,7,c	;volatile
 10940   004830                     
 10941                           ;GPS_I2C.c: 157:     TXSTAbits.TXEN = 1;
 10942   004830  8AAC               	bsf	172,5,c	;volatile
 10943   004832                     
 10944                           ;GPS_I2C.c: 158:     RCSTAbits.CREN = 1;
 10945   004832  88AB               	bsf	171,4,c	;volatile
 10946   004834  0012               	return		;funcret
 10947   004836                     __end_of_UART_Init:
 10948                           	callstack 0
 10949                           
 10950 ;; *************** function _UART_Data_Ready *****************
 10951 ;; Defined at:
 10952 ;;		line 173 in file "GPS_I2C.c"
 10953 ;; Parameters:    Size  Location     Type
 10954 ;;		None
 10955 ;; Auto vars:     Size  Location     Type
 10956 ;;		None
 10957 ;; Return value:  Size  Location     Type
 10958 ;;                  1    wreg      unsigned char 
 10959 ;; Registers used:
 10960 ;;		wreg
 10961 ;; Tracked objects:
 10962 ;;		On entry : 0/0
 10963 ;;		On exit  : 0/0
 10964 ;;		Unchanged: 0/0
 10965 ;; Data sizes:     COMRAM   BANK0   BANK1   BANK2   BANK3   BANK4   BANK5   BANK6   BANK7
 10966 ;;      Params:         0       0       0       0       0       0       0       0       0
 10967 ;;      Locals:         0       0       0       0       0       0       0       0       0
 10968 ;;      Temps:          0       0       0       0       0       0       0       0       0
 10969 ;;      Totals:         0       0       0       0       0       0       0       0       0
 10970 ;;Total ram usage:        0 bytes
 10971 ;; Hardware stack levels used: 1
 10972 ;; This function calls:
 10973 ;;		Nothing
 10974 ;; This function is called by:
 10975 ;;		_main
 10976 ;; This function uses a non-reentrant model
 10977 ;;
 10978                           
 10979                           	psect	text47
 10980   0047FE                     __ptext47:
 10981                           	callstack 0
 10982   0047FE                     _UART_Data_Ready:
 10983                           	callstack 30
 10984   0047FE                     
 10985                           ;GPS_I2C.c: 175:     return PIR1bits.RCIF;
 10986   0047FE  BA9E               	btfsc	158,5,c	;volatile
 10987   004800  EF04  F024         	goto	u6211
 10988   004804  EF07  F024         	goto	u6210
 10989   004808                     u6211:
 10990   004808  0E01               	movlw	1
 10991   00480A  EF08  F024         	goto	u6216
 10992   00480E                     u6210:
 10993   00480E  0E00               	movlw	0
 10994   004810                     u6216:
 10995   004810  0012               	return		;funcret
 10996   004812                     __end_of_UART_Data_Ready:
 10997                           	callstack 0
 10998                           
 10999 ;; *************** function _LCD_Init *****************
 11000 ;; Defined at:
 11001 ;;		line 116 in file "GPS_I2C.c"
 11002 ;; Parameters:    Size  Location     Type
 11003 ;;		None
 11004 ;; Auto vars:     Size  Location     Type
 11005 ;;		None
 11006 ;; Return value:  Size  Location     Type
 11007 ;;                  1    wreg      void 
 11008 ;; Registers used:
 11009 ;;		wreg, status,2, status,0, cstack
 11010 ;; Tracked objects:
 11011 ;;		On entry : 0/0
 11012 ;;		On exit  : 0/0
 11013 ;;		Unchanged: 0/0
 11014 ;; Data sizes:     COMRAM   BANK0   BANK1   BANK2   BANK3   BANK4   BANK5   BANK6   BANK7
 11015 ;;      Params:         0       0       0       0       0       0       0       0       0
 11016 ;;      Locals:         0       0       0       0       0       0       0       0       0
 11017 ;;      Temps:          1       0       0       0       0       0       0       0       0
 11018 ;;      Totals:         1       0       0       0       0       0       0       0       0
 11019 ;;Total ram usage:        1 bytes
 11020 ;; Hardware stack levels used: 1
 11021 ;; Hardware stack levels required when called: 1
 11022 ;; This function calls:
 11023 ;;		_LCD_Command
 11024 ;; This function is called by:
 11025 ;;		_main
 11026 ;; This function uses a non-reentrant model
 11027 ;;
 11028                           
 11029                           	psect	text48
 11030   00471A                     __ptext48:
 11031                           	callstack 0
 11032   00471A                     _LCD_Init:
 11033                           	callstack 29
 11034   00471A                     
 11035                           ;GPS_I2C.c: 118:     _delay((unsigned long)((20)*(8000000UL/4000.0)));
 11036   00471A  0E34               	movlw	52
 11037   00471C  6E03               	movwf	??_LCD_Init^0,c
 11038   00471E  0EF2               	movlw	242
 11039   004720                     u6457:
 11040   004720  2EE8               	decfsz	wreg,f,c
 11041   004722  D7FE               	bra	u6457
 11042   004724  2E03               	decfsz	??_LCD_Init^0,f,c
 11043   004726  D7FC               	bra	u6457
 11044   004728                     
 11045                           ;GPS_I2C.c: 119:     LCD_Command(0x02);
 11046   004728  0E02               	movlw	2
 11047   00472A  ECA9  F021         	call	_LCD_Command
 11048   00472E                     
 11049                           ;GPS_I2C.c: 120:     LCD_Command(0x28);
 11050   00472E  0E28               	movlw	40
 11051   004730  ECA9  F021         	call	_LCD_Command
 11052   004734                     
 11053                           ;GPS_I2C.c: 121:     LCD_Command(0x0C);
 11054   004734  0E0C               	movlw	12
 11055   004736  ECA9  F021         	call	_LCD_Command
 11056   00473A                     
 11057                           ;GPS_I2C.c: 122:     LCD_Command(0x06);
 11058   00473A  0E06               	movlw	6
 11059   00473C  ECA9  F021         	call	_LCD_Command
 11060   004740                     
 11061                           ;GPS_I2C.c: 123:     LCD_Command(0x01);
 11062   004740  0E01               	movlw	1
 11063   004742  ECA9  F021         	call	_LCD_Command
 11064   004746  0012               	return		;funcret
 11065   004748                     __end_of_LCD_Init:
 11066                           	callstack 0
 11067                           
 11068 ;; *************** function _LCD_Command *****************
 11069 ;; Defined at:
 11070 ;;		line 90 in file "GPS_I2C.c"
 11071 ;; Parameters:    Size  Location     Type
 11072 ;;  cmd             1    wreg     unsigned char 
 11073 ;; Auto vars:     Size  Location     Type
 11074 ;;  cmd             1    1[COMRAM] unsigned char 
 11075 ;; Return value:  Size  Location     Type
 11076 ;;                  1    wreg      void 
 11077 ;; Registers used:
 11078 ;;		wreg, status,2, status,0
 11079 ;; Tracked objects:
 11080 ;;		On entry : 0/0
 11081 ;;		On exit  : 0/0
 11082 ;;		Unchanged: 0/0
 11083 ;; Data sizes:     COMRAM   BANK0   BANK1   BANK2   BANK3   BANK4   BANK5   BANK6   BANK7
 11084 ;;      Params:         0       0       0       0       0       0       0       0       0
 11085 ;;      Locals:         1       0       0       0       0       0       0       0       0
 11086 ;;      Temps:          1       0       0       0       0       0       0       0       0
 11087 ;;      Totals:         2       0       0       0       0       0       0       0       0
 11088 ;;Total ram usage:        2 bytes
 11089 ;; Hardware stack levels used: 1
 11090 ;; This function calls:
 11091 ;;		Nothing
 11092 ;; This function is called by:
 11093 ;;		_LCD_Init
 11094 ;;		_LCD_Clear
 11095 ;;		_LCD_Set_Cursor
 11096 ;; This function uses a non-reentrant model
 11097 ;;
 11098                           
 11099                           	psect	text49
 11100   004352                     __ptext49:
 11101                           	callstack 0
 11102   004352                     _LCD_Command:
 11103                           	callstack 27
 11104                           
 11105                           ;incstack = 0
 11106                           ;LCD_Command@cmd stored from wreg
 11107   004352  6E02               	movwf	LCD_Command@cmd^0,c
 11108   004354                     
 11109                           ;GPS_I2C.c: 90: void LCD_Command(unsigned char cmd);GPS_I2C.c: 91: {;GPS_I2C.c: 92:     
      +                          LATBbits.LATB0 = 0;
 11110   004354  908A               	bcf	138,0,c	;volatile
 11111   004356                     
 11112                           ;GPS_I2C.c: 93:     LATB = (LATB & 0xC3) | ((cmd >> 2) & 0x3C);
 11113   004356  C002  F001         	movff	LCD_Command@cmd,??_LCD_Command
 11114   00435A  90D8               	bcf	status,0,c
 11115   00435C  3201               	rrcf	??_LCD_Command^0,f,c
 11116   00435E  90D8               	bcf	status,0,c
 11117   004360  3201               	rrcf	??_LCD_Command^0,f,c
 11118   004362  0E3C               	movlw	60
 11119   004364  1601               	andwf	??_LCD_Command^0,f,c
 11120   004366  508A               	movf	138,w,c	;volatile
 11121   004368  0BC3               	andlw	195
 11122   00436A  1001               	iorwf	??_LCD_Command^0,w,c
 11123   00436C  6E8A               	movwf	138,c	;volatile
 11124   00436E                     
 11125                           ;GPS_I2C.c: 94:     LATBbits.LATB1 = 1;
 11126   00436E  828A               	bsf	138,1,c	;volatile
 11127   004370                     
 11128                           ;GPS_I2C.c: 95:     _delay((unsigned long)((2)*(8000000UL/4000.0)));
 11129   004370  0E06               	movlw	6
 11130   004372  6E01               	movwf	??_LCD_Command^0,c
 11131   004374  0E30               	movlw	48
 11132   004376                     u6467:
 11133   004376  2EE8               	decfsz	wreg,f,c
 11134   004378  D7FE               	bra	u6467
 11135   00437A  2E01               	decfsz	??_LCD_Command^0,f,c
 11136   00437C  D7FC               	bra	u6467
 11137   00437E  D000               	nop2	
 11138   004380                     
 11139                           ;GPS_I2C.c: 96:     LATBbits.LATB1 = 0;
 11140   004380  928A               	bcf	138,1,c	;volatile
 11141   004382                     
 11142                           ;GPS_I2C.c: 97:     LATB = (LATB & 0xC3) | ((cmd << 2) & 0x3C);
 11143   004382  C002  F001         	movff	LCD_Command@cmd,??_LCD_Command
 11144   004386  90D8               	bcf	status,0,c
 11145   004388  3601               	rlcf	??_LCD_Command^0,f,c
 11146   00438A  90D8               	bcf	status,0,c
 11147   00438C  3601               	rlcf	??_LCD_Command^0,f,c
 11148   00438E  0E3C               	movlw	60
 11149   004390  1601               	andwf	??_LCD_Command^0,f,c
 11150   004392  508A               	movf	138,w,c	;volatile
 11151   004394  0BC3               	andlw	195
 11152   004396  1001               	iorwf	??_LCD_Command^0,w,c
 11153   004398  6E8A               	movwf	138,c	;volatile
 11154   00439A                     
 11155                           ;GPS_I2C.c: 98:     LATBbits.LATB1 = 1;
 11156   00439A  828A               	bsf	138,1,c	;volatile
 11157                           
 11158                           ;GPS_I2C.c: 99:     _delay((unsigned long)((2)*(8000000UL/4000.0)));
 11159   00439C  0E06               	movlw	6
 11160   00439E  6E01               	movwf	??_LCD_Command^0,c
 11161   0043A0  0E30               	movlw	48
 11162   0043A2                     u6477:
 11163   0043A2  2EE8               	decfsz	wreg,f,c
 11164   0043A4  D7FE               	bra	u6477
 11165   0043A6  2E01               	decfsz	??_LCD_Command^0,f,c
 11166   0043A8  D7FC               	bra	u6477
 11167   0043AA  D000               	nop2	
 11168   0043AC                     
 11169                           ;GPS_I2C.c: 100:     LATBbits.LATB1 = 0;
 11170   0043AC  928A               	bcf	138,1,c	;volatile
 11171   0043AE  0012               	return		;funcret
 11172   0043B0                     __end_of_LCD_Command:
 11173                           	callstack 0
 11174                           
 11175                           	psect	rparam
 11176   000001                     ___rparam_used  equ	1
 11177   000000                     ___param_bank   equ	0
 11178   000000                     __Lparam        equ	__Lrparam
 11179   000000                     __Hparam        equ	__Hrparam
 11180                           
 11181                           	psect	config
 11182                           
 11183                           ;Config register CONFIG1L @ 0x300000
 11184                           ;	unspecified, using default values
 11185                           ;	PLL Prescaler Selection bits
 11186                           ;	PLLDIV = 0x0, unprogrammed default
 11187                           ;	System Clock Postscaler Selection bits
 11188                           ;	CPUDIV = 0x0, unprogrammed default
 11189                           ;	USB Clock Selection bit (used in Full-Speed USB mode only; UCFG:FSEN = 1)
 11190                           ;	USBDIV = 0x0, unprogrammed default
 11191   300000                     	org	3145728
 11192   300000  00                 	db	0
 11193                           
 11194                           ;Config register CONFIG1H @ 0x300001
 11195                           ;	Oscillator Selection bits
 11196                           ;	FOSC = INTOSCIO_EC, Internal oscillator, port function on RA6, EC used by USB (INTIO)
 11197                           ;	Fail-Safe Clock Monitor Enable bit
 11198                           ;	FCMEN = 0x0, unprogrammed default
 11199                           ;	Internal/External Oscillator Switchover bit
 11200                           ;	IESO = 0x0, unprogrammed default
 11201   300001                     	org	3145729
 11202   300001  08                 	db	8
 11203                           
 11204                           ;Config register CONFIG2L @ 0x300002
 11205                           ;	unspecified, using default values
 11206                           ;	Power-up Timer Enable bit
 11207                           ;	PWRT = 0x1, unprogrammed default
 11208                           ;	Brown-out Reset Enable bits
 11209                           ;	BOR = 0x3, unprogrammed default
 11210                           ;	Brown-out Reset Voltage bits
 11211                           ;	BORV = 0x3, unprogrammed default
 11212                           ;	USB Voltage Regulator Enable bit
 11213                           ;	VREGEN = 0x0, unprogrammed default
 11214   300002                     	org	3145730
 11215   300002  1F                 	db	31
 11216                           
 11217                           ;Config register CONFIG2H @ 0x300003
 11218                           ;	Watchdog Timer Enable bit
 11219                           ;	WDT = OFF, WDT disabled (control is placed on the SWDTEN bit)
 11220                           ;	Watchdog Timer Postscale Select bits
 11221                           ;	WDTPS = 0xF, unprogrammed default
 11222   300003                     	org	3145731
 11223   300003  1E                 	db	30
 11224                           
 11225                           ; Padding undefined space
 11226   300004                     	org	3145732
 11227   300004  FF                 	db	255
 11228                           
 11229                           ;Config register CONFIG3H @ 0x300005
 11230                           ;	CCP2 MUX bit
 11231                           ;	CCP2MX = 0x1, unprogrammed default
 11232                           ;	PORTB A/D Enable bit
 11233                           ;	PBADEN = OFF, PORTB<4:0> pins are configured as digital I/O on Reset
 11234                           ;	Low-Power Timer 1 Oscillator Enable bit
 11235                           ;	LPT1OSC = 0x0, unprogrammed default
 11236                           ;	MCLR Pin Enable bit
 11237                           ;	MCLRE = ON, MCLR pin enabled; RE3 input pin disabled
 11238   300005                     	org	3145733
 11239   300005  81                 	db	129
 11240                           
 11241                           ;Config register CONFIG4L @ 0x300006
 11242                           ;	Stack Full/Underflow Reset Enable bit
 11243                           ;	STVREN = 0x1, unprogrammed default
 11244                           ;	Single-Supply ICSP Enable bit
 11245                           ;	LVP = OFF, Single-Supply ICSP disabled
 11246                           ;	Dedicated In-Circuit Debug/Programming Port (ICPORT) Enable bit
 11247                           ;	ICPRT = 0x0, unprogrammed default
 11248                           ;	Extended Instruction Set Enable bit
 11249                           ;	XINST = 0x0, unprogrammed default
 11250                           ;	Background Debugger Enable bit
 11251                           ;	DEBUG = 0x1, unprogrammed default
 11252   300006                     	org	3145734
 11253   300006  81                 	db	129
 11254                           
 11255                           ; Padding undefined space
 11256   300007                     	org	3145735
 11257   300007  FF                 	db	255
 11258                           tosu	equ	0xFFF
 11259                           tosh	equ	0xFFE
 11260                           tosl	equ	0xFFD
 11261                           stkptr	equ	0xFFC
 11262                           pclatu	equ	0xFFB
 11263                           pclath	equ	0xFFA
 11264                           pcl	equ	0xFF9
 11265                           tblptru	equ	0xFF8
 11266                           tblptrh	equ	0xFF7
 11267                           tblptrl	equ	0xFF6
 11268                           tablat	equ	0xFF5
 11269                           prodh	equ	0xFF4
 11270                           prodl	equ	0xFF3
 11271                           indf0	equ	0xFEF
 11272                           postinc0	equ	0xFEE
 11273                           postdec0	equ	0xFED
 11274                           preinc0	equ	0xFEC
 11275                           plusw0	equ	0xFEB
 11276                           fsr0h	equ	0xFEA
 11277                           fsr0l	equ	0xFE9
 11278                           wreg	equ	0xFE8
 11279                           indf1	equ	0xFE7
 11280                           postinc1	equ	0xFE6
 11281                           postdec1	equ	0xFE5
 11282                           preinc1	equ	0xFE4
 11283                           plusw1	equ	0xFE3
 11284                           fsr1h	equ	0xFE2
 11285                           fsr1l	equ	0xFE1
 11286                           bsr	equ	0xFE0
 11287                           indf2	equ	0xFDF
 11288                           postinc2	equ	0xFDE
 11289                           postdec2	equ	0xFDD
 11290                           preinc2	equ	0xFDC
 11291                           plusw2	equ	0xFDB
 11292                           fsr2h	equ	0xFDA
 11293                           fsr2l	equ	0xFD9
 11294                           status	equ	0xFD8

Data Sizes:
    Strings     83
    Constant    0
    Data        0
    BSS         243
    Persistent  0
    Stack       0

Auto Spaces:
    Space          Size  Autos    Used
    COMRAM           95     85      92
    BANK0           160     80     136
    BANK1           256    154     234
    BANK2           256      0     100
    BANK3           256      0       0
    BANK4           256      0       0
    BANK5           256      0       0
    BANK6           256      0       0
    BANK7           256      0       0

Pointer List with Targets:

    efgtoa@fp	PTR struct _IO_FILE size(1) Largest target is 11
		 -> sprintf@f(COMRAM[11]), 

    f$.$buffer	PTR unsigned char  size(1) Largest target is 17
		 -> display_latlon@buf(BANK0[17]), 

    f$.$source	PTR const unsigned char  size(2) Largest target is 0

    fputc@fp	PTR struct _IO_FILE size(1) Largest target is 11
		 -> sprintf@f(COMRAM[11]), 

    fputc@fp$.$buffer	PTR unsigned char  size(1) Largest target is 17
		 -> display_latlon@buf(BANK0[17]), 

    fputc@fp$.$source	PTR const unsigned char  size(2) Largest target is 0

    fputs@fp	PTR struct _IO_FILE size(1) Largest target is 11
		 -> sprintf@f(COMRAM[11]), 

    fputs@s	PTR const unsigned char  size(2) Largest target is 80
		 -> dbuf(BANK1[80]), 

    LCD_String@msg	PTR const unsigned char  size(2) Largest target is 17
		 -> display_latlon@buf(BANK0[17]), STR_1(CODE[17]), 

    memcpy@d	PTR unsigned char  size(2) Largest target is 80
		 -> dbuf(BANK1[80]), 

    memcpy@d1	PTR void  size(2) Largest target is 80
		 -> dbuf(BANK1[80]), 

    memcpy@s	PTR const unsigned char  size(2) Largest target is 80
		 -> dbuf(BANK1[80]), 

    memcpy@s1	PTR const void  size(2) Largest target is 80
		 -> dbuf(BANK1[80]), 

    nanf@s	PTR const unsigned char  size(1) Largest target is 1
		 -> STR_23(CODE[1]), 

    nmea_latlon_to_decimal@nmea	PTR const unsigned char  size(2) Largest target is 20
		 -> parse_nmea_line@lat_field(BANK1[20]), parse_nmea_line@lon_field(BANK1[20]), 

    pad@buf	PTR unsigned char  size(2) Largest target is 80
		 -> dbuf(BANK1[80]), 

    pad@fp	PTR struct _IO_FILE size(1) Largest target is 11
		 -> sprintf@f(COMRAM[11]), 

    parse_nmea_line@line	PTR const unsigned char  size(2) Largest target is 100
		 -> nmea_buffer(BANK2[100]), 

    parse_nmea_line@token	PTR unsigned char  size(2) Largest target is 100
		 -> parse_nmea_line@tmp(BANK1[100]), NULL(NULL[0]), 

    read_prec_or_width@ap	PTR PTR void [1] size(1) Largest target is 1
		 -> sprintf@ap(COMRAM[1]), 

    read_prec_or_width@fmt	PTR PTR const unsigned char  size(1) Largest target is 1
		 -> vfprintf@cfmt(COMRAM[1]), 

    S871$buffer	PTR unsigned char  size(1) Largest target is 17
		 -> display_latlon@buf(BANK0[17]), 

    S871$source	PTR const unsigned char  size(2) Largest target is 0

    sp__memcpy	PTR void  size(2) Largest target is 80
		 -> dbuf(BANK1[80]), 

    sp__strchr	PTR unsigned char  size(1) Largest target is 2
		 -> STR_4(CODE[2]), STR_6(CODE[2]), NULL(NULL[0]), 

    sp__strcpy	PTR unsigned char  size(2) Largest target is 80
		 -> dbuf(BANK1[80]), parse_nmea_line@lat_field(BANK1[20]), parse_nmea_line@lon_field(BANK1[20]), 

    sp__strncpy	PTR unsigned char  size(2) Largest target is 100
		 -> nmea_latlon_to_decimal@deg_str(COMRAM[4]), parse_nmea_line@tmp(BANK1[100]), 

    sp__strtok	PTR unsigned char  size(2) Largest target is 100
		 -> parse_nmea_line@tmp(BANK1[100]), NULL(NULL[0]), 

    sprintf@ap	PTR void [1] size(1) Largest target is 2
		 -> ?_sprintf(BANK0[2]), 

    sprintf@fmt	PTR const unsigned char  size(1) Largest target is 10
		 -> STR_7(CODE[10]), STR_8(CODE[10]), 

    sprintf@s	PTR unsigned char  size(1) Largest target is 17
		 -> display_latlon@buf(BANK0[17]), 

    strchr@s	PTR const unsigned char  size(1) Largest target is 2
		 -> STR_4(CODE[2]), STR_6(CODE[2]), 

    strcpy@d	PTR unsigned char  size(2) Largest target is 80
		 -> dbuf(BANK1[80]), parse_nmea_line@lat_field(BANK1[20]), parse_nmea_line@lon_field(BANK1[20]), 

    strcpy@dest	PTR unsigned char  size(2) Largest target is 80
		 -> dbuf(BANK1[80]), parse_nmea_line@lat_field(BANK1[20]), parse_nmea_line@lon_field(BANK1[20]), 

    strcpy@src	PTR const unsigned char  size(2) Largest target is 100
		 -> parse_nmea_line@tmp(BANK1[100]), STR_12(CODE[4]), STR_9(CODE[4]), NULL(NULL[0]), 

    strcspn@c	PTR const unsigned char  size(1) Largest target is 2
		 -> STR_4(CODE[2]), STR_6(CODE[2]), 

    strcspn@s	PTR const unsigned char  size(2) Largest target is 100
		 -> parse_nmea_line@tmp(BANK1[100]), NULL(NULL[0]), 

    strlen@a	PTR const unsigned char  size(2) Largest target is 20
		 -> parse_nmea_line@lat_field(BANK1[20]), parse_nmea_line@lon_field(BANK1[20]), 

    strlen@s	PTR const unsigned char  size(2) Largest target is 20
		 -> parse_nmea_line@lat_field(BANK1[20]), parse_nmea_line@lon_field(BANK1[20]), 

    strncmp@l	PTR const unsigned char  size(2) Largest target is 100
		 -> nmea_buffer(BANK2[100]), 

    strncmp@r	PTR const unsigned char  size(1) Largest target is 7
		 -> STR_2(CODE[7]), STR_3(CODE[7]), STR_5(CODE[7]), 

    strncpy@cp	PTR unsigned char  size(2) Largest target is 100
		 -> nmea_latlon_to_decimal@deg_str(COMRAM[4]), parse_nmea_line@tmp(BANK1[100]), 

    strncpy@d	PTR unsigned char  size(2) Largest target is 100
		 -> nmea_latlon_to_decimal@deg_str(COMRAM[4]), parse_nmea_line@tmp(BANK1[100]), 

    strncpy@s	PTR const unsigned char  size(2) Largest target is 100
		 -> nmea_buffer(BANK2[100]), parse_nmea_line@lat_field(BANK1[20]), parse_nmea_line@lon_field(BANK1[20]), 

    strspn@c	PTR const unsigned char  size(1) Largest target is 2
		 -> STR_4(CODE[2]), STR_6(CODE[2]), 

    strspn@s	PTR const unsigned char  size(2) Largest target is 100
		 -> parse_nmea_line@tmp(BANK1[100]), NULL(NULL[0]), 

    strtof@res	PTR PTR unsigned char  size(2) Largest target is 0
		 -> NULL(NULL[0]), 

    strtof@s	PTR const unsigned char  size(2) Largest target is 20
		 -> nmea_latlon_to_decimal@deg_str(COMRAM[4]), parse_nmea_line@lat_field(BANK1[20]), parse_nmea_line@lon_field(BANK1[20]), 

    strtok@p	PTR unsigned char  size(2) Largest target is 100
		 -> parse_nmea_line@tmp(BANK1[100]), NULL(NULL[0]), 

    strtok@s	PTR unsigned char  size(2) Largest target is 100
		 -> parse_nmea_line@tmp(BANK1[100]), NULL(NULL[0]), 

    strtok@sep	PTR const unsigned char  size(1) Largest target is 2
		 -> STR_4(CODE[2]), STR_6(CODE[2]), 

    vfpfcnvrt@ap	PTR PTR void  size(1) Largest target is 1
		 -> sprintf@ap(COMRAM[1]), 

    vfpfcnvrt@cp	PTR unsigned char  size(1) Largest target is 10
		 -> STR_7(CODE[10]), STR_8(CODE[10]), 

    vfpfcnvrt@fmt	PTR PTR unsigned char  size(1) Largest target is 1
		 -> vfprintf@cfmt(COMRAM[1]), 

    vfpfcnvrt@fp	PTR struct _IO_FILE size(1) Largest target is 11
		 -> sprintf@f(COMRAM[11]), 

    vfprintf@ap	PTR PTR void  size(1) Largest target is 1
		 -> sprintf@ap(COMRAM[1]), 

    vfprintf@cfmt	PTR unsigned char  size(1) Largest target is 10
		 -> STR_7(CODE[10]), STR_8(CODE[10]), 

    vfprintf@fmt	PTR const unsigned char  size(1) Largest target is 10
		 -> STR_7(CODE[10]), STR_8(CODE[10]), 

    vfprintf@fp	PTR struct _IO_FILE size(1) Largest target is 11
		 -> sprintf@f(COMRAM[11]), 


Critical Paths under _main in COMRAM

    _parse_nmea_line->_nmea_latlon_to_decimal
    _strtok->_strcspn
    _strtok->_strspn
    _strspn->_strchr
    _strcspn->_strchr
    _nmea_latlon_to_decimal->_strtof
    _strtof->___flge
    _display_latlon->_sprintf
    _sprintf->_vfprintf
    _vfprintf->_vfpfcnvrt
    _vfpfcnvrt->_efgtoa
    _efgtoa->___flsub
    _pad->_fputs
    _fputs->_fputc
    _floorf->___fldiv
    ___flsub->___fladd
    ___fladd->___fldiv
    ___flge->___flmul
    _LCD_String->_LCD_Char
    _LCD_Set_Cursor->_LCD_Command
    _LCD_Clear->_LCD_Command
    _LCD_Init->_LCD_Command

Critical Paths under _main in BANK0

    _main->_parse_nmea_line
    _parse_nmea_line->_display_latlon
    _display_latlon->_sprintf
    _sprintf->_vfprintf
    _vfpfcnvrt->_efgtoa

Critical Paths under _main in BANK1

    _main->_parse_nmea_line

Critical Paths under _main in BANK2

    None.

Critical Paths under _main in BANK3

    None.

Critical Paths under _main in BANK4

    None.

Critical Paths under _main in BANK5

    None.

Critical Paths under _main in BANK6

    None.

Critical Paths under _main in BANK7

    None.

Call Graph Tables:

 ---------------------------------------------------------------------------------
 (Depth) Function   	        Calls       Base Space   Used Autos Params    Refs
 ---------------------------------------------------------------------------------
 (0) _main                                                 1     1      0   27748
                                             84 COMRAM     1     1      0
                          _LCD_Clear
                           _LCD_Init
                         _LCD_String
                    _UART_Data_Ready
                          _UART_Init
                          _UART_Read
                    _parse_nmea_line
 ---------------------------------------------------------------------------------
 (1) _parse_nmea_line                                    156   154      2   27481
                                             78 BANK0      2     0      2
                                              0 BANK1    154   154      0
                     _display_latlon
             _nmea_latlon_to_decimal
                             _strcpy
                             _strlen
                            _strncmp
                            _strncpy
                             _strtok
 ---------------------------------------------------------------------------------
 (2) _strtok                                               3     0      3     552
                                             10 COMRAM     3     0      3
                            _strcspn
                             _strspn
 ---------------------------------------------------------------------------------
 (3) _strspn                                               6     3      3     185
                                              4 COMRAM     6     3      3
                             _strchr
 ---------------------------------------------------------------------------------
 (3) _strcspn                                              6     3      3     185
                                              4 COMRAM     6     3      3
                             _strchr
 ---------------------------------------------------------------------------------
 (4) _strchr                                               4     1      3      92
                                              0 COMRAM     4     1      3
 ---------------------------------------------------------------------------------
 (2) _strncmp                                              6     1      5     188
                                              0 COMRAM     6     1      5
 ---------------------------------------------------------------------------------
 (2) _nmea_latlon_to_decimal                              22    18      4   12818
                                             62 COMRAM    22    18      4
                            ___fladd
                            ___fldiv
                            ___flmul
                             _strlen
                            _strncpy
                             _strtof
 ---------------------------------------------------------------------------------
 (3) _strtof                                              25    21      4    7617
                                             37 COMRAM    25    21      4
                            ___fldiv
                             ___fleq
                             ___flge
                            ___flmul
                            ___flneg
                             ___lmul
                             ___wmul
                           ___xxtofl
                            _isdigit
                           _isxdigit
                               _nanf
                            _toupper
 ---------------------------------------------------------------------------------
 (4) _toupper                                              3     1      2      68
                                              0 COMRAM     3     1      2
 ---------------------------------------------------------------------------------
 (4) _nanf                                                 8     4      4      24
                                              0 COMRAM     8     4      4
 ---------------------------------------------------------------------------------
 (4) _isxdigit                                             7     5      2      71
                                              0 COMRAM     7     5      2
 ---------------------------------------------------------------------------------
 (4) _isdigit                                              4     2      2      28
                                              0 COMRAM     4     2      2
 ---------------------------------------------------------------------------------
 (4) ___xxtofl                                            14    10      4     337
                                              0 COMRAM    14    10      4
 ---------------------------------------------------------------------------------
 (4) ___wmul                                               6     2      4     161
                                              0 COMRAM     6     2      4
 ---------------------------------------------------------------------------------
 (4) ___lmul                                              12     4      8      94
                                              0 COMRAM    12     4      8
 ---------------------------------------------------------------------------------
 (2) _strncpy                                              8     2      6     147
                                              0 COMRAM     8     2      6
 ---------------------------------------------------------------------------------
 (2) _strlen                                               4     2      2      93
                                              0 COMRAM     4     2      2
 ---------------------------------------------------------------------------------
 (2) _display_latlon                                      25    17      8   12666
                                             53 BANK0     25    17      8
                          _LCD_Clear
                     _LCD_Set_Cursor
                         _LCD_String
                            _sprintf
 ---------------------------------------------------------------------------------
 (3) _sprintf                                             20    14      6   12205
                                             68 COMRAM    12    12      0
                                             47 BANK0      6     0      6
                           _vfprintf
 ---------------------------------------------------------------------------------
 (4) _vfprintf                                             4     1      3   11998
                                             67 COMRAM     1     1      0
                                             44 BANK0      3     0      3
                          _vfpfcnvrt
 ---------------------------------------------------------------------------------
 (5) _vfpfcnvrt                                           11     8      3   11864
                                             57 COMRAM    10     7      3
                             _efgtoa
                              _fputc
                 _read_prec_or_width
 ---------------------------------------------------------------------------------
 (6) _read_prec_or_width                                   7     5      2     182
                                              0 COMRAM     7     5      2
 ---------------------------------------------------------------------------------
 (6) _efgtoa                                              53    47      6   10934
                                             49 COMRAM     8     2      6
                                              0 BANK0     44    44      0
                            ___fladd
                            ___fldiv
                             ___fleq
                             ___flge
                            ___flmul
                            ___flneg
                            ___flsub
                            ___fltol
                      ___fpclassifyf
                             _floorf
                               _labs
                             _memcpy
                                _pad
                             _strcpy
 ---------------------------------------------------------------------------------
 (2) _strcpy                                               8     4      4      85
                                              0 COMRAM     8     4      4
 ---------------------------------------------------------------------------------
 (7) _pad                                                  8     3      5     707
                                             14 COMRAM     8     3      5
                              _fputc
                              _fputs
 ---------------------------------------------------------------------------------
 (8) _fputs                                                6     3      3     331
                                              8 COMRAM     6     3      3
                              _fputc
 ---------------------------------------------------------------------------------
 (6) _fputc                                                8     5      3     232
                                              0 COMRAM     8     5      3
                              _putch
 ---------------------------------------------------------------------------------
 (7) _putch                                                1     1      0       0
 ---------------------------------------------------------------------------------
 (7) _memcpy                                              11     5      6     146
                                              0 COMRAM    11     5      6
 ---------------------------------------------------------------------------------
 (7) _labs                                                 8     4      4      69
                                              0 COMRAM     8     4      4
 ---------------------------------------------------------------------------------
 (7) _floorf                                              20    16      4     340
                                             25 COMRAM    20    16      4
                            ___fldiv (ARG)
 ---------------------------------------------------------------------------------
 (7) ___fpclassifyf                                       14    10      4     137
                                              0 COMRAM    14    10      4
 ---------------------------------------------------------------------------------
 (7) ___fltol                                             10     6      4     232
                                              0 COMRAM    10     6      4
 ---------------------------------------------------------------------------------
 (7) ___flsub                                              8     0      8    2039
                                             41 COMRAM     8     0      8
                            ___fladd
                            ___flmul (ARG)
 ---------------------------------------------------------------------------------
 (3) ___fladd                                             16     8      8    1990
                                             25 COMRAM    16     8      8
                            ___fldiv (ARG)
 ---------------------------------------------------------------------------------
 (4) ___flneg                                              4     0      4      47
                                              0 COMRAM     4     0      4
 ---------------------------------------------------------------------------------
 (4) ___flmul                                             25    17      8    1484
                                              0 COMRAM    25    17      8
 ---------------------------------------------------------------------------------
 (4) ___flge                                              12     4      8     194
                                             25 COMRAM    12     4      8
                            ___flmul (ARG)
 ---------------------------------------------------------------------------------
 (4) ___fleq                                              12     4      8      96
                                              0 COMRAM    12     4      8
 ---------------------------------------------------------------------------------
 (4) ___fldiv                                             25    17      8    1137
                                              0 COMRAM    25    17      8
 ---------------------------------------------------------------------------------
 (3) _LCD_String                                           2     0      2     106
                                              2 COMRAM     2     0      2
                           _LCD_Char
 ---------------------------------------------------------------------------------
 (4) _LCD_Char                                             2     2      0      58
                                              0 COMRAM     2     2      0
 ---------------------------------------------------------------------------------
 (3) _LCD_Set_Cursor                                       3     2      1     157
                                              2 COMRAM     3     2      1
                        _LCD_Command
 ---------------------------------------------------------------------------------
 (3) _LCD_Clear                                            1     1      0      58
                                              2 COMRAM     1     1      0
                        _LCD_Command
 ---------------------------------------------------------------------------------
 (1) _UART_Read                                            0     0      0       0
 ---------------------------------------------------------------------------------
 (1) _UART_Init                                            0     0      0       0
 ---------------------------------------------------------------------------------
 (1) _UART_Data_Ready                                      0     0      0       0
 ---------------------------------------------------------------------------------
 (1) _LCD_Init                                             1     1      0      58
                                              2 COMRAM     1     1      0
                        _LCD_Command
 ---------------------------------------------------------------------------------
 (4) _LCD_Command                                          2     2      0      58
                                              0 COMRAM     2     2      0
 ---------------------------------------------------------------------------------
 Estimated maximum stack depth 8
 ---------------------------------------------------------------------------------

 Call Graph Graphs:

 _main (ROOT)
   _LCD_Clear
     _LCD_Command
   _LCD_Init
     _LCD_Command
   _LCD_String
     _LCD_Char
   _UART_Data_Ready
   _UART_Init
   _UART_Read
   _parse_nmea_line
     _display_latlon
       _LCD_Clear
       _LCD_Set_Cursor
         _LCD_Command
       _LCD_String
       _sprintf
         _vfprintf
           _vfpfcnvrt
             _efgtoa
               ___fladd
                 ___fldiv (ARG)
               ___fldiv
               ___fleq
               ___flge
                 ___flmul (ARG)
               ___flmul
               ___flneg
               ___flsub
                 ___fladd
                 ___flmul (ARG)
               ___fltol
               ___fpclassifyf
               _floorf
                 ___fldiv (ARG)
               _labs
               _memcpy
               _pad
                 _fputc
                   _putch
                 _fputs
                   _fputc
               _strcpy
             _fputc
             _read_prec_or_width
     _nmea_latlon_to_decimal
       ___fladd
       ___fldiv
       ___flmul
       _strlen
       _strncpy
       _strtof
         ___fldiv
         ___fleq
         ___flge
         ___flmul
         ___flneg
         ___lmul
         ___wmul
         ___xxtofl
         _isdigit
         _isxdigit
         _nanf
         _toupper
     _strcpy
     _strlen
     _strncmp
     _strncpy
     _strtok
       _strcspn
         _strchr
       _strspn
         _strchr

Address spaces:
Name               Size   Autos  Total    Usage
BIGRAM            2047      0       0      0.0%
BITBANK7           256      0       0      0.0%
BANK7              256      0       0      0.0%
BITBANK6           256      0       0      0.0%
BANK6              256      0       0      0.0%
BITBANK5           256      0       0      0.0%
BANK5              256      0       0      0.0%
BITBANK4           256      0       0      0.0%
BANK4              256      0       0      0.0%
BITBANK3           256      0       0      0.0%
BANK3              256      0       0      0.0%
BITBANK2           256      0       0      0.0%
BANK2              256      0     100     39.1%
BITBANK1           256      0       0      0.0%
BANK1              256    154     234     91.4%
BITBANK0           160      0       0      0.0%
BANK0              160     80     136     85.0%
BITCOMRAM           95      0       0      0.0%
COMRAM              95     85      92     96.8%
BITBIGSFRh          82      0       0      0.0%
BITBIGSFRllll       42      0       0      0.0%
BITBIGSFRllh        22      0       0      0.0%
BITBIGSFRlllh        9      0       0      0.0%
BITBIGSFRlh          1      0       0      0.0%
STACK                0      0       0      0.0%
DATA                 0      0     561      0.0%


Microchip Technology PIC18 Macro Assembler V3.00 build 20241204225717 
Symbol Table                                                                                   Fri Oct 24 14:31:06 2025

                    ___fldiv@aexp 0019                      ___fldiv@bexp 0018                      ___fldiv@sign 0011  
                    ?_LCD_Command 0001                                l81 4746                                l90 47FC  
                              l66 3E1A                                l75 43AE                                l78 4350  
                              l95 479C                                l87 42F2                                l98 4834  
             ___wmul@multiplicand 0003                       ?_LCD_String 0003                               l110 4822  
                             l113 4810                               l107 4812                               l127 3072  
                             l143 31CC                               l161 47C2                               l155 38CC  
                             l420 3F74                               l172 40F4                               l173 4104  
                             l149 3798                               l158 416E                               l431 3AD6  
                             l426 3A90                               l435 46B4                               l703 260E  
                             l722 26F6                               l706 2580                               l458 39D2  
                             l715 264E                               l731 458A                               l716 263C  
                             l830 36F8                               l743 2EE8                               l823 369C  
                             l816 3604                               l745 2D4C                               l754 2D92  
                             l690 2454                               l914 2064                               l930 4018  
                             l755 2DB0                               l691 241A                               l819 3760  
                             l756 2E08                               l748 2D10                               l940 3484  
                             l757 2DF6                               l782 29EE                               l870 41D4  
                             l926 4010                               l950 35AC                               l783 2A0C  
                             l775 27F8                               l839 467C                               l792 2B1A  
                             l784 2A64                               l785 2A52                               l689 2466  
                             l881 227C                               l698 2732                               l866 4186  
                             l779 2B58                               l884 1C1E                               l957 45CA  
                             l974 33DE                               l886 1A64                               l967 3BD4  
                             l977 3322                               l994 44FC                               l988 4404  
          __end_of_display_latlon 4170                               _pad 4170                               wreg 0FE8  
                    ___flmul@aexp 0012                      ___flmul@bexp 0013                      ___flmul@sign 000D  
                    ___flmul@temp 0018                      ___flmul@prod 0014                    _LCD_Set_Cursor 4774  
                    ___fltol@exp1 000A                              l1101 0C7C                              l1006 3ECA  
                            l1014 460A                              l1023 44AC                              l1017 4836  
                            l1033 3D6C                              l1029 46EA                              l1222 4452  
                            l1215 4772                              l1223 4458                              l1048 409A  
                            l1064 08E6                              l1145 113C                              l1162 13F2  
                            l1146 1888                              l1074 0A10                              l1242 3CA0  
                            l1163 139A                              l1251 428C                              l1164 1404  
                            l1252 4294                              l3101 2332                              l1229 47E4  
                            l1157 1312                              l1174 14A8                              l3111 236C  
                            l3103 2342                              l1271 4710                              l1255 44FE  
                            l1239 3CA8                              l1272 4718                              l3201 2596  
                            l3121 238A                              l3113 237A                              l3105 2344  
                            l1257 4544                              l4011 4370                              l3211 25D2  
                            l3203 25A6                              l3131 239E                              l3123 238E  
                            l3115 237E                              l3107 234A                              l1267 422C  
                            l1268 4234                              l4013 4380                              l4005 4354  
                            l4021 42F6                              l3301 2BEA                              l3221 25FE  
                            l3213 25D4                              l3141 23B2                              l3133 23A2  
                            l3125 2392                              l3117 2382                              l3109 235A  
                            l3061 3E68                              l3053 3E22                              l4101 4594  
                            l4015 4382                              l4007 4356                              l4031 4324  
                            l4023 42F8                              l3311 2C22                              l3303 2BFA  
                            l3231 265E                              l3215 25E2                              l3207 25BA  
                            l3223 2600                              l3151 2412                              l3143 23B6  
                            l3135 23A6                              l3127 2396                              l3119 2386  
                            l3071 2298                              l3063 3E9A                              l3055 3E32  
                            l4103 45A4                              l4111 47D4                              l4017 439A  
                            l4009 436E                              l4033 433C                              l4025 4310  
                            l3401 2EDE                              l3313 2C38                              l3305 2C0A  
                            l3241 26C4                              l3233 266A                              l3225 261E  
                            l3217 25EA                              l3209 25C4                              l3161 2448  
                            l3153 2428                              l3137 23AA                              l3129 239A  
                            l3145 23BA                              l3081 22CC                              l3073 229A  
                            l3057 3E42                              l4105 45C0                              l4121 4450  
                            l4201 08BC                              l4019 43AC                              l4035 434E  
                            l4027 4312                              l3331 2C8C                              l3315 2C48  
                            l3323 2C68                              l3307 2C0C                              l3411 2740  
                            l3251 270C                              l3243 26D4                              l3235 2678  
                            l3227 2634                              l3219 25EE                              l3171 2498  
                            l3163 2452                              l3155 2434                              l3147 23E6  
                            l3139 23AE                              l3091 22FC                              l3075 22AA  
                            l3083 22D2                              l3067 227E                              l3059 3E4C  
                            l4051 40D4                              l4043 409C                              l4123 4748  
                            l4115 4406                              l4203 08E8                              l4029 4322  
                            l3341 2CDC                              l3333 2CA6                              l3325 2C78  
                            l3317 2C50                              l3309 2C12                              l3501 2A4A  
                            l3421 2780                              l3413 274E                              l3253 2712  
                            l3245 26F4                              l3237 26B2                              l3181 24D4  
                            l3173 24A8                              l3165 2474                              l3157 2438  
                            l3149 2402                              l3093 2302                              l3085 22E2  
                            l3077 22BA                              l3069 228A                              l3261 45CC  
                            l4045 40AC                              l4037 479E                              l4061 362A  
                            l4053 35B0                              l4117 440A                              l4109 47C4  
                            l4221 0976                              l4213 0920                              l4205 08FC  
                            l4141 4542                              l4133 44FE                              l4151 429A  
                            l3351 2D38                              l3343 2CEC                              l3335 2CB6  
                            l3327 2C78                              l3319 2C54                              l3511 2AB8  
                            l3431 27B0                              l3423 2786                              l3415 2750  
                            l3255 2720                              l3247 2704                              l3239 26B4  
                            l3191 251A                              l3183 24E2                              l3175 24B6  
                            l3167 2484                              l3159 2446                              l3095 2310  
                            l3087 22E8                              l3079 22CA                              l3263 45D8  
                            l3271 4462                              l4047 40BA                              l4039 47BA  
                            l4071 3684                              l4055 35C0                              l4119 4422  
                            l4127 46EC                              l4311 0D0A                              l4303 0CE0  
                            l4231 09EC                              l4223 09A8                              l4215 0926  
                            l4207 0900                              l4135 451A                              l4145 47E6  
                            l4161 4790                              l4153 42BE                              l3361 2D78  
                            l3353 2D3A                              l3345 2D00                              l3337 2CC6  
                            l3281 2B86                              l3273 2B5A                              l3521 2B14  
                            l3505 2A74                              l3513 2ABC                              l3441 27E8  
                            l3433 27B2                              l3425 2796                              l3417 2760  
                            l3409 2734                              l3257 2722                              l3249 270A  
                            l3193 254E                              l3185 24E4                              l3177 24C4  
                            l3097 2312                              l3089 22FA                              l3601 3934  
                            l3265 45E6                              l4049 40CA                              l4081 36E8  
                            l4073 3686                              l4065 363E                              l4057 35CE  
                            l4129 4704                              l4401 10C6                              l4321 0D9A  
                            l4313 0D36                              l4305 0CFE                              l4241 0A66  
                            l4233 09F0                              l4225 09B8                              l4217 0928  
                            l4209 0908                              l4147 47EC                              l4163 4796  
                            l4155 42C2                              l3371 2DEE                              l3363 2D82  
                            l3355 2D4A                              l3347 2D0E                              l3339 2CD6  
                            l3291 2BBE                              l3283 2B96                              l3275 2B66  
                            l3523 2B1E                              l3531 2B44                              l3515 2AD6  
                            l3507 2A80                              l3451 2838                              l3443 2808  
                            l3435 27C2                              l3427 279C                              l3419 2770  
                            l3195 2550                              l3187 24EE                              l3179 24D0  
                            l3099 2322                              l3611 395E                              l3603 3938  
                            l3267 45EA                              l4091 3740                              l4083 3706  
                            l4075 3692                              l4067 3646                              l4059 3614  
                            l4403 10EA                              l4331 0E06                              l4323 0DB6  
                            l4315 0D38                              l4307 0D00                              l4251 0ADC  
                            l4243 0A98                              l4235 0A16                              l4227 09C8  
                            l4219 0944                              l4139 4520                              l4157 4776  
                            l4149 4296                              l3381 2E5C                              l3365 2D90  
                            l3357 2D5C                              l3349 2D1A                              l3293 2BC4  
                            l3285 2BA6                              l3277 2B74                              l3533 2B48  
                            l3525 2B2E                              l3517 2AEA                              l3509 2A8E  
                            l3461 2888                              l3453 2842                              l3445 2818  
                            l3437 27D2                              l3429 27A2                              l3197 2560  
                            l3189 24F4                              l3621 3986                              l3613 3968  
                            l3605 3946                              l3269 445A                              l4181 46B6  
                            l4173 405C                              l4165 401A                              l4093 374E  
                            l4085 3708                              l4077 36CE                              l4069 3652  
                            l4501 1538                              l4421 1188                              l4413 114A  
                            l4405 10EC                              l4341 0E70                              l4333 0E24  
                            l4325 0DF4                              l4317 0D64                              l4261 0B38  
                            l4253 0AF6                              l4245 0AAA                              l4237 0A18  
                            l4229 09DA                              l4159 4786                              l3391 2EC2  
                            l3375 2E18                              l3383 2E60                              l3359 2D72  
                            l3367 2DA2                              l3295 2BCA                              l3287 2BA8  
                            l3279 2B76                              l3551 3F48                              l3543 3ECC  
                            l3527 2B3C                              l3519 2B04                              l3471 28CA  
                            l3463 2894                              l3455 2858                              l3439 27E2  
                            l3199 2570                              l3623 3992                              l3615 3972  
                            l3711 44DE                              l3703 44AE                              l4183 46C2  
                            l4175 4072                              l4167 4026                              l4095 3750  
                            l4087 370C                              l4079 36DA                              l4511 156E  
                            l4503 153E                              l4431 11F8                              l4423 119E  
                            l4415 1152                              l4407 1118                              l4351 0F2C  
                            l4343 0E9C                              l4335 0E36                              l4327 0DF8  
                            l4319 0D7A                              l4271 0B9A                              l4263 0B56  
                            l4255 0AFC                              l4247 0AC2                              l4239 0A34  
                            l4191 0856                              l3393 2EC4                              l3385 2E7A  
                            l3377 2E24                              l3369 2DC0                              l3297 2BD8  
                            l3289 2BAE                              l3553 3F6C                              l3545 3EFA  
                            l3561 3A02                              l3529 2B3E                              l3481 292C  
                            l3473 28DA                              l3465 28A2                              l3457 2864  
                            l3449 282C                              l3537 4546                              l3625 39A2  
                            l3705 44C2                              l3713 44E2                              l3641 41A6  
                            l3633 4170                              l3801 1C26                              l3721 18B0  
                            l4185 46C6                              l4177 407C                              l4169 402C  
                            l4089 3730                              l4513 157C                              l4505 154C  
                            l4441 1260                              l4433 1208                              l4409 1128  
                            l4345 0EB2                              l4353 0F34                              l4337 0E42  
                            l4329 0E00                              l4361 0F96                              l4417 115A  
                            l4281 0BDA                              l4273 0BA4                              l4257 0AFE  
                            l4265 0B6C                              l4249 0AD4                              l4193 085E  
                            l4601 41EA                              l3395 2EC8                              l3387 2E90  
                            l3379 2E32                              l3299 2BDA                              l3555 3F72  
                            l3547 3F0A                              l3571 3A70                              l3563 3A12  
                            l3491 29D4                              l3483 2948                              l3475 28F4  
                            l3467 28AE                              l3459 287C                              l3539 4556  
                            l3627 39B2                              l3651 3B5E                              l3707 44CE  
                            l3643 41C4                              l3635 417E                              l3811 1C56  
                            l3803 1C36                              l3731 1906                              l3723 18D4  
                            l3715 188A                              l4099 458C                              l4187 46DE  
                            l4179 4080                              l4531 164E                              l4523 15F8  
                            l4515 158C                              l4507 1554                              l4451 133A  
                            l4443 1270                              l4435 1216                              l4427 11B2  
                            l4419 116C                              l4355 0F60                              l4363 0FA4  
                            l4347 0ED2                              l4339 0E6E                              l4291 0C80  
                            l4283 0BF8                              l4275 0BAA                              l4259 0B1A  
                            l4267 0B80                              l4195 0870                              l4611 4262  
                            l4603 4202                              l4701 4734                              l3397 2ED6  
                            l3389 2EAA                              l3549 3F38                              l3573 3A7E  
                            l3565 3A40                              l3493 29DE                              l3485 2972  
                            l3477 2904                              l3469 28BE                              l3581 467E  
                            l3629 39C2                              l3653 3B6A                              l3645 3AD8  
                            l3709 44D2                              l3637 4192                              l3901 20EE  
                            l3813 1C68                              l3821 1CA8                              l3805 1C42  
                            l3741 1956                              l3733 1912                              l3725 18DE  
                            l3717 189E                              l4541 16EC                              l4533 166E  
                            l4525 1606                              l4517 15B2                              l4509 155C  
                            l4461 1386                              l4453 1344                              l4445 128C  
                            l4437 1232                              l4429 11E4                              l4381 102A  
                            l4373 0FE6                              l4365 0FAC                              l4357 0F8C  
                            l4349 0EEE                              l4285 0C16                              l4277 0BAC  
                            l4269 0B98                              l4197 0884                              l4621 3CDC  
                            l4613 3CAA                              l4605 4236                              ?_pad 000F  
                            l4703 473A                              l4711 482C                              l3399 2EDC  
                            l3575 3ACE                              l3567 3A50                              l3559 39D4  
                            l3495 29EC                              l3487 29A8                              l3479 2920  
                            l3583 4694                              l3591 38E4                              l3663 3BCC  
                            l3647 3AF8                              l3671 43D2                              l3639 41A2  
                            l3903 20F4                              l3911 218C                              l3831 1D90  
                            l3823 1CB0                              l3815 1C76                              l3807 1C4A  
                            l3751 198E                              l3743 195A                              l3735 191A  
                            l3727 18E6                              l3719 18AC                              l4543 16FA  
                            l4535 16A2                              l4527 1612                              l4551 1722  
                            l4519 15E4                              l4463 1394                              l4471 140C  
                            l4447 12B0                              l4439 124A                              l4391 106E  
                            l4383 102E                              l4375 0FE8                              l4367 0FAE  
                            l4359 0F94                              l4295 0C82                              l4287 0C4E  
                            l4279 0BCA                              l4199 0888                              l4623 3CF4  
                            l4615 3CC4                              l4607 4242                              l4705 4740  
                            l4713 482E                              l3577 3AD4                              l3569 3A5E  
                            l3497 29FE                              l3489 29B6                              l3585 46A4  
                            l3649 3B36                              l3657 3B76                              l3681 3258  
                            l3921 220C                              l3913 21AA                              l3905 214C  
                            l3841 1E4E                              l3833 1DC4                              l3825 1CC0  
                            l3817 1C8E                              l3809 1C52                              l3761 19E6  
                            l3745 1960                              l3729 18F6                              l3737 191E  
                            l4561 1796                              l4537 16A8                              l4529 1646  
                            l4481 1470                              l4473 1414                              l4465 139E  
                            l4457 1370                              l4449 1320                              l4393 1070  
                            l4385 105A                              l4377 1006                              l4369 0FC8  
                            l4297 0CA0                              l4625 3D10                              l4609 424A  
                            l4641 3C0E                              l4633 3BD6                              l4801 3D76  
                            l4715 4830                              l4707 4824                              l4723 4812  
                            l3499 2A1C                              l3595 38F8                              l3659 3B88  
                            l3683 3266                              l3691 3346                              l3675 31CE  
                            l3667 43B0                              l3931 2260                              l3923 221A  
                            l3915 21C6                              l3907 2180                              l3851 1EEA  
                            l3843 1E64                              l3827 1CD4                              l3835 1DCA  
                            l3819 1CA0                              l3763 19EC                              l3747 1968  
                            l3739 1944                              l3755 19AA                              l4563 17CA  
                            l4555 1740                              l4547 170E                              l4539 16BA  
                            l4491 14DC                              l4483 148A                              l4475 142E  
                            l4467 13D2                              l4459 1372                              l4395 108E  
                            l4387 1060                              l4379 100C                              l4299 0CBE  
                            l4571 181C                              l4627 3D22                              l4619 3CD0  
                            l4651 3C6E                              l4643 3C26                              l4635 3BE8  
                            l4731 2F14                              l4811 3DA6                              l4803 3D7A  
                            l4717 4832                              l4709 4828                              l4725 4820  
                            l3597 3922                              l3589 38CE                              l3693 3382  
                            l3677 31EE                              l3669 43BE                              l3925 2232  
                            l3917 21CE                              l3909 2188                              l3853 1F40  
                            l3861 1F92                              l3845 1E96                              l3837 1DE8  
                            l3829 1D38                              l3781 1A7A                              l3765 19F4  
                            l3757 19D0                              l3773 1A14                              l3749 1984  
                            l3941 3FA8                              l4581 1878                              l4573 182E  
                            l4565 17D0                              l4557 1774                              l4493 14E0  
                            l4477 1448                              l4469 1400                              l4397 109A  
                            l4389 1068                              l4661 3762                              l4629 3D4A  
                            l4653 3C86                              l4645 3C3E                              l4637 3C02  
                            l4741 2F72                              l4733 2F3E                              l4821 3DE6  
                            l4813 3DAC                              l4805 3D7E                              l4719 47FE  
                            l3599 3924                              l3695 3396                              l3687 32D6  
                            l3679 3244                              l3927 2242                              l3919 21DC  
                            l3871 1FC2                              l3863 1FA2                              l3855 1F46  
                            l3847 1EA6                              l3839 1E1C                              l3791 1B70  
                            l3783 1AAE                              l3775 1A2E                              l3759 19E2  
                            l3943 3FC4                              l3935 3F76                              l3951 3402  
                            l4591 465E                              l4575 1836                              l4567 17E2  
                            l4559 177C                              l4495 14E2                              l4487 148E  
                            l4479 1466                              l4399 10AA                              l4671 37E4  
                            l4663 3784                              l4655 3C90                              l4751 2FA6  
                            l4743 2F7E                              l4735 2F5A                              l4823 3E02  
                            l4815 3DBE                              l4807 3D82                              l3697 33BE  
                            l3689 3312                              l3929 2258                              l3881 2094  
                            l3873 203A                              l3865 1FAA                              l3857 1F7A  
                            l3849 1EB6                              l3793 1BA4                              l3785 1AEC  
                            l3945 3FE2                              l3937 3F7E                              l3961 3446  
                            l3953 340A                              l4593 4670                              l4585 4646  
                            l4577 1846                              l4569 1814                              l4497 150A  
                            l4489 14AE                              l4681 38BC                              l4673 380C  
                            l4665 3790                              l4657 3C98                              l4649 3C52  
                            l4761 3022                              l4753 2FD0                              l4745 2F82  
                            l4737 2F5E                              l4729 2EEA                              l4825 3E12  
                            l4817 3DCC                              l4809 3D92                              l3699 33CE  
                            l3891 20BA                              l3883 2098                              l3875 205A  
                            l3867 1FAE                              l3859 1F8E                              l3795 1BAC  
                            l3787 1B1E                              l3779 1A74                              l3939 3FA0  
                            l3947 3FEA                              l3963 345A                              l3955 3418  
                            l4587 464E                              l4691 413C                              l4579 1854  
                            l4499 151A                              l4675 3864                              l4667 37A8  
                            l4771 308C                              l4763 3036                              l4755 2FE6  
                            l4747 2F86                              l4739 2F66                              l4819 3DDA  
                            l3893 20C0                              l3885 209E                              l3877 2076  
                            l3869 1FB6                              l3789 1B5C                              l3973 348A  
                            l3965 3464                              l3957 341C                              l3949 33E0  
                            l4589 4656                              l4693 4146                              l4685 4106  
                            l4677 3876                              l4669 37C2                              l4597 41D6  
                            l4781 30E8                              l4773 30A4                              l4765 304E  
                            l4757 2FFE                              l4749 2FA2                              l4695 471A  
                            l3887 20A6                              l3879 2084                              l3895 20C6  
                            l3799 1BEC                              l3983 3518                              l3975 34A8  
                            l3967 3476                              l3959 343E                              l4687 4114  
                            l4679 3888                              l4599 41E2                              l4791 314A  
                            l4767 3062                              l4759 3012                              l4697 4728  
                            l3897 20D8                              l3889 20B6                              l3993 3566  
                            l3985 352E                              l3977 34C8                              l3969 347C  
                            l4689 4132                              l4793 3168                              l4777 30BC  
                            l4785 3100                              l4769 3076                              l4699 472E  
                            l3899 20EA                              l3987 353C                              l3979 34F0  
                            l3995 357E                              l4779 30D0                              l4787 3118  
                            l4795 3D6E                              l4789 312C                              l4797 3D72  
                            l3999 358A                              l4799 3D74                              STR_1 0801  
                            STR_2 083F                              STR_3 0838                              STR_4 0852  
                            STR_5 083F                              STR_6 0852                              STR_7 081C  
                            STR_8 0812                              STR_9 084A                              _LATB 0F8A  
                            u4000 29EC                              u4001 29E8                              u4010 2A0C  
                            u4011 2A08                              u4100 3EFA                              u4020 2A1C  
                            u3300 2310                              u3220 3E32                              u4101 3EF6  
                            u4021 2A18                              u3301 230C                              u3221 3E2E  
                            u4110 3F38                              u4030 2A4A                              u3310 2322  
                            u3230 3E42                              u4111 3F34                              u4031 2A46  
                            u3311 231E                              u3231 3E3E                              u4120 3F6C  
                            u4040 2A60                              u3400 2466                              u3320 2332  
                            u4200 3918                              u3240 3E68                              u5000 476E  
                            u4121 3F68                              u4041 2A5C                              u3401 2462  
                            u3321 232E                              u3241 3E64                              u4130 3A02  
                            u4050 2A74                              u3410 2474                              u3330 236C  
                            u4210 3946                              u3250 3E9A                              u5010 4704  
                            u4131 39FE                              u4051 2A70                              u3411 2470  
                            u3331 2368                              u4211 3942                              u3251 3E96  
                            u5011 4700                              u4140 3A40                              u4060 2A8E  
                            u3500 25D2                              u3420 2484                              u3340 237A  
                            u3260 2298                              u4220 395A                              u4300 3B5E  
                            u5100 409A                              u5020 451A                              u4141 3A3C  
                            u4061 2A8A                              u3501 25CE                              u3421 2480  
                            u3341 2376                              u3261 2294                              u4221 3956  
                            u4205 390E                              u4301 3B5A                              u5101 4096  
                            u5021 4516                              u4150 3A5E                              u4070 2AD6  
                            u3510 25E2                              u3430 24B6                              u3350 23E6  
                            u3270 22AA                              u4230 3982                              u4310 3B88  
                            u5110 46DE                              u5030 4542                              u4151 3A5A  
                            u4071 2AD2                              u3511 25DE                              u3431 24B2  
                            u3351 23E2                              u3271 22A6                              u4231 397E  
                            u4311 3B84                              u5111 46DA                              u5031 453E  
                            u5040 42BA                              u4160 3A7E                              u4080 2B04  
                            u3600 26C4                              u3520 25FE                              u3440 24C4  
                            u3360 23FE                              u3280 22BA                              u4240 39A2  
                            u4400 32D2                              u6000 1792                              u5200 0976  
                            u5120 0870                              u4161 3A7A                              u4081 2B00  
                            u3601 26C0                              u3521 25FA                              u3441 24C0  
                            u3361 23F8                              u3281 22B6                              u4241 399E  
                            u4401 32CE                              u6001 178E                              u5201 0972  
                            u5121 086C                              u5050 42E2                              u4170 3ACE  
                            u4090 2B3C                              u3610 26D4                              u3530 260E  
                            u3450 24E2                              u3370 2400                              u3290 22FA  
                            u4250 39B2                              u4330 3BC2                              u4410 32F6  
                            u6010 17E2                              u5210 09A8                              u5130 08A4  
                            u4171 3ACA                              u4091 2B38                              u3611 26D0  
                            u3531 260A                              u3451 24DE                              u3291 22F6  
                            u4251 39AE                              u4331 3BBC                              u6011 17DE  
                            u5211 09A4                              u5131 089E                              u5060 42F2  
                            u3700 2B96                              u4180 4694                              u3620 26F4  
                            u3540 261E                              u3460 251A                              u3380 2428  
                            u4340 3BC4                              u4420 3312                              u4260 417E  
                            u4500 1944                              u6020 1814                              u5300 0AF6  
                            u5220 09B8                              u5140 08A6                              u6100 3CF4  
                            u5061 42EE                              u3701 2B92                              u4181 4690  
                            u3621 26F0                              u3541 261A                              u3461 2516  
                            u3381 2424                              u4325 3B9A                              u4421 330E  
                            u4261 417A                              u4501 1940                              u6021 1810  
                            u5301 0AF2                              u5221 09B4                              u6101 3CF0  
                            u5070 4786                              u3710 2BD8                              u3630 2704  
                            u3550 2634                              u3470 2560                              u3390 2446  
                            u4190 38E4                              u4430 3366                              u4350 43BE  
                            u4270 41C4                              u4510 1956                              u6030 182E  
                            u5310 0B1A                              u5230 09DA                              u5150 08BC  
                            u6110 3D10                              u5071 4782                              u5047 42B0  
                            u3711 2BD4                              u3631 2700                              u3551 2630  
                            u3471 255C                              u3391 2442                              u4191 38E0  
                            u4415 32EC                              u4351 43BA                              u4271 41C0  
                            u4511 1952                              u6031 182A                              u5311 0B16  
                            u5231 09D6                              u5151 08B8                              u6111 3D0C  
                            u3800 2D72                              u3720 2BEA                              u3640 2720  
                            u3560 264A                              u3480 2596                              u4280 3B18  
                            u4440 3382                              u4360 3216                              u4600 1C36  
                            u4520 19D0                              u5080 4058                              u6040 1854  
                            u5400 0CA0                              u5320 0B38                              u5240 09EC  
                            u5160 08E6                              u6200 3888                              u6120 3D22  
                            u5057 42D8                              u3801 2D6E                              u3721 2BE6  
                            u3641 271C                              u3561 2646                              u3481 2592  
                            u4441 337E                              u4601 1C32                              u4521 19CC  
                            u5081 4054                              u6041 1850                              u5401 0C9C  
                            u5321 0B34                              u5241 09E8                              u5161 08E2  
                            u6201 3884                              u6121 3D1E                              u6210 480E  
                            u3810 2D90                              u3730 2BFA                              u3570 265E  
                            u3490 25A6                              u4290 3B36                              u4450 33BE  
                            u4370 3244                              u3650 460A                              u4610 1C68  
                            u4530 19E2                              u5090 406E                              u5410 0CBE  
                            u5330 0B56                              u5250 0A34                              u5170 08FC  
                            u6130 3D4A                              u6050 4202                              u6211 4808  
                            u3811 2D8C                              u3731 2BF6                              u3571 265A  
                            u3491 25A2                              u4291 3B32                              u4451 33BA  
                            u4435 335C                              u4371 3240                              u3651 4606  
                            u4611 1C64                              u4531 19DE                              u5091 406A  
                            u5411 0CBA                              u5331 0B52                              u5251 0A30  
                            u5171 08F8                              u6131 3D46                              u6051 41FE  
                            u6220 4820                              u3900 2ED6                              u3820 2DB0  
                            u3740 2C38                              u3580 2678                              u4380 3266  
                            u4460 44FC                              u3660 449A                              u4700 203A  
                            u4620 1C76                              u4540 1A60                              u5500 0E6E  
                            u5420 0CDC                              u5340 0BCA                              u5260 0A66  
                            u5180 091C                              u6060 422C                              u6140 3BE8  
                            u6300 3036                              u6221 481C                              u3901 2ED2  
                            u3821 2DAC                              u3741 2C34                              u3581 2674  
                            u4285 3B0E                              u4381 3262                              u4365 320C  
                            u4461 44F8                              u4701 2036                              u4621 1C72  
                            u4541 1A5C                              u5501 0E6A                              u5421 0CD8  
                            u5341 0BC6                              u5261 0A62                              u5181 0918  
                            u6061 4228                              u6141 3BE4                              u6301 3032  
                            u3830 2DC0                              u3750 2C78                              u3910 274E  
                            u3590 26B2                              u3670 44AC                              u4710 2076  
                            u4630 1CA0                              u4550 1AEC                              u4470 18AC  
                            u5510 0E9C                              u5430 0CFE                              u5350 0BDA  
                            u5270 0A98                              u5190 0944                              u6070 4262  
                            u6150 3C02                              u6310 3062                              u6230 2F14  
                            u3831 2DBC                              u3751 2C74                              u3911 274A  
                            u3591 26AE                              u3671 44A8                              u4711 2072  
                            u4631 1C9C                              u4551 1AE8                              u4471 18A8  
                            u5511 0E98                              u5431 0CFA                              u5351 0BD6  
                            u5271 0A94                              u5191 0940                              u6071 425E  
                            u6151 3BFE                              u6311 305E                              u6231 2F10  
                            u6216 4810                              u3840 2DEE                              u3760 2CEC  
                            u3680 2B74                              u3920 2760                              u4720 2084  
                            u4640 1DE8                              u4560 1B1E                              u4480 18F6  
                            u4800 4010                              u5600 102A                              u5520 0EEE  
                            u5440 0D36                              u5360 0BF8                              u5280 0AAA  
                            u6080 428C                              u6160 3C3E                              u6320 308C  
                            u6240 2F3E                              u6400 3DBE                              u3841 2DEA  
                            u3761 2CE8                              u3681 2B70                              u3921 275C  
                            u4721 2080                              u4641 1DE4                              u4561 1B1A  
                            u4481 18F2                              u4801 400C                              u5601 1026  
                            u5521 0EEA                              u5441 0D32                              u5361 0BF4  
                            u5281 0AA6                              u6081 4288                              u6161 3C3A  
                            u6321 3088                              u6241 2F3A                              u6401 3DBA  
                            u3850 2E04                              u3770 2D0E                              u3690 2B86  
                            u3930 2770                              u4730 20D8                              u4650 1E4E  
                            u4570 1B5C                              u4490 1906                              u4810 3402  
                            u5610 105A                              u5530 0F16                              u5450 0D64  
                            u5370 0C16                              u5290 0AD4                              u6090 3CC4  
                            u6170 3C86                              u6330 30B8                              u6410 3E02  
                            u3851 2E00                              u3771 2D0A                              u3691 2B82  
                            u3931 276C                              u4395 327A                              u3667 4490  
                            u4731 20D4                              u4651 1E4A                              u4571 1B58  
                            u4491 1902                              u4811 33FE                              u5611 1056  
                            u5451 0D60                              u5371 0C12                              u5291 0AD0  
                            u6091 3CC0                              u6171 3C82                              u6331 30B4  
                            u6251 2F6C                              u6411 3DFE                              u3860 2E18  
                            u3780 2D38                              u3940 27B0                              u4396 3284  
                            u4740 21AA                              u4660 1E96                              u4580 1BE8  
                            u4820 343E                              u4900 36CA                              u5700 1216  
                            u5620 108E                              u5540 0F60                              u5460 0DB6  
                            u5380 0C4E                              u6180 3784                              u6340 30D0  
                            u3861 2E14                              u3781 2D34                              u3941 27AC  
                            u4397 3294                              u4741 21A6                              u4661 1E92  
                            u4581 1BE4                              u4821 343A                              u4901 36C6  
                            u5701 1212                              u5621 108A                              u5541 0F5C  
                            u5461 0DB2                              u5381 0C4A                              u6181 3780  
                            u6341 30CC                              u6261 2F78                              u3870 2E32  
                            u3790 2D5C                              u3950 27C2                              u4750 21C6  
                            u4670 1EA6                              u4590 1C1E                              u4830 34C4  
                            u4910 36E8                              u5710 1232                              u5630 10AA  
                            u5550 0F8C                              u5470 0DDE                              u5390 0C78  
                            u6190 3876                              u6350 30FC                              u6270 2FD0  
                            u3871 2E2E                              u3791 2D58                              u3951 27BE  
                            u4751 21C2                              u4671 1EA2                              u4591 1C1A  
                            u4831 34C0                              u4911 36E4                              u5711 122E  
                            u5631 10A6                              u5551 0F88                              u5535 0F0C  
                            u5391 0C74                              u6191 3872                              u6351 30F8  
                            u6271 2FCC                              u3880 2E7A                              u3960 27D2  
                            u4760 222C                              u4680 1F40                              u4840 40BA  
                            u4920 36F8                              u5800 1394                              u5720 1260  
                            u5640 1118                              u5560 0FA4                              u5480 0E24  
                            u6360 312C                              u6280 2FE6                              u3881 2E76  
                            u3961 27CE                              u4761 2226                              u4681 1F3C  
                            u4841 40B6                              u4921 36F4                              u5801 1390  
                            u5721 125C                              u5641 1114                              u5561 0FA0  
                            u5481 0E20                              u6361 3128                              u6281 2FE2  
                            u3890 2EAA                              u3970 2808                              u4770 222E  
                            u4690 1F8E                              u4850 40F4                              u4930 3706  
                            u5810 1400                              u5730 128C                              u5650 1128  
                            u5570 0FC8                              u5490 0E36                              u6370 314A  
                            u6290 3012                              u6427 4318                              u3891 2EA6  
                            u3971 2804                              u4691 1F8A                              u4851 40F0  
                            u4931 3702                              u5811 13FC                              u5731 1288  
                            u5651 1124                              u5571 0FC4                              u5491 0E32  
                            u5475 0DD4                              u6371 3146                              u6291 300E  
                            u3980 2818                              u4780 2242                              u4940 3740  
                            u4860 35C0                              u5900 154C                              u5820 142E  
                            u5660 114A                              u5580 0FE2                              u6380 3168  
                            u6437 4344                              u3981 2814                              u4781 223E  
                            u4941 373C                              u4861 35BC                              u5901 1548  
                            u5821 142A                              u5661 1146                              u5581 0FDE  
                            u6381 3164                              u3990 2992                              u4790 3FA0  
                            u4950 374E                              u4870 35CE                              u5910 156E  
                            u5830 1448                              u5670 116C                              u5590 1006  
                            u6390 3DA6                              u6447 47F2                              u4791 3F9C  
                            u4951 374A                              u4871 35CA                              u5911 156A  
                            u5831 1444                              u5671 1168                              u5591 1002  
                            u6391 3DA2                              u4960 45C0                              u4880 362A  
                            u5920 157C                              u5840 1466                              u5760 1320  
                            u5680 119E                              u6457 4720                              u4961 45BC  
                            u4881 3626                              u5921 1578                              u5841 1462  
                            u5761 131C                              u5745 12B4                              u5681 119A  
                            u4890 3680                              u4970 4422                              u5930 15E4  
                            u5850 148A                              u5770 133A                              u5690 11E4  
                            u6467 4376                              u3995 2988                              u4891 367C  
                            u4971 441E                              u5931 15E0                              u5851 1486  
                            u5771 1336                              u5755 12EE                              u5691 11E0  
                            u4980 4450                              u5940 1606                              u5860 14A8  
                            u5780 136C                              u6477 43A2                              u4981 444C  
                            u5941 1602                              u5861 14A4                              u5781 1368  
                            u4990 476C                              u5950 166A                              u5870 150A  
                            u5790 1386                              u4991 4766                              u5951 1666  
                            u5871 1506                              u5791 1382                              u5960 16BA  
                            u5880 151A                              u5961 16B6                              u5881 1516  
                            u5970 16EC                              u5890 1538                              u5971 16E8  
                            u5891 1534                              u5980 16FA                              u5981 16F6  
                            u5990 173C                              u5991 1738                              _dbuf 019A  
                            _labs 43B0                              _main 3D6E                              _nanf 47C4  
                            _prec 00E6                              pad@i 0015                              pad@p 0012  
                            fsr1h 0FE2                              fsr2h 0FDA                              indf1 0FE7  
                            indf2 0FDF                              fsr1l 0FE1                              fsr2l 0FD9  
              parse_nmea_line@lat 018C                parse_nmea_line@lon 0190                parse_nmea_line@tmp 0100  
                   ___fpclassifyf 3AD8                              prodh 0FF4                              prodl 0FF3  
                            start 7FFC                   ___fldiv@new_exp 0012                      ___param_bank 0000  
     nmea_latlon_to_decimal@F3893 00E0                             ??_pad 0014                  __end_of_LCD_Char 4352  
                __end_of_LCD_Init 4748                      LCD_Char@data 0002           __end_of_parse_nmea_line 31CE  
                   ___fltol@sign1 0009                             ?_labs 0001                   __end_of___fladd 2734  
                           ?_main 0001                             ?_nanf 0001                   __end_of___fldiv 2EEA  
                 __end_of___flneg 46B6                             STR_20 084E                             STR_12 084E  
                           STR_21 0846                             STR_23 0853                             STR_15 082F  
                           STR_16 0826                   __end_of___flmul 2B5A                   __end_of___flsub 458C  
                 __end_of___fltol 39D4                   ?_display_latlon 0095                             _RCREG 0FAE  
                    vfpfcnvrt@fmt 003B                             _SPBRG 0FAF                             _TRISB 0F93  
                           _TXREG 0FAD               ___lmul@multiplicand 0005            __end_of_LCD_Set_Cursor 479E  
                           _flags 005C               read_prec_or_width@c 0005                             _errno 0058  
             read_prec_or_width@n 0006                             _fputc 3E22                             _fputs 45CC  
                 __end_of_isdigit 4774                             labs@a 0001                             pad@fp 000F  
                           _width 00E4                             _putch 4836                             main@c 0055  
                           nanf@s 0001                             nanf@u 0005               parse_nmea_line@line 00AE  
                           tablat 0FF5                             status 0FD8                   __end_of_sprintf 467E  
                  ?___fpclassifyf 0001                   __end_of_strcspn 4296                   __end_of_strncmp 3D6E  
                 __end_of_toupper 471A                   __end_of_strncpy 409C                   __initialization 460C  
                    __end_of_labs 4406                      __end_of_main 3E22                      __end_of_nanf 47E6  
                          ??_labs 0005                            ??_main 0055                            ??_nanf 0005  
               __end_of_LCD_Clear 47FE                     __activetblptr 0002        __end_of_read_prec_or_width 401A  
                 ?_LCD_Set_Cursor 0003                            ?_fputc 0001                            ?_fputs 0009  
                          ?_putch 0001                            _OSCCON 0FD3                  __end_of___xxtofl 3762  
            parse_nmea_line@F3881 00C4              parse_nmea_line@F3883 00B0                      vfprintf@cfmt 0044  
               __end_of_UART_Init 4836                 __end_of_UART_Read 4824                            ___flge 39D4  
                          ___fleq 3ECC                            ___lmul 409C                         ??___fladd 0022  
                          ___wmul 479E                         ??___fldiv 0009                         ??___flneg 0005  
                       ??___flmul 0009                         ??___flsub 0032                         ??___fltol 0005  
                          _efgtoa 188A                            _floorf 31CE                            _memcpy 44AE  
            read_prec_or_width@ap 0002                            clear_0 4612                            clear_1 461E  
                          clear_2 462A                            clear_3 4636                  ?_parse_nmea_line 00AE  
                          isa$std 0001                            pad@buf 0010              parse_nmea_line@field 0196  
                          _strchr 44FE                            _strcpy 445A                            _strlen 46B6  
                          _strtof 0856                            _strtok 3BD6                            _strspn 41D6  
                __end_of_isxdigit 445A              parse_nmea_line@token 0198                            fputc@c 0001  
                          fputs@c 000C                            fputs@i 000D                            fputs@s 0009  
                       ??_isdigit 0003                   ___fpclassifyf@e 0009                   ___fpclassifyf@u 000B  
                 ___fpclassifyf@x 0001                      __mediumconst 0800                            tblptrh 0FF7  
                          tblptrl 0FF6                            tblptru 0FF8                            putch@c 0001  
                __end_of_vfprintf 45CC                         ??_sprintf 0045                         ??_strcspn 0008  
                       ??_strncmp 0006                         ??_toupper 0003                         ??_strncpy 0007  
                      ___flge@ff1 001A                        ___flge@ff2 001E                   ??___fpclassifyf 0005  
                    ___xxtofl@arg 000B                      ___xxtofl@exp 000A                      ___xxtofl@val 0001  
                      ___fleq@ff1 0001                        ___fleq@ff2 0005                         ?_LCD_Char 0001  
                      __accesstop 0060           __end_of__initialization 463C                         ?_LCD_Init 0001  
                      ___flneg@f1 0001                     ___rparam_used 0001                        ___fltol@f1 0001  
                  __pcstackCOMRAM 0001                     __end_of_fputc 3ECC                     __end_of_fputs 460C  
                   __end_of_putch 4838                      ??_LCD_String 0005          ??_nmea_latlon_to_decimal 0043  
                         ??_fputc 0004                           ??_fputs 000C                           ??_putch 0001  
                      __pbssBANK0 00B0                        __pbssBANK1 019A                        __pbssBANK2 0200  
                      ??_LCD_Char 0001                        ??_LCD_Init 0003                __end_of_LCD_String 42F4  
                      _efgtoa$991 0066                           ?___flge 001A                           ?___fleq 0001  
                         ?___lmul 0001                           ?___wmul 0001                  ??_display_latlon 0051  
                         ?_efgtoa 0032                           ?_floorf 001A                           ?_memcpy 0001  
                  ___lmul@product 0009                           ?_strchr 0001                           ?_strcpy 0001  
                         ?_strlen 0001                           ?_strtof 0026                           ?_strtok 000B  
                         ?_strspn 0005                         ?___xxtofl 0001                     LCD_String@msg 0003  
                         __Hparam 0000                         ?_isxdigit 0001                           __Lparam 0000  
                         ___fladd 227E                           ___fldiv 2B5A                           ___flneg 467E  
                         ___flmul 2734                           ___flsub 4546                           ___fltol 38CE  
                       ?_vfprintf 008C                      __psmallconst 0800                           __pcinit 460C  
                         __ramtop 0800                  ??_LCD_Set_Cursor 0004                           __ptext0 3D6E  
                         __ptext1 2EEA                           __ptext2 3BD6                           __ptext3 41D6  
                         __ptext4 4236                           __ptext5 44FE                           __ptext6 3CAA  
                         __ptext7 3762                           __ptext8 0856                           __ptext9 46EC  
                      _nmea_index 005A                           _isdigit 4748             read_prec_or_width@fmt 0001  
                      ??___xxtofl 0005                           efgtoa@c 0037                           efgtoa@d 006B  
                         efgtoa@e 006F                           efgtoa@f 0033                           efgtoa@g 0084  
                         efgtoa@h 0079                           efgtoa@i 0077                           efgtoa@l 007D  
                         efgtoa@m 006D                           efgtoa@n 0082                           efgtoa@p 0062  
                         efgtoa@t 0064                           efgtoa@u 0088                           efgtoa@w 0071  
                       _LCD_Clear 47E6                           _sprintf 4646                           _strcspn 4236  
                         _strncmp 3CAA                           _toupper 46EC                           _strncpy 401A  
            end_of_initialization 463C                           floorf@e 0028                           floorf@m 0024  
                         floorf@u 002A                           floorf@x 001A                           memcpy@d 0007  
                         memcpy@n 0005                           memcpy@s 0009                           fputc@fp 0003  
                  LCD_Command@cmd 0002                     __Lmediumconst 0000                           fputs@fp 000B  
              _read_prec_or_width 3F76                        ??_isxdigit 0003                 __end_of_vfpfcnvrt 35AE  
                      efgtoa@mode 0069                        efgtoa@sign 0081                         _RCSTAbits 0FAB  
                         postdec2 0FDD               ?_read_prec_or_width 0001                           postinc0 0FEE  
                         postinc1 0FE6                           postinc2 0FDE                  vfpfcnvrt@convarg 003E  
               ??_UART_Data_Ready 0001                        ??_vfprintf 0044         nmea_latlon_to_decimal@deg 0043  
       nmea_latlon_to_decimal@min 0047                           strchr@c 0002                           strchr@s 0001  
                         strcpy@d 0007                           strlen@a 0003                           strlen@s 0001  
                       _UART_Init 4824                         _UART_Read 4812                           strtof@i 003E  
                         strtof@s 0026                           strspn@c 0007                           strspn@i 0009  
                         strtok@p 0056                           strtok@s 000B                           strspn@s 0005  
                     ___fladd@grs 0029                     ___xxtofl@sign 0009                         _TRISCbits 0F94  
                      ?_LCD_Clear 0001              ??_read_prec_or_width 0003                       ___fldiv@grs 0014  
                     ___fldiv@rem 000D                       ___flmul@grs 000E                         _TXSTAbits 0FAC  
        parse_nmea_line@lat_field 0164            _nmea_latlon_to_decimal 3762     nmea_latlon_to_decimal@decimal 004B  
   nmea_latlon_to_decimal@deg_str 0051                     ??_LCD_Command 0001                    __end_of___flge 3AD8  
                  __end_of___fleq 3F76                    __end_of___lmul 4106        nmea_latlon_to_decimal@hemi 0041  
                     vfpfcnvrt@ap 003C                       vfpfcnvrt@cp 0043                       vfpfcnvrt@fp 003A  
                  __end_of___wmul 47C4        nmea_latlon_to_decimal@nmea 003F                        ?_UART_Init 0001  
                      ?_UART_Read 0001                    __end_of_efgtoa 227E                    __end_of_floorf 33E0  
                  __end_of_memcpy 44FE                        floorf@F521 00D8                    __end_of_strchr 4546  
                  __end_of_strcpy 44AE                    __end_of_strlen 46EC                    __end_of_strtof 188A  
                  __end_of_strtok 3CAA                    __end_of_strspn 4236          parse_nmea_line@lon_field 0178  
             start_initialization 460C                       __end_of_pad 41D6             __end_of___fpclassifyf 3BD6  
                     vfprintf@fmt 008D                          ??___flge 0022                          ??___fleq 0009  
                   _isxdigit$1195 0007                          ??___lmul 0009                          ??___wmul 0005  
                        ??_efgtoa 0038                          ??_floorf 001E                          ??_memcpy 0007  
                        ??_strchr 0004                          ??_strcpy 0005                          ??_strlen 0003  
                        ??_strtof 002A                          ??_strtok 000E                          ??_strspn 0008  
                       ___fladd@a 001E                         ___fladd@b 001A                         ___fldiv@a 0005  
                       ___fldiv@b 0001               __end_of_LCD_Command 43B0                         ___flmul@a 0005  
                       ___flmul@b 0001                       __pbssCOMRAM 0056                         ___flsub@a 002E  
                       ___flsub@b 002A                     __pcstackBANK0 0060                     __pcstackBANK1 0100  
                     ??_LCD_Clear 0003                          ?___fladd 001A                          ?___fldiv 0001  
                        ?___flneg 0001                          ?___flmul 0001                          ?___flsub 002A  
                        ?___fltol 0001                       ??_UART_Init 0001                       ??_UART_Read 0001  
                     __smallconst 0800                          ?_isdigit 0001                          ?_sprintf 008F  
                        ?_strcspn 0005                          ?_strncmp 0001                          ?_toupper 0001  
                        ?_strncpy 0001                          _LCD_Char 42F4                          _LCD_Init 471A  
               ??_parse_nmea_line 0055                    ___wmul@product 0005                   _UART_Data_Ready 47FE  
                        _LATBbits 0F8A                          _PIR1bits 0F9E                       strtof@digit 0034  
                     strtof@flags 0035                       _LCD_Command 4352                 display_latlon@buf 009D  
               display_latlon@lat 0095                       strtof@expon 0036                 display_latlon@lon 0099  
                       _vfpfcnvrt 33E0                 ___wmul@multiplier 0001           parse_nmea_line@lat_hemi 0194  
                      vfpfcnvrt@c 0042                 ___lmul@multiplier 0001           parse_nmea_line@lon_hemi 0195  
         ?_nmea_latlon_to_decimal 003F                          __Hrparam 0000                         memcpy@tmp 000B  
                      vfprintf@ap 008E                          __Lrparam 0000                        vfprintf@fp 008C  
                      ?_vfpfcnvrt 003A                ___fpclassifyf@F465 00DC                        sprintf@fmt 0090  
                        ___xxtofl 35AE                          __ptext10 47C4                          __ptext11 4406  
                        __ptext20 458C                          __ptext12 4748                          __ptext21 33E0  
                        __ptext13 35AE                          __ptext30 43B0                          __ptext22 3F76  
                        __ptext14 479E                          __ptext31 31CE                          __ptext23 188A  
                        __ptext15 409C                          __ptext40 2B5A                          __ptext32 3AD8  
                        __ptext24 445A                          __ptext16 401A                          __ptext41 4296  
                        __ptext33 38CE                          __ptext25 4170                          __ptext17 46B6  
                        __ptext42 42F4                          __ptext34 4546                          __ptext26 45CC  
                        __ptext18 4106                          __ptext43 4774                          __ptext35 227E  
                        __ptext27 3E22                          __ptext19 4646                          __ptext44 47E6  
                        __ptext36 467E                          __ptext28 4836                          __ptext45 4812  
                        __ptext37 2734                          __ptext29 44AE                          __ptext46 4824  
                        __ptext38 39D4                          __ptext47 47FE                          __ptext39 3ECC  
                        __ptext48 471A                          __ptext49 4352           __end_of_UART_Data_Ready 4812  
                     _nmea_buffer 0200                         isxdigit@c 0001                        strcpy@dest 0001  
  __end_of_nmea_latlon_to_decimal 38CE  nmea_latlon_to_decimal@deg_digits 004F                          _isxdigit 4406  
                        efgtoa@fp 0032                          efgtoa@ne 0060                          efgtoa@pp 0068  
                        efgtoa@ou 0073                          isa$xinst 0000                        strtof@eexp 0038  
                      strtof@dpos 0033                        strtof@xpos 0032                          _vfprintf 458C  
                      _LCD_String 4296                          memcpy@d1 0001                          memcpy@s1 0003  
                        isdigit@c 0001                         sprintf@ap 0045                         strcpy@src 0003  
                       strncpy@cp 0007                         strtof@err 0030                         strtof@res 0028  
                     efgtoa@nmode 006A                         strtok@sep 000D                       ??_vfpfcnvrt 003D  
                        sprintf@f 0046                          sprintf@s 008F                          strcspn@c 0007  
                        strcspn@i 0009                          strcspn@s 0005                   _parse_nmea_line 2EEA  
                  _display_latlon 4106                          strncmp@l 0001                          strncmp@n 0004  
                        strncmp@r 0003                          toupper@c 0001                          strncpy@d 0001  
                        strncpy@n 0005                          strncpy@s 0003                          strtof@_u 003A  
               LCD_Set_Cursor@col 0003                 LCD_Set_Cursor@pos 0005                 LCD_Set_Cursor@row 0004  
                ?_UART_Data_Ready 0001                     ___fladd@signs 0026                      ___fladd@aexp 0027  
                    ___fladd@bexp 0028  
